"QA_ID","EXTRACTION_ID","CASE_ID","SOURCE_POINTER","SOURCE_TYPE","QUEUE_REASON","TERRA_CONFIDENCE","TERRA_ABSTAIN","ERROR_TYPES","PRIORITY","STATUS"
"QA2B-004","EXT-000031","D1_GDPR","32016R0679#article_21/p4","OPERATIVE_ARTICLE","Terra abstained because structural scope or role assignment remains unresolved.","LOW","YES","ACTOR_EXTRACTION_ERROR;ACTION_EXTRACTION_ERROR;OBJECT_EXTRACTION_ERROR;COUNTERPART_EXTRACTION_ERROR;RECIPIENT_EXTRACTION_ERROR;AMBIGUITY_FALSE_NEGATIVE","HIGH","OPEN_RESIDUAL_REVIEW"
"QA2B-005","EXT-000034","D1_GDPR","32016R0679#article_22/p3","OPERATIVE_ARTICLE","AUDIT_SUCCESS_SAMPLE","MEDIUM","NO","","MEDIUM","OPEN_RESIDUAL_REVIEW"
"QA2B-006","EXT-000016","D1_GDPR","32016R0679#article_14/p3","OPERATIVE_ARTICLE","Targeted review recommended for detected extraction or excerpt issue.","MEDIUM","NO","OBJECT_EXTRACTION_ERROR","MEDIUM","OPEN_RESIDUAL_REVIEW"
"QA2B-007","EXT-000038","D1_GDPR","32016R0679#article_26/p3","OPERATIVE_ARTICLE","AUDIT_SUCCESS_SAMPLE","MEDIUM","NO","","MEDIUM","OPEN_RESIDUAL_REVIEW"
"QA2B-008","EXT-000015","D1_GDPR","32016R0679#article_14/p2","OPERATIVE_ARTICLE","Targeted review recommended for detected extraction or excerpt issue.","MEDIUM","NO","COUNTERPART_EXTRACTION_ERROR;RECIPIENT_EXTRACTION_ERROR","MEDIUM","OPEN_RESIDUAL_REVIEW"
"QA2B-009","EXT-000054","D1_GDPR","32016R0679#article_32/p1","OPERATIVE_ARTICLE","Targeted review recommended for detected extraction or excerpt issue.","MEDIUM","NO","COUNTERPART_EXTRACTION_ERROR;RECIPIENT_EXTRACTION_ERROR","MEDIUM","OPEN_RESIDUAL_REVIEW"
"QA2B-010","EXT-000071","D1_GDPR","32016R0679#article_36/p4","OPERATIVE_ARTICLE","Targeted review recommended for detected extraction or excerpt issue.","MEDIUM","NO","ACTION_EXTRACTION_ERROR;OBJECT_EXTRACTION_ERROR","MEDIUM","OPEN_RESIDUAL_REVIEW"
"QA2B-011","EXT-000002","D1_GDPR","32016R0679#article_11/p2","OPERATIVE_ARTICLE","Targeted review recommended for detected extraction or excerpt issue.","MEDIUM","NO","OBJECT_EXTRACTION_ERROR;RECIPIENT_EXTRACTION_ERROR;SOURCE_EXCERPT_ERROR;AMBIGUITY_FALSE_NEGATIVE","MEDIUM","OPEN_RESIDUAL_REVIEW"
"QA2B-012","EXT-000035","D1_GDPR","32016R0679#article_23/p1","OPERATIVE_ARTICLE","Targeted review recommended for detected extraction or excerpt issue.","MEDIUM","NO","ACTOR_EXTRACTION_ERROR;COUNTERPART_EXTRACTION_ERROR;RECIPIENT_EXTRACTION_ERROR","MEDIUM","OPEN_RESIDUAL_REVIEW"
"QA2B-013","EXT-000050","D1_GDPR","32016R0679#article_28/p4","OPERATIVE_ARTICLE","Targeted review recommended for detected extraction or excerpt issue.","MEDIUM","NO","RECIPIENT_EXTRACTION_ERROR;SOURCE_EXCERPT_ERROR;COUNTERPART_EXTRACTION_ERROR","MEDIUM","OPEN_RESIDUAL_REVIEW"
"QA2B-014","EXT-000151","D1_GDPR","32016R0679#article_6/p2","OPERATIVE_ARTICLE","Targeted review recommended for detected extraction or excerpt issue.","MEDIUM","NO","ACTION_EXTRACTION_ERROR;OBJECT_EXTRACTION_ERROR","MEDIUM","OPEN_RESIDUAL_REVIEW"
"QA2B-015","EXT-000003","D1_GDPR","32016R0679#article_12/p1","OPERATIVE_ARTICLE","Terra abstained because structural scope or role assignment remains unresolved.","LOW","YES","COUNTERPART_EXTRACTION_ERROR;RECIPIENT_EXTRACTION_ERROR","HIGH","OPEN_RESIDUAL_REVIEW"
"QA2B-016","EXT-000021","D1_GDPR","32016R0679#article_15/p3","OPERATIVE_ARTICLE","Terra abstained because structural scope or role assignment remains unresolved.","LOW","YES","AMBIGUITY_FALSE_POSITIVE","HIGH","OPEN_RESIDUAL_REVIEW"
"QA2B-017","EXT-000023","D1_GDPR","32016R0679#article_17/p1","OPERATIVE_ARTICLE","Terra abstained because structural scope or role assignment remains unresolved.","LOW","YES","ACTOR_EXTRACTION_ERROR;OBJECT_EXTRACTION_ERROR;COUNTERPART_EXTRACTION_ERROR;RECIPIENT_EXTRACTION_ERROR","HIGH","OPEN_RESIDUAL_REVIEW"
"QA2B-018","EXT-000024","D1_GDPR","32016R0679#article_17/p1","OPERATIVE_ARTICLE","Terra abstained because structural scope or role assignment remains unresolved.","LOW","YES","ACTOR_EXTRACTION_ERROR;OBJECT_EXTRACTION_ERROR;COUNTERPART_EXTRACTION_ERROR;RECIPIENT_EXTRACTION_ERROR","HIGH","OPEN_RESIDUAL_REVIEW"
"QA2B-019","EXT-000026","D1_GDPR","32016R0679#article_20/p1","OPERATIVE_ARTICLE","Terra abstained because structural scope or role assignment remains unresolved.","LOW","YES","ACTOR_EXTRACTION_ERROR;ACTION_EXTRACTION_ERROR;COUNTERPART_EXTRACTION_ERROR;RECIPIENT_EXTRACTION_ERROR","HIGH","OPEN_RESIDUAL_REVIEW"
"QA2B-020","EXT-000234","D1_GDPR","32016R0679#article_82/p2","OPERATIVE_ARTICLE","Terra abstained because structural scope or role assignment remains unresolved.","LOW","YES","OBJECT_EXTRACTION_ERROR;OVER_EXTRACTION","HIGH","OPEN_RESIDUAL_REVIEW"
"QA2B-021","EXT-000269","D1_GDPR","32016R0679#recital_102","RECITAL","AUDIT_SUCCESS_SAMPLE","MEDIUM","NO","","MEDIUM","OPEN_RESIDUAL_REVIEW"
"QA2B-022","EXT-000287","D1_GDPR","32016R0679#recital_114","RECITAL","Targeted review recommended for detected extraction or excerpt issue.","MEDIUM","NO","SOURCE_EXCERPT_ERROR","MEDIUM","OPEN_RESIDUAL_REVIEW"
"QA2B-023","EXT-000290","D1_GDPR","32016R0679#recital_117","RECITAL","Targeted review recommended for detected extraction or excerpt issue.","MEDIUM","NO","COUNTERPART_EXTRACTION_ERROR;RECIPIENT_EXTRACTION_ERROR","MEDIUM","OPEN_RESIDUAL_REVIEW"
"QA2B-024","EXT-000265","D1_GDPR","32016R0679#recital_10","RECITAL","Terra abstained because structural scope or role assignment remains unresolved.","LOW","YES","COUNTERPART_EXTRACTION_ERROR;RECIPIENT_EXTRACTION_ERROR","HIGH","OPEN_RESIDUAL_REVIEW"
"QA2B-025","EXT-000266","D1_GDPR","32016R0679#recital_10","RECITAL","Terra abstained because structural scope or role assignment remains unresolved.","LOW","YES","ACTOR_EXTRACTION_ERROR;ACTION_EXTRACTION_ERROR;OBJECT_EXTRACTION_ERROR;COUNTERPART_EXTRACTION_ERROR;RECIPIENT_EXTRACTION_ERROR","HIGH","OPEN_RESIDUAL_REVIEW"
"QA2B-026","EXT-000272","D1_GDPR","32016R0679#recital_103","RECITAL","Terra abstained because structural scope or role assignment remains unresolved.","LOW","YES","ACTOR_EXTRACTION_ERROR;OBJECT_EXTRACTION_ERROR;COUNTERPART_EXTRACTION_ERROR;RECIPIENT_EXTRACTION_ERROR","HIGH","OPEN_RESIDUAL_REVIEW"
"QA2B-027","EXT-000275","D1_GDPR","32016R0679#recital_106","RECITAL","Terra abstained because structural scope or role assignment remains unresolved.","LOW","YES","RECIPIENT_EXTRACTION_ERROR;COUNTERPART_EXTRACTION_ERROR","HIGH","OPEN_RESIDUAL_REVIEW"
"QA2B-028","EXT-000279","D1_GDPR","32016R0679#recital_107","RECITAL","Terra abstained because structural scope or role assignment remains unresolved.","LOW","YES","","HIGH","OPEN_RESIDUAL_REVIEW"
"QA2B-029","EXT-000304","D1_GDPR","32016R0679#recital_125","RECITAL","Terra abstained because structural scope or role assignment remains unresolved.","LOW","YES","","HIGH","OPEN_RESIDUAL_REVIEW"
"QA2B-030","EXT-000286","D1_GDPR","32016R0679#recital_113","RECITAL","Terra abstained because structural scope or role assignment remains unresolved.","LOW","YES","OBJECT_EXTRACTION_ERROR;COUNTERPART_EXTRACTION_ERROR;RECIPIENT_EXTRACTION_ERROR;SOURCE_EXCERPT_ERROR","HIGH","OPEN_RESIDUAL_REVIEW"
"QA2B-031","EXT-000486","D2_DSA","32022R2065#article_10/p2","OPERATIVE_ARTICLE","Targeted review recommended for detected extraction or excerpt issue.","MEDIUM","NO","OBJECT_EXTRACTION_ERROR;COUNTERPART_EXTRACTION_ERROR;RECIPIENT_EXTRACTION_ERROR","MEDIUM","OPEN_RESIDUAL_REVIEW"
"QA2B-032","EXT-000504","D2_DSA","32022R2065#article_16/p2","OPERATIVE_ARTICLE","AUDIT_SUCCESS_SAMPLE","MEDIUM","NO","","MEDIUM","OPEN_RESIDUAL_REVIEW"
"QA2B-033","EXT-000505","D2_DSA","32022R2065#article_16/p5","OPERATIVE_ARTICLE","Targeted review recommended for detected extraction or excerpt issue.","MEDIUM","NO","ACTION_EXTRACTION_ERROR","MEDIUM","OPEN_RESIDUAL_REVIEW"
"QA2B-034","EXT-000554","D2_DSA","32022R2065#article_32/p1","OPERATIVE_ARTICLE","Targeted review recommended for detected extraction or excerpt issue.","MEDIUM","NO","RECIPIENT_EXTRACTION_ERROR;SOURCE_EXCERPT_ERROR","MEDIUM","OPEN_RESIDUAL_REVIEW"
"QA2B-035","EXT-000590","D2_DSA","32022R2065#article_45/p1","OPERATIVE_ARTICLE","Targeted review recommended for detected extraction or excerpt issue.","MEDIUM","NO","COUNTERPART_EXTRACTION_ERROR;RECIPIENT_EXTRACTION_ERROR","MEDIUM","OPEN_RESIDUAL_REVIEW"
"QA2B-036","EXT-000500","D2_DSA","32022R2065#article_14/p4","OPERATIVE_ARTICLE","Targeted review recommended for detected extraction or excerpt issue.","MEDIUM","NO","COUNTERPART_EXTRACTION_ERROR;RECIPIENT_EXTRACTION_ERROR","MEDIUM","OPEN_RESIDUAL_REVIEW"
"QA2B-037","EXT-000545","D2_DSA","32022R2065#article_27/p1","OPERATIVE_ARTICLE","AUDIT_SUCCESS_SAMPLE","MEDIUM","NO","","MEDIUM","OPEN_RESIDUAL_REVIEW"
"QA2B-038","EXT-000515","D2_DSA","32022R2065#article_20/p6","OPERATIVE_ARTICLE","AUDIT_SUCCESS_SAMPLE","MEDIUM","NO","","MEDIUM","OPEN_RESIDUAL_REVIEW"
"QA2B-039","EXT-000612","D2_DSA","32022R2065#article_5/p1","OPERATIVE_ARTICLE","Targeted review recommended for detected extraction or excerpt issue.","MEDIUM","NO","ACTION_EXTRACTION_ERROR;SOURCE_EXCERPT_ERROR","MEDIUM","OPEN_RESIDUAL_REVIEW"
"QA2B-040","EXT-000626","D2_DSA","32022R2065#article_56/p6","OPERATIVE_ARTICLE","Terra abstained because structural scope or role assignment remains unresolved.","LOW","YES","ACTOR_EXTRACTION_ERROR;OBJECT_EXTRACTION_ERROR;SOURCE_EXCERPT_ERROR","HIGH","OPEN_RESIDUAL_REVIEW"
"QA2B-041","EXT-000489","D2_DSA","32022R2065#article_11/p1","OPERATIVE_ARTICLE","Targeted review recommended for detected extraction or excerpt issue.","MEDIUM","NO","","MEDIUM","OPEN_RESIDUAL_REVIEW"
"QA2B-042","EXT-000511","D2_DSA","32022R2065#article_20/p1","OPERATIVE_ARTICLE","Targeted review recommended for detected extraction or excerpt issue.","MEDIUM","NO","COUNTERPART_EXTRACTION_ERROR;RECIPIENT_EXTRACTION_ERROR","MEDIUM","OPEN_RESIDUAL_REVIEW"
"QA2B-043","EXT-000528","D2_DSA","32022R2065#article_22/p1","OPERATIVE_ARTICLE","Targeted review recommended for detected extraction or excerpt issue.","MEDIUM","NO","","MEDIUM","OPEN_RESIDUAL_REVIEW"
"QA2B-044","EXT-000566","D2_DSA","32022R2065#article_36/p1(a)(b)(c)","OPERATIVE_ARTICLE","Targeted review recommended for detected extraction or excerpt issue.","MEDIUM","NO","COUNTERPART_EXTRACTION_ERROR","MEDIUM","OPEN_RESIDUAL_REVIEW"
"QA2B-045","EXT-000487","D2_DSA","32022R2065#article_10/p5","OPERATIVE_ARTICLE","Terra abstained because structural scope or role assignment remains unresolved.","LOW","YES","COUNTERPART_EXTRACTION_ERROR;RECIPIENT_EXTRACTION_ERROR","HIGH","OPEN_RESIDUAL_REVIEW"
"QA2B-046","EXT-000488","D2_DSA","32022R2065#article_10/p5","OPERATIVE_ARTICLE","Terra abstained because structural scope or role assignment remains unresolved.","LOW","YES","ACTOR_EXTRACTION_ERROR;COUNTERPART_EXTRACTION_ERROR;RECIPIENT_EXTRACTION_ERROR","HIGH","OPEN_RESIDUAL_REVIEW"
"QA2B-047","EXT-000490","D2_DSA","32022R2065#article_11/p2","OPERATIVE_ARTICLE","Terra abstained because structural scope or role assignment remains unresolved.","LOW","YES","","HIGH","OPEN_RESIDUAL_REVIEW"
"QA2B-048","EXT-000499","D2_DSA","32022R2065#article_14/p3","OPERATIVE_ARTICLE","Terra abstained because structural scope or role assignment remains unresolved.","LOW","YES","SOURCE_EXCERPT_ERROR","HIGH","OPEN_RESIDUAL_REVIEW"
"QA2B-049","EXT-000502","D2_DSA","32022R2065#article_15/p3","OPERATIVE_ARTICLE","Terra abstained because structural scope or role assignment remains unresolved.","LOW","YES","COUNTERPART_EXTRACTION_ERROR;RECIPIENT_EXTRACTION_ERROR","HIGH","OPEN_RESIDUAL_REVIEW"
"QA2B-050","EXT-000536","D2_DSA","32022R2065#article_24/p3","OPERATIVE_ARTICLE","Terra abstained because structural scope or role assignment remains unresolved.","LOW","YES","COUNTERPART_EXTRACTION_ERROR","HIGH","OPEN_RESIDUAL_REVIEW"
"QA2B-051","EXT-000750","D2_DSA","32022R2065#recital_115","RECITAL","Targeted review recommended for detected extraction or excerpt issue.","MEDIUM","NO","OBJECT_EXTRACTION_ERROR","MEDIUM","OPEN_RESIDUAL_REVIEW"
"QA2B-052","EXT-000776","D2_DSA","32022R2065#recital_135","RECITAL","Targeted review recommended for detected extraction or excerpt issue.","MEDIUM","NO","OBJECT_EXTRACTION_ERROR;COUNTERPART_EXTRACTION_ERROR;RECIPIENT_EXTRACTION_ERROR","MEDIUM","OPEN_RESIDUAL_REVIEW"
"QA2B-053","EXT-000825","D2_DSA","32022R2065#recital_33","RECITAL","Targeted review recommended for detected extraction or excerpt issue.","MEDIUM","NO","COUNTERPART_EXTRACTION_ERROR;RECIPIENT_EXTRACTION_ERROR","MEDIUM","OPEN_RESIDUAL_REVIEW"
"QA2B-054","EXT-000728","D2_DSA","32022R2065#recital_101","RECITAL","Terra abstained because structural scope or role assignment remains unresolved.","LOW","YES","ACTOR_EXTRACTION_ERROR;ACTION_EXTRACTION_ERROR;OBJECT_EXTRACTION_ERROR;COUNTERPART_EXTRACTION_ERROR;RECIPIENT_EXTRACTION_ERROR","HIGH","OPEN_RESIDUAL_REVIEW"
"QA2B-055","EXT-000729","D2_DSA","32022R2065#recital_101","RECITAL","Terra abstained because structural scope or role assignment remains unresolved.","LOW","YES","COUNTERPART_EXTRACTION_ERROR;RECIPIENT_EXTRACTION_ERROR","HIGH","OPEN_RESIDUAL_REVIEW"
"QA2B-056","EXT-000736","D2_DSA","32022R2065#recital_107","RECITAL","Terra abstained because structural scope or role assignment remains unresolved.","LOW","YES","COUNTERPART_EXTRACTION_ERROR;RECIPIENT_EXTRACTION_ERROR;SOURCE_EXCERPT_ERROR","HIGH","OPEN_RESIDUAL_REVIEW"
"QA2B-057","EXT-000755","D2_DSA","32022R2065#recital_119","RECITAL","Terra abstained because structural scope or role assignment remains unresolved.","LOW","YES","","HIGH","OPEN_RESIDUAL_REVIEW"
"QA2B-058","EXT-000766","D2_DSA","32022R2065#recital_13","RECITAL","Terra abstained because structural scope or role assignment remains unresolved.","LOW","YES","COUNTERPART_EXTRACTION_ERROR;RECIPIENT_EXTRACTION_ERROR;SOURCE_EXCERPT_ERROR","HIGH","OPEN_RESIDUAL_REVIEW"
"QA2B-059","EXT-000773","D2_DSA","32022R2065#recital_133","RECITAL","Terra abstained because structural scope or role assignment remains unresolved.","LOW","YES","","HIGH","OPEN_RESIDUAL_REVIEW"
"QA2B-060","EXT-000734","D2_DSA","32022R2065#recital_103","RECITAL","Terra abstained because structural scope or role assignment remains unresolved.","LOW","YES","COUNTERPART_EXTRACTION_ERROR;RECIPIENT_EXTRACTION_ERROR","HIGH","OPEN_RESIDUAL_REVIEW"
"QA2B-061","EXT-000927","D3_AI_ACT","32024R1689#article_101/p1","OPERATIVE_ARTICLE","AUDIT_SUCCESS_SAMPLE","MEDIUM","NO","","MEDIUM","OPEN_RESIDUAL_REVIEW"
"QA2B-062","EXT-000929","D3_AI_ACT","32024R1689#article_101/p2","OPERATIVE_ARTICLE","Targeted review recommended for detected extraction or excerpt issue.","MEDIUM","NO","COUNTERPART_EXTRACTION_ERROR","MEDIUM","OPEN_RESIDUAL_REVIEW"
"QA2B-063","EXT-000938","D3_AI_ACT","32024R1689#article_112/p2","OPERATIVE_ARTICLE","Targeted review recommended for detected extraction or excerpt issue.","MEDIUM","NO","COUNTERPART_EXTRACTION_ERROR","MEDIUM","OPEN_RESIDUAL_REVIEW"
"QA2B-064","EXT-000944","D3_AI_ACT","32024R1689#article_112/p8","OPERATIVE_ARTICLE","Terra abstained because structural scope or role assignment remains unresolved.","LOW","YES","ACTOR_EXTRACTION_ERROR;ACTION_EXTRACTION_ERROR;OBJECT_EXTRACTION_ERROR;SOURCE_EXCERPT_ERROR","HIGH","OPEN_RESIDUAL_REVIEW"
"QA2B-065","EXT-000970","D3_AI_ACT","32024R1689#article_28/p3","OPERATIVE_ARTICLE","AUDIT_SUCCESS_SAMPLE","MEDIUM","NO","","MEDIUM","OPEN_RESIDUAL_REVIEW"
"QA2B-066","EXT-000999","D3_AI_ACT","32024R1689#article_31/p8","OPERATIVE_ARTICLE","AUDIT_SUCCESS_SAMPLE","MEDIUM","NO","","MEDIUM","OPEN_RESIDUAL_REVIEW"
"QA2B-067","EXT-000952","D3_AI_ACT","32024R1689#article_22/p2","OPERATIVE_ARTICLE","Targeted review recommended for detected extraction or excerpt issue.","MEDIUM","NO","COUNTERPART_EXTRACTION_ERROR;RECIPIENT_EXTRACTION_ERROR","MEDIUM","OPEN_RESIDUAL_REVIEW"
"QA2B-068","EXT-000965","D3_AI_ACT","32024R1689#article_26/p4","OPERATIVE_ARTICLE","Targeted review recommended for detected extraction or excerpt issue.","MEDIUM","NO","COUNTERPART_EXTRACTION_ERROR;RECIPIENT_EXTRACTION_ERROR","MEDIUM","OPEN_RESIDUAL_REVIEW"
"QA2B-069","EXT-000943","D3_AI_ACT","32024R1689#article_112/p7","OPERATIVE_ARTICLE","Targeted review recommended for detected extraction or excerpt issue.","MEDIUM","NO","","MEDIUM","OPEN_RESIDUAL_REVIEW"
"QA2B-070","EXT-000950","D3_AI_ACT","32024R1689#article_21/p2","OPERATIVE_ARTICLE","Targeted review recommended for detected extraction or excerpt issue.","MEDIUM","NO","COUNTERPART_EXTRACTION_ERROR","MEDIUM","OPEN_RESIDUAL_REVIEW"
"QA2B-071","EXT-000964","D3_AI_ACT","32024R1689#article_26/p11","OPERATIVE_ARTICLE","Terra abstained because structural scope or role assignment remains unresolved.","LOW","YES","ACTOR_EXTRACTION_ERROR;OBJECT_EXTRACTION_ERROR;COUNTERPART_EXTRACTION_ERROR;RECIPIENT_EXTRACTION_ERROR","HIGH","OPEN_RESIDUAL_REVIEW"
"QA2B-072","EXT-001017","D3_AI_ACT","32024R1689#article_36/p8(a)(b)","OPERATIVE_ARTICLE","Terra abstained because structural scope or role assignment remains unresolved.","LOW","YES","ACTOR_EXTRACTION_ERROR;ACTION_EXTRACTION_ERROR;OBJECT_EXTRACTION_ERROR;COUNTERPART_EXTRACTION_ERROR;RECIPIENT_EXTRACTION_ERROR;SOURCE_EXCERPT_ERROR","HIGH","OPEN_RESIDUAL_REVIEW"
"QA2B-073","EXT-000926","D3_AI_ACT","32024R1689#article_10/p5","OPERATIVE_ARTICLE","Terra abstained because structural scope or role assignment remains unresolved.","LOW","YES","OBJECT_EXTRACTION_ERROR;COUNTERPART_EXTRACTION_ERROR;RECIPIENT_EXTRACTION_ERROR","HIGH","OPEN_RESIDUAL_REVIEW"
"QA2B-074","EXT-000928","D3_AI_ACT","32024R1689#article_101/p1(a)(b)(c)(d)","OPERATIVE_ARTICLE","Terra abstained because structural scope or role assignment remains unresolved.","LOW","YES","ACTION_EXTRACTION_ERROR;COUNTERPART_EXTRACTION_ERROR;RECIPIENT_EXTRACTION_ERROR","HIGH","OPEN_RESIDUAL_REVIEW"
"QA2B-075","EXT-000930","D3_AI_ACT","32024R1689#article_101/p5","OPERATIVE_ARTICLE","Terra abstained because structural scope or role assignment remains unresolved.","LOW","YES","AMBIGUITY_FALSE_POSITIVE","HIGH","OPEN_RESIDUAL_REVIEW"
"QA2B-076","EXT-000931","D3_AI_ACT","32024R1689#article_101/p6","OPERATIVE_ARTICLE","Terra abstained because structural scope or role assignment remains unresolved.","LOW","YES","COUNTERPART_EXTRACTION_ERROR;RECIPIENT_EXTRACTION_ERROR","HIGH","OPEN_RESIDUAL_REVIEW"
"QA2B-077","EXT-000958","D3_AI_ACT","32024R1689#article_25/p1","OPERATIVE_ARTICLE","Terra abstained because structural scope or role assignment remains unresolved.","LOW","YES","ACTOR_EXTRACTION_ERROR;COUNTERPART_EXTRACTION_ERROR;RECIPIENT_EXTRACTION_ERROR","HIGH","OPEN_RESIDUAL_REVIEW"
"QA2B-078","EXT-001398","D3_AI_ACT","32024R1689#recital_87","RECITAL","Targeted review recommended for detected extraction or excerpt issue.","MEDIUM","NO","COUNTERPART_EXTRACTION_ERROR;RECIPIENT_EXTRACTION_ERROR;SOURCE_EXCERPT_ERROR","MEDIUM","OPEN_RESIDUAL_REVIEW"
"QA2B-079","EXT-001400","D3_AI_ACT","32024R1689#recital_90","RECITAL","Targeted review recommended for detected extraction or excerpt issue.","MEDIUM","NO","","MEDIUM","OPEN_RESIDUAL_REVIEW"
"QA2B-080","EXT-001286","D3_AI_ACT","32024R1689#recital_127","RECITAL","Targeted review recommended for detected extraction or excerpt issue.","MEDIUM","NO","SOURCE_EXCERPT_ERROR","MEDIUM","OPEN_RESIDUAL_REVIEW"
"QA2B-081","EXT-001295","D3_AI_ACT","32024R1689#recital_135","RECITAL","Targeted review recommended for detected extraction or excerpt issue.","MEDIUM","NO","COUNTERPART_EXTRACTION_ERROR;RECIPIENT_EXTRACTION_ERROR","MEDIUM","OPEN_RESIDUAL_REVIEW"
"QA2B-082","EXT-001262","D3_AI_ACT","32024R1689#recital_101","RECITAL","Terra abstained because structural scope or role assignment remains unresolved.","LOW","YES","COUNTERPART_EXTRACTION_ERROR;RECIPIENT_EXTRACTION_ERROR;SOURCE_EXCERPT_ERROR","HIGH","OPEN_RESIDUAL_REVIEW"
"QA2B-083","EXT-001263","D3_AI_ACT","32024R1689#recital_106","RECITAL","Terra abstained because structural scope or role assignment remains unresolved.","LOW","YES","ACTOR_EXTRACTION_ERROR;ACTION_EXTRACTION_ERROR;OBJECT_EXTRACTION_ERROR;COUNTERPART_EXTRACTION_ERROR;RECIPIENT_EXTRACTION_ERROR","HIGH","OPEN_RESIDUAL_REVIEW"
"QA2B-084","EXT-001267","D3_AI_ACT","32024R1689#recital_109","RECITAL","Terra abstained because structural scope or role assignment remains unresolved.","LOW","YES","ACTOR_EXTRACTION_ERROR;ACTION_EXTRACTION_ERROR;OBJECT_EXTRACTION_ERROR;COUNTERPART_EXTRACTION_ERROR;RECIPIENT_EXTRACTION_ERROR","HIGH","OPEN_RESIDUAL_REVIEW"
"QA2B-085","EXT-001269","D3_AI_ACT","32024R1689#recital_111","RECITAL","Terra abstained because structural scope or role assignment remains unresolved.","LOW","YES","ACTOR_EXTRACTION_ERROR;ACTION_EXTRACTION_ERROR;OBJECT_EXTRACTION_ERROR;COUNTERPART_EXTRACTION_ERROR;RECIPIENT_EXTRACTION_ERROR","HIGH","OPEN_RESIDUAL_REVIEW"
"QA2B-086","EXT-001297","D3_AI_ACT","32024R1689#recital_138","RECITAL","Terra abstained because structural scope or role assignment remains unresolved.","LOW","YES","ACTOR_EXTRACTION_ERROR;ACTION_EXTRACTION_ERROR;OBJECT_EXTRACTION_ERROR","HIGH","OPEN_RESIDUAL_REVIEW"
"QA2B-087","EXT-001298","D3_AI_ACT","32024R1689#recital_138","RECITAL","Terra abstained because structural scope or role assignment remains unresolved.","LOW","YES","AMBIGUITY_FALSE_POSITIVE","HIGH","OPEN_RESIDUAL_REVIEW"
"QA2B-088","EXT-000910","D3_AI_ACT","32024R1689#annex_VII","ANNEX","Terra abstained because structural scope or role assignment remains unresolved.","LOW","YES","ACTOR_EXTRACTION_ERROR;COUNTERPART_EXTRACTION_ERROR;RECIPIENT_EXTRACTION_ERROR;SOURCE_EXCERPT_ERROR","HIGH","OPEN_RESIDUAL_REVIEW"
"QA2B-089","EXT-000924","D3_AI_ACT","32024R1689#annex_VII","ANNEX","Terra abstained because structural scope or role assignment remains unresolved.","LOW","YES","ACTOR_EXTRACTION_ERROR;ACTION_EXTRACTION_ERROR;OBJECT_EXTRACTION_ERROR;COUNTERPART_EXTRACTION_ERROR;RECIPIENT_EXTRACTION_ERROR;SOURCE_EXCERPT_ERROR","HIGH","OPEN_RESIDUAL_REVIEW"
"QA2B-090","EXT-000912","D3_AI_ACT","32024R1689#annex_VII","ANNEX","Terra abstained because structural scope or role assignment remains unresolved.","LOW","YES","COUNTERPART_EXTRACTION_ERROR;RECIPIENT_EXTRACTION_ERROR;SOURCE_EXCERPT_ERROR","HIGH","OPEN_RESIDUAL_REVIEW"
