"CASE_ID","ARTICLE_NUMBER","ARTICLE_TITLE","CHAPTER","SECTION","START_POSITION","END_POSITION","SOURCE_REFERENCE"
"D1_GDPR","1","Subject-matter and objectives","cpt_I","","157218","157813","D1_GDPR_32016R0679_official.xhtml#art_1"
"D1_GDPR","2","Material scope","cpt_I","","157814","159243","D1_GDPR_32016R0679_official.xhtml#art_2"
"D1_GDPR","3","Territorial scope","cpt_I","","159244","160162","D1_GDPR_32016R0679_official.xhtml#art_3"
"D1_GDPR","4","Definitions","cpt_I","","160163","168895","D1_GDPR_32016R0679_official.xhtml#art_4"
"D1_GDPR","5","Principles relating to processing of personal data","cpt_II","","168934","170988","D1_GDPR_32016R0679_official.xhtml#art_5"
"D1_GDPR","6","Lawfulness of processing","cpt_II","","170989","175154","D1_GDPR_32016R0679_official.xhtml#art_6"
"D1_GDPR","7","Conditions for consent","cpt_II","","175155","176397","D1_GDPR_32016R0679_official.xhtml#art_7"
"D1_GDPR","8","Conditions applicable to child's consent in relation to information society services","cpt_II","","176398","177435","D1_GDPR_32016R0679_official.xhtml#art_8"
"D1_GDPR","9","Processing of special categories of personal data","cpt_II","","177436","181916","D1_GDPR_32016R0679_official.xhtml#art_9"
"D1_GDPR","10","Processing of personal data relating to criminal convictions and offences","cpt_II","","181917","182469","D1_GDPR_32016R0679_official.xhtml#art_10"
"D1_GDPR","11","Processing which does not require identification","cpt_II","","182470","183334","D1_GDPR_32016R0679_official.xhtml#art_11"
"D1_GDPR","12","Transparent information, communication and modalities for the exercise of the rights of the data subject","cpt_III","cpt_III.sct_1","183444","187081","D1_GDPR_32016R0679_official.xhtml#art_12"
"D1_GDPR","13","Information to be provided where personal data are collected from the data subject","cpt_III","cpt_III.sct_2","187147","190416","D1_GDPR_32016R0679_official.xhtml#art_13"
"D1_GDPR","14","Information to be provided where personal data have not been obtained from the data subject","cpt_III","cpt_III.sct_2","190417","195121","D1_GDPR_32016R0679_official.xhtml#art_14"
"D1_GDPR","15","Right of access by the data subject","cpt_III","cpt_III.sct_2","195122","197284","D1_GDPR_32016R0679_official.xhtml#art_15"
"D1_GDPR","16","Right to rectification","cpt_III","cpt_III.sct_3","197336","197736","D1_GDPR_32016R0679_official.xhtml#art_16"
"D1_GDPR","17","Right to erasure (‘right to be forgotten’)","cpt_III","cpt_III.sct_3","197737","200377","D1_GDPR_32016R0679_official.xhtml#art_17"
"D1_GDPR","18","Right to restriction of processing","cpt_III","cpt_III.sct_3","200378","201803","D1_GDPR_32016R0679_official.xhtml#art_18"
"D1_GDPR","19","Notification obligation regarding rectification or erasure of personal data or restriction of processing","cpt_III","cpt_III.sct_3","201804","202349","D1_GDPR_32016R0679_official.xhtml#art_19"
"D1_GDPR","20","Right to data portability","cpt_III","cpt_III.sct_3","202350","203607","D1_GDPR_32016R0679_official.xhtml#art_20"
"D1_GDPR","21","Right to object","cpt_III","cpt_III.sct_4","203690","205591","D1_GDPR_32016R0679_official.xhtml#art_21"
"D1_GDPR","22","Automated individual decision-making, including profiling","cpt_III","cpt_III.sct_4","205592","206967","D1_GDPR_32016R0679_official.xhtml#art_22"
"D1_GDPR","23","Restrictions","cpt_III","cpt_III.sct_5","207006","209374","D1_GDPR_32016R0679_official.xhtml#art_23"
"D1_GDPR","24","Responsibility of the controller","cpt_IV","cpt_IV.sct_1","209472","210394","D1_GDPR_32016R0679_official.xhtml#art_24"
"D1_GDPR","25","Data protection by design and by default","cpt_IV","cpt_IV.sct_1","210395","211927","D1_GDPR_32016R0679_official.xhtml#art_25"
"D1_GDPR","26","Joint controllers","cpt_IV","cpt_IV.sct_1","211928","213094","D1_GDPR_32016R0679_official.xhtml#art_26"
"D1_GDPR","27","Representatives of controllers or processors not established in the Union","cpt_IV","cpt_IV.sct_1","213095","214575","D1_GDPR_32016R0679_official.xhtml#art_27"
"D1_GDPR","28","Processor","cpt_IV","cpt_IV.sct_1","214576","220130","D1_GDPR_32016R0679_official.xhtml#art_28"
"D1_GDPR","29","Processing under the authority of the controller or processor","cpt_IV","cpt_IV.sct_1","220131","220476","D1_GDPR_32016R0679_official.xhtml#art_29"
"D1_GDPR","30","Records of processing activities","cpt_IV","cpt_IV.sct_1","220477","223445","D1_GDPR_32016R0679_official.xhtml#art_30"
"D1_GDPR","31","Cooperation with the supervisory authority","cpt_IV","cpt_IV.sct_1","223446","223739","D1_GDPR_32016R0679_official.xhtml#art_31"
"D1_GDPR","32","Security of processing","cpt_IV","cpt_IV.sct_2","223740","225602","D1_GDPR_32016R0679_official.xhtml#art_32"
"D1_GDPR","33","Notification of a personal data breach to the supervisory authority","cpt_IV","cpt_IV.sct_2","225603","227433","D1_GDPR_32016R0679_official.xhtml#art_33"
"D1_GDPR","34","Communication of a personal data breach to the data subject","cpt_IV","cpt_IV.sct_2","227434","229253","D1_GDPR_32016R0679_official.xhtml#art_34"
"D1_GDPR","35","Data protection impact assessment","cpt_IV","cpt_IV.sct_3","229254","233726","D1_GDPR_32016R0679_official.xhtml#art_35"
"D1_GDPR","36","Prior consultation","cpt_IV","cpt_IV.sct_3","233727","236370","D1_GDPR_32016R0679_official.xhtml#art_36"
"D1_GDPR","37","Designation of the data protection officer","cpt_IV","cpt_IV.sct_4","236371","238431","D1_GDPR_32016R0679_official.xhtml#art_37"
"D1_GDPR","38","Position of the data protection officer","cpt_IV","cpt_IV.sct_4","238432","239890","D1_GDPR_32016R0679_official.xhtml#art_38"
"D1_GDPR","39","Tasks of the data protection officer","cpt_IV","cpt_IV.sct_4","239891","241294","D1_GDPR_32016R0679_official.xhtml#art_39"
"D1_GDPR","40","Codes of conduct","cpt_IV","cpt_IV.sct_5","241295","246406","D1_GDPR_32016R0679_official.xhtml#art_40"
"D1_GDPR","41","Monitoring of approved codes of conduct","cpt_IV","cpt_IV.sct_5","246407","248840","D1_GDPR_32016R0679_official.xhtml#art_41"
"D1_GDPR","42","Certification","cpt_IV","cpt_IV.sct_5","248841","251818","D1_GDPR_32016R0679_official.xhtml#art_42"
"D1_GDPR","43","Certification bodies","cpt_IV","cpt_IV.sct_5","251819","256403","D1_GDPR_32016R0679_official.xhtml#art_43"
"D1_GDPR","44","General principle for transfers","cpt_V","","256506","257233","D1_GDPR_32016R0679_official.xhtml#art_44"
"D1_GDPR","45","Transfers on the basis of an adequacy decision","cpt_V","","257234","262337","D1_GDPR_32016R0679_official.xhtml#art_45"
"D1_GDPR","46","Transfers subject to appropriate safeguards","cpt_V","","262338","265004","D1_GDPR_32016R0679_official.xhtml#art_46"
"D1_GDPR","47","Binding corporate rules","cpt_V","","265005","269941","D1_GDPR_32016R0679_official.xhtml#art_47"
"D1_GDPR","48","Transfers or disclosures not authorised by Union law","cpt_V","","269942","270486","D1_GDPR_32016R0679_official.xhtml#art_48"
"D1_GDPR","49","Derogations for specific situations","cpt_V","","270487","274604","D1_GDPR_32016R0679_official.xhtml#art_49"
"D1_GDPR","50","International cooperation for the protection of personal data","cpt_V","","274605","275650","D1_GDPR_32016R0679_official.xhtml#art_50"
"D1_GDPR","51","Supervisory authority","cpt_VI","cpt_VI.sct_1","275758","276948","D1_GDPR_32016R0679_official.xhtml#art_51"
"D1_GDPR","52","Independence","cpt_VI","cpt_VI.sct_1","276949","278460","D1_GDPR_32016R0679_official.xhtml#art_52"
"D1_GDPR","53","General conditions for the members of the supervisory authority","cpt_VI","cpt_VI.sct_1","278461","279372","D1_GDPR_32016R0679_official.xhtml#art_53"
"D1_GDPR","54","Rules on the establishment of the supervisory authority","cpt_VI","cpt_VI.sct_1","279373","281126","D1_GDPR_32016R0679_official.xhtml#art_54"
"D1_GDPR","55","Competence","cpt_VI","cpt_VI.sct_2","281127","281764","D1_GDPR_32016R0679_official.xhtml#art_55"
"D1_GDPR","56","Competence of the lead supervisory authority","cpt_VI","cpt_VI.sct_2","281765","283758","D1_GDPR_32016R0679_official.xhtml#art_56"
"D1_GDPR","57","Tasks","cpt_VI","cpt_VI.sct_2","283759","288088","D1_GDPR_32016R0679_official.xhtml#art_57"
"D1_GDPR","58","Powers","cpt_VI","cpt_VI.sct_2","288089","292727","D1_GDPR_32016R0679_official.xhtml#art_58"
"D1_GDPR","59","Activity reports","cpt_VI","cpt_VI.sct_2","292728","293185","D1_GDPR_32016R0679_official.xhtml#art_59"
"D1_GDPR","60","Cooperation between the lead supervisory authority and the other supervisory authorities concerned","cpt_VII","cpt_VII.sct_1","293280","297941","D1_GDPR_32016R0679_official.xhtml#art_60"
"D1_GDPR","61","Mutual assistance","cpt_VII","cpt_VII.sct_1","297942","301129","D1_GDPR_32016R0679_official.xhtml#art_61"
"D1_GDPR","62","Joint operations of supervisory authorities","cpt_VII","cpt_VII.sct_1","301130","304485","D1_GDPR_32016R0679_official.xhtml#art_62"
"D1_GDPR","63","Consistency mechanism","cpt_VII","cpt_VII.sct_2","304486","304793","D1_GDPR_32016R0679_official.xhtml#art_63"
"D1_GDPR","64","Opinion of the Board","cpt_VII","cpt_VII.sct_2","304794","308526","D1_GDPR_32016R0679_official.xhtml#art_64"
"D1_GDPR","65","Dispute resolution by the Board","cpt_VII","cpt_VII.sct_2","308527","312036","D1_GDPR_32016R0679_official.xhtml#art_65"
"D1_GDPR","66","Urgency procedure","cpt_VII","cpt_VII.sct_2","312037","313686","D1_GDPR_32016R0679_official.xhtml#art_66"
"D1_GDPR","67","Exchange of information","cpt_VII","cpt_VII.sct_2","313687","314209","D1_GDPR_32016R0679_official.xhtml#art_67"
"D1_GDPR","68","European Data Protection Board","cpt_VII","cpt_VII.sct_3","314210","315416","D1_GDPR_32016R0679_official.xhtml#art_68"
"D1_GDPR","69","Independence","cpt_VII","cpt_VII.sct_3","315417","315822","D1_GDPR_32016R0679_official.xhtml#art_69"
"D1_GDPR","70","Tasks of the Board","cpt_VII","cpt_VII.sct_3","315823","322237","D1_GDPR_32016R0679_official.xhtml#art_70"
"D1_GDPR","71","Reports","cpt_VII","cpt_VII.sct_3","322238","322823","D1_GDPR_32016R0679_official.xhtml#art_71"
"D1_GDPR","72","Procedure","cpt_VII","cpt_VII.sct_3","322824","323122","D1_GDPR_32016R0679_official.xhtml#art_72"
"D1_GDPR","73","Chair","cpt_VII","cpt_VII.sct_3","323123","323360","D1_GDPR_32016R0679_official.xhtml#art_73"
"D1_GDPR","74","Tasks of the Chair","cpt_VII","cpt_VII.sct_3","323361","323934","D1_GDPR_32016R0679_official.xhtml#art_74"
"D1_GDPR","75","Secretariat","cpt_VII","cpt_VII.sct_3","323935","325530","D1_GDPR_32016R0679_official.xhtml#art_75"
"D1_GDPR","76","Confidentiality","cpt_VII","cpt_VII.sct_3","325531","325913","D1_GDPR_32016R0679_official.xhtml#art_76"
"D1_GDPR","77","Right to lodge a complaint with a supervisory authority","cpt_VIII","","325979","326678","D1_GDPR_32016R0679_official.xhtml#art_77"
"D1_GDPR","78","Right to an effective judicial remedy against a supervisory authority","cpt_VIII","","326679","327798","D1_GDPR_32016R0679_official.xhtml#art_78"
"D1_GDPR","79","Right to an effective judicial remedy against a controller or processor","cpt_VIII","","327799","328755","D1_GDPR_32016R0679_official.xhtml#art_79"
"D1_GDPR","80","Representation of data subjects","cpt_VIII","","328756","329935","D1_GDPR_32016R0679_official.xhtml#art_80"
"D1_GDPR","81","Suspension of proceedings","cpt_VIII","","329936","330854","D1_GDPR_32016R0679_official.xhtml#art_81"
"D1_GDPR","82","Right to compensation and liability","cpt_VIII","","330855","332621","D1_GDPR_32016R0679_official.xhtml#art_82"
"D1_GDPR","83","General conditions for imposing administrative fines","cpt_VIII","","332622","338194","D1_GDPR_32016R0679_official.xhtml#art_83"
"D1_GDPR","84","Penalties","cpt_VIII","","338195","338778","D1_GDPR_32016R0679_official.xhtml#art_84"
"D1_GDPR","85","Processing and freedom of expression and information","cpt_IX","","338860","340070","D1_GDPR_32016R0679_official.xhtml#art_85"
"D1_GDPR","86","Processing and public access to official documents","cpt_IX","","340071","340585","D1_GDPR_32016R0679_official.xhtml#art_86"
"D1_GDPR","87","Processing of the national identification number","cpt_IX","","340586","341045","D1_GDPR_32016R0679_official.xhtml#art_87"
"D1_GDPR","88","Processing in the context of employment","cpt_IX","","341046","342464","D1_GDPR_32016R0679_official.xhtml#art_88"
"D1_GDPR","89","Safeguards and derogations relating to processing for archiving purposes in the public interest, scientific or historical research purposes or statistical purposes","cpt_IX","","342465","344549","D1_GDPR_32016R0679_official.xhtml#art_89"
"D1_GDPR","90","Obligations of secrecy","cpt_IX","","344550","345464","D1_GDPR_32016R0679_official.xhtml#art_90"
"D1_GDPR","91","Existing data protection rules of churches and religious associations","cpt_IX","","345465","346193","D1_GDPR_32016R0679_official.xhtml#art_91"
"D1_GDPR","92","Exercise of the delegation","cpt_X","","346256","347736","D1_GDPR_32016R0679_official.xhtml#art_92"
"D1_GDPR","93","Committee procedure","cpt_X","","347737","348165","D1_GDPR_32016R0679_official.xhtml#art_93"
"D1_GDPR","94","Repeal of Directive 95/46/EC","cpt_XI","","348210","348687","D1_GDPR_32016R0679_official.xhtml#art_94"
"D1_GDPR","95","Relationship with Directive 2002/58/EC","cpt_XI","","348688","349131","D1_GDPR_32016R0679_official.xhtml#art_95"
"D1_GDPR","96","Relationship with previously concluded Agreements","cpt_XI","","349132","349508","D1_GDPR_32016R0679_official.xhtml#art_96"
"D1_GDPR","97","Commission reports","cpt_XI","","349509","350842","D1_GDPR_32016R0679_official.xhtml#art_97"
"D1_GDPR","98","Review of other Union legal acts on data protection","cpt_XI","","350843","351377","D1_GDPR_32016R0679_official.xhtml#art_98"
"D1_GDPR","99","Entry into force and application","cpt_XI","","351378","356632","D1_GDPR_32016R0679_official.xhtml#art_99"
"D2_DSA","1","Subject matter","cpt_I","","194984","195931","D2_DSA_32022R2065_official.xhtml#art_1"
"D2_DSA","2","Scope","cpt_I","","195932","197824","D2_DSA_32022R2065_official.xhtml#art_2"
"D2_DSA","3","Definitions","cpt_I","","197825","204669","D2_DSA_32022R2065_official.xhtml#art_3"
"D2_DSA","4","‘Mere conduit’","cpt_II","","204745","205937","D2_DSA_32022R2065_official.xhtml#art_4"
"D2_DSA","5","‘Caching’","cpt_II","","205938","207408","D2_DSA_32022R2065_official.xhtml#art_5"
"D2_DSA","6","Hosting","cpt_II","","207409","208988","D2_DSA_32022R2065_official.xhtml#art_6"
"D2_DSA","7","Voluntary own-initiative investigations and legal compliance","cpt_II","","208989","209615","D2_DSA_32022R2065_official.xhtml#art_7"
"D2_DSA","8","No general monitoring or active fact-finding obligations","cpt_II","","209616","209916","D2_DSA_32022R2065_official.xhtml#art_8"
"D2_DSA","9","Orders to act against illegal content","cpt_II","","209917","213789","D2_DSA_32022R2065_official.xhtml#art_9"
"D2_DSA","10","Orders to provide information","cpt_II","","213790","217789","D2_DSA_32022R2065_official.xhtml#art_10"
"D2_DSA","11","Points of contact for Member States’ authorities, the Commission and the Board","cpt_III","cpt_III.sct_1","217980","219117","D2_DSA_32022R2065_official.xhtml#art_11"
"D2_DSA","12","Points of contact for recipients of the service","cpt_III","cpt_III.sct_1","219118","219882","D2_DSA_32022R2065_official.xhtml#art_12"
"D2_DSA","13","Legal representatives","cpt_III","cpt_III.sct_1","219883","221642","D2_DSA_32022R2065_official.xhtml#art_13"
"D2_DSA","14","Terms and conditions","cpt_III","cpt_III.sct_1","221643","223771","D2_DSA_32022R2065_official.xhtml#art_14"
"D2_DSA","15","Transparency reporting obligations for providers of intermediary services","cpt_III","cpt_III.sct_1","223772","227266","D2_DSA_32022R2065_official.xhtml#art_15"
"D2_DSA","16","Notice and action mechanisms","cpt_III","cpt_III.sct_2","227386","230259","D2_DSA_32022R2065_official.xhtml#art_16"
"D2_DSA","17","Statement of reasons","cpt_III","cpt_III.sct_2","230260","233704","D2_DSA_32022R2065_official.xhtml#art_17"
"D2_DSA","18","Notification of suspicions of criminal offences","cpt_III","cpt_III.sct_2","233705","234855","D2_DSA_32022R2065_official.xhtml#art_18"
"D2_DSA","19","Exclusion for micro and small enterprises","cpt_III","cpt_III.sct_3","234947","235871","D2_DSA_32022R2065_official.xhtml#art_19"
"D2_DSA","20","Internal complaint-handling system","cpt_III","cpt_III.sct_3","235872","238674","D2_DSA_32022R2065_official.xhtml#art_20"
"D2_DSA","21","Out-of-court dispute settlement","cpt_III","cpt_III.sct_3","238675","247223","D2_DSA_32022R2065_official.xhtml#art_21"
"D2_DSA","22","Trusted flaggers","cpt_III","cpt_III.sct_3","247224","251248","D2_DSA_32022R2065_official.xhtml#art_22"
"D2_DSA","23","Measures and protection against misuse","cpt_III","cpt_III.sct_3","251249","253358","D2_DSA_32022R2065_official.xhtml#art_23"
"D2_DSA","24","Transparency reporting obligations for providers of online platforms","cpt_III","cpt_III.sct_3","253359","256375","D2_DSA_32022R2065_official.xhtml#art_24"
"D2_DSA","25","Online interface design and organisation","cpt_III","cpt_III.sct_3","256376","257363","D2_DSA_32022R2065_official.xhtml#art_25"
"D2_DSA","26","Advertising on online platforms","cpt_III","cpt_III.sct_3","257364","259261","D2_DSA_32022R2065_official.xhtml#art_26"
"D2_DSA","27","Recommender system transparency","cpt_III","cpt_III.sct_3","259262","260495","D2_DSA_32022R2065_official.xhtml#art_27"
"D2_DSA","28","Online protection of minors","cpt_III","cpt_III.sct_3","260496","261415","D2_DSA_32022R2065_official.xhtml#art_28"
"D2_DSA","29","Exclusion for micro and small enterprises","cpt_III","cpt_III.sct_4","261570","262591","D2_DSA_32022R2065_official.xhtml#art_29"
"D2_DSA","30","Traceability of traders","cpt_III","cpt_III.sct_4","262592","267401","D2_DSA_32022R2065_official.xhtml#art_30"
"D2_DSA","31","Compliance by design","cpt_III","cpt_III.sct_4","267402","269419","D2_DSA_32022R2065_official.xhtml#art_31"
"D2_DSA","32","Right to information","cpt_III","cpt_III.sct_4","269420","270673","D2_DSA_32022R2065_official.xhtml#art_32"
"D2_DSA","33","Very large online platforms and very large online search engines","cpt_III","cpt_III.sct_5","270832","275601","D2_DSA_32022R2065_official.xhtml#art_33"
"D2_DSA","34","Risk assessment","cpt_III","cpt_III.sct_5","275602","278955","D2_DSA_32022R2065_official.xhtml#art_34"
"D2_DSA","35","Mitigation of risks","cpt_III","cpt_III.sct_5","278956","282832","D2_DSA_32022R2065_official.xhtml#art_35"
"D2_DSA","36","Crisis response mechanism","cpt_III","cpt_III.sct_5","282833","288871","D2_DSA_32022R2065_official.xhtml#art_36"
"D2_DSA","37","Independent audit","cpt_III","cpt_III.sct_5","288872","294685","D2_DSA_32022R2065_official.xhtml#art_37"
"D2_DSA","38","Recommender systems","cpt_III","cpt_III.sct_5","294686","295067","D2_DSA_32022R2065_official.xhtml#art_38"
"D2_DSA","39","Additional online advertising transparency","cpt_III","cpt_III.sct_5","295068","297897","D2_DSA_32022R2065_official.xhtml#art_39"
"D2_DSA","40","Data access and scrutiny","cpt_III","cpt_III.sct_5","297898","306955","D2_DSA_32022R2065_official.xhtml#art_40"
"D2_DSA","41","Compliance function","cpt_III","cpt_III.sct_5","306956","311469","D2_DSA_32022R2065_official.xhtml#art_41"
"D2_DSA","42","Transparency reporting obligations","cpt_III","cpt_III.sct_5","311470","314625","D2_DSA_32022R2065_official.xhtml#art_42"
"D2_DSA","43","Supervisory fee","cpt_III","cpt_III.sct_5","314626","318031","D2_DSA_32022R2065_official.xhtml#art_43"
"D2_DSA","44","Standards","cpt_III","cpt_III.sct_6","318111","320026","D2_DSA_32022R2065_official.xhtml#art_44"
"D2_DSA","45","Codes of conduct","cpt_III","cpt_III.sct_6","320027","322707","D2_DSA_32022R2065_official.xhtml#art_45"
"D2_DSA","46","Codes of conduct for online advertising","cpt_III","cpt_III.sct_6","322708","324530","D2_DSA_32022R2065_official.xhtml#art_46"
"D2_DSA","47","Codes of conduct for accessibility","cpt_III","cpt_III.sct_6","324531","326139","D2_DSA_32022R2065_official.xhtml#art_47"
"D2_DSA","48","Crisis protocols","cpt_III","cpt_III.sct_6","326140","329434","D2_DSA_32022R2065_official.xhtml#art_48"
"D2_DSA","49","Competent authorities and Digital Services Coordinators","cpt_IV","cpt_IV.sct_1","329607","331966","D2_DSA_32022R2065_official.xhtml#art_49"
"D2_DSA","50","Requirements for Digital Services Coordinators","cpt_IV","cpt_IV.sct_1","331967","333740","D2_DSA_32022R2065_official.xhtml#art_50"
"D2_DSA","51","Powers of Digital Services Coordinators","cpt_IV","cpt_IV.sct_1","333741","342255","D2_DSA_32022R2065_official.xhtml#art_51"
"D2_DSA","52","Penalties","cpt_IV","cpt_IV.sct_1","342256","343793","D2_DSA_32022R2065_official.xhtml#art_52"
"D2_DSA","53","Right to lodge a complaint","cpt_IV","cpt_IV.sct_1","343794","344823","D2_DSA_32022R2065_official.xhtml#art_53"
"D2_DSA","54","Compensation","cpt_IV","cpt_IV.sct_1","344824","345145","D2_DSA_32022R2065_official.xhtml#art_54"
"D2_DSA","55","Activity reports","cpt_IV","cpt_IV.sct_1","345146","346615","D2_DSA_32022R2065_official.xhtml#art_55"
"D2_DSA","56","Competences","cpt_IV","cpt_IV.sct_2","346616","349119","D2_DSA_32022R2065_official.xhtml#art_56"
"D2_DSA","57","Mutual assistance","cpt_IV","cpt_IV.sct_2","349120","351234","D2_DSA_32022R2065_official.xhtml#art_57"
"D2_DSA","58","Cross-border cooperation among Digital Services Coordinators","cpt_IV","cpt_IV.sct_2","351235","354537","D2_DSA_32022R2065_official.xhtml#art_58"
"D2_DSA","59","Referral to the Commission","cpt_IV","cpt_IV.sct_2","354538","356370","D2_DSA_32022R2065_official.xhtml#art_59"
"D2_DSA","60","Joint investigations","cpt_IV","cpt_IV.sct_2","356371","359177","D2_DSA_32022R2065_official.xhtml#art_60"
"D2_DSA","61","European Board for Digital Services","cpt_IV","cpt_IV.sct_3","359178","360155","D2_DSA_32022R2065_official.xhtml#art_61"
"D2_DSA","62","Structure of the Board","cpt_IV","cpt_IV.sct_3","360156","362226","D2_DSA_32022R2065_official.xhtml#art_62"
"D2_DSA","63","Tasks of the Board","cpt_IV","cpt_IV.sct_3","362227","364066","D2_DSA_32022R2065_official.xhtml#art_63"
"D2_DSA","64","Development of expertise and capabilities","cpt_IV","cpt_IV.sct_4","364067","365145","D2_DSA_32022R2065_official.xhtml#art_64"
"D2_DSA","65","Enforcement of obligations of providers of very large online platforms and of very large online search engines","cpt_IV","cpt_IV.sct_4","365146","367046","D2_DSA_32022R2065_official.xhtml#art_65"
"D2_DSA","66","Initiation of proceedings by the Commission and cooperation in investigation","cpt_IV","cpt_IV.sct_4","367047","369612","D2_DSA_32022R2065_official.xhtml#art_66"
"D2_DSA","67","Requests for information","cpt_IV","cpt_IV.sct_4","369613","372594","D2_DSA_32022R2065_official.xhtml#art_67"
"D2_DSA","68","Power to take interviews and statements","cpt_IV","cpt_IV.sct_4","372595","373473","D2_DSA_32022R2065_official.xhtml#art_68"
"D2_DSA","69","Power to conduct inspections","cpt_IV","cpt_IV.sct_4","373474","380451","D2_DSA_32022R2065_official.xhtml#art_69"
"D2_DSA","70","Interim measures","cpt_IV","cpt_IV.sct_4","380452","381075","D2_DSA_32022R2065_official.xhtml#art_70"
"D2_DSA","71","Commitments","cpt_IV","cpt_IV.sct_4","381076","382494","D2_DSA_32022R2065_official.xhtml#art_71"
"D2_DSA","72","Monitoring actions","cpt_IV","cpt_IV.sct_4","382495","383653","D2_DSA_32022R2065_official.xhtml#art_72"
"D2_DSA","73","Non-compliance","cpt_IV","cpt_IV.sct_4","383654","385463","D2_DSA_32022R2065_official.xhtml#art_73"
"D2_DSA","74","Fines","cpt_IV","cpt_IV.sct_4","385464","387618","D2_DSA_32022R2065_official.xhtml#art_74"
"D2_DSA","75","Enhanced supervision of remedies to address infringements of obligations laid down in Section 5 of Chapter III","cpt_IV","cpt_IV.sct_4","387619","391115","D2_DSA_32022R2065_official.xhtml#art_75"
"D2_DSA","76","Periodic penalty payments","cpt_IV","cpt_IV.sct_4","391116","392526","D2_DSA_32022R2065_official.xhtml#art_76"
"D2_DSA","77","Limitation period for the imposition of penalties","cpt_IV","cpt_IV.sct_4","392527","394146","D2_DSA_32022R2065_official.xhtml#art_77"
"D2_DSA","78","Limitation period for the enforcement of penalties","cpt_IV","cpt_IV.sct_4","394147","395170","D2_DSA_32022R2065_official.xhtml#art_78"
"D2_DSA","79","Right to be heard and access to the file","cpt_IV","cpt_IV.sct_4","395171","397360","D2_DSA_32022R2065_official.xhtml#art_79"
"D2_DSA","80","Publication of decisions","cpt_IV","cpt_IV.sct_4","397361","397959","D2_DSA_32022R2065_official.xhtml#art_80"
"D2_DSA","81","Review by the Court of Justice of the European Union","cpt_IV","cpt_IV.sct_4","397960","398319","D2_DSA_32022R2065_official.xhtml#art_81"
"D2_DSA","82","Requests for access restrictions and cooperation with national courts","cpt_IV","cpt_IV.sct_4","398320","400299","D2_DSA_32022R2065_official.xhtml#art_82"
"D2_DSA","83","Implementing acts relating to Commission intervention","cpt_IV","cpt_IV.sct_4","400300","401144","D2_DSA_32022R2065_official.xhtml#art_83"
"D2_DSA","84","Professional secrecy","cpt_IV","cpt_IV.sct_5","401145","401714","D2_DSA_32022R2065_official.xhtml#art_84"
"D2_DSA","85","Information sharing system","cpt_IV","cpt_IV.sct_5","401715","402610","D2_DSA_32022R2065_official.xhtml#art_85"
"D2_DSA","86","Representation","cpt_IV","cpt_IV.sct_5","402611","403706","D2_DSA_32022R2065_official.xhtml#art_86"
"D2_DSA","87","Exercise of the delegation","cpt_IV","cpt_IV.sct_6","403707","405761","D2_DSA_32022R2065_official.xhtml#art_87"
"D2_DSA","88","Committee procedure","cpt_IV","cpt_IV.sct_6","405762","406084","D2_DSA_32022R2065_official.xhtml#art_88"
"D2_DSA","89","Amendments to Directive 2000/31/EC","cpt_V","","406127","406400","D2_DSA_32022R2065_official.xhtml#art_89"
"D2_DSA","90","Amendment to Directive (EU) 2020/1828","cpt_V","","406401","406764","D2_DSA_32022R2065_official.xhtml#art_90"
"D2_DSA","91","Review","cpt_V","","406765","409757","D2_DSA_32022R2065_official.xhtml#art_91"
"D2_DSA","92","Anticipated application to providers of very large online platforms and of very large online search engines","cpt_V","","409758","410187","D2_DSA_32022R2065_official.xhtml#art_92"
"D2_DSA","93","Entry into force and application","cpt_V","","410188","420358","D2_DSA_32022R2065_official.xhtml#art_93"
"D3_AI_ACT","1","Subject matter`","cpt_I","","231080","232162","D3_AI_ACT_32024R1689_official.xhtml#art_1"
"D3_AI_ACT","2","Scope","cpt_I","","232163","236960","D3_AI_ACT_32024R1689_official.xhtml#art_2"
"D3_AI_ACT","3","Definitions","cpt_I","","236961","254236","D3_AI_ACT_32024R1689_official.xhtml#art_3"
"D3_AI_ACT","4","AI literacy","cpt_I","","254237","254718","D3_AI_ACT_32024R1689_official.xhtml#art_4"
"D3_AI_ACT","5","Prohibited AI practices","cpt_II","","254770","265940","D3_AI_ACT_32024R1689_official.xhtml#art_5"
"D3_AI_ACT","6","Classification rules for high-risk AI systems","cpt_III","cpt_III.sct_1","266058","270136","D3_AI_ACT_32024R1689_official.xhtml#art_6"
"D3_AI_ACT","7","Amendments to Annex III","cpt_III","cpt_III.sct_1","270137","273750","D3_AI_ACT_32024R1689_official.xhtml#art_7"
"D3_AI_ACT","8","Compliance with the requirements","cpt_III","cpt_III.sct_2","273814","275112","D3_AI_ACT_32024R1689_official.xhtml#art_8"
"D3_AI_ACT","9","Risk management system","cpt_III","cpt_III.sct_2","275113","279313","D3_AI_ACT_32024R1689_official.xhtml#art_9"
"D3_AI_ACT","10","Data and data governance","cpt_III","cpt_III.sct_2","279314","283845","D3_AI_ACT_32024R1689_official.xhtml#art_10"
"D3_AI_ACT","11","Technical documentation","cpt_III","cpt_III.sct_2","283846","285691","D3_AI_ACT_32024R1689_official.xhtml#art_11"
"D3_AI_ACT","12","Record-keeping","cpt_III","cpt_III.sct_2","285692","286916","D3_AI_ACT_32024R1689_official.xhtml#art_12"
"D3_AI_ACT","13","Transparency and provision of information to deployers","cpt_III","cpt_III.sct_2","286917","290085","D3_AI_ACT_32024R1689_official.xhtml#art_13"
"D3_AI_ACT","14","Human oversight","cpt_III","cpt_III.sct_2","290086","293270","D3_AI_ACT_32024R1689_official.xhtml#art_14"
"D3_AI_ACT","15","Accuracy, robustness and cybersecurity","cpt_III","cpt_III.sct_2","293271","295704","D3_AI_ACT_32024R1689_official.xhtml#art_15"
"D3_AI_ACT","16","Obligations of providers of high-risk AI systems","cpt_III","cpt_III.sct_3","295811","297503","D3_AI_ACT_32024R1689_official.xhtml#art_16"
"D3_AI_ACT","17","Quality management system","cpt_III","cpt_III.sct_3","297504","301197","D3_AI_ACT_32024R1689_official.xhtml#art_17"
"D3_AI_ACT","18","Documentation keeping","cpt_III","cpt_III.sct_3","301198","302509","D3_AI_ACT_32024R1689_official.xhtml#art_18"
"D3_AI_ACT","19","Automatically generated logs","cpt_III","cpt_III.sct_3","302510","303389","D3_AI_ACT_32024R1689_official.xhtml#art_19"
"D3_AI_ACT","20","Corrective actions and duty of information","cpt_III","cpt_III.sct_3","303390","304547","D3_AI_ACT_32024R1689_official.xhtml#art_20"
"D3_AI_ACT","21","Cooperation with competent authorities","cpt_III","cpt_III.sct_3","304548","305502","D3_AI_ACT_32024R1689_official.xhtml#art_21"
"D3_AI_ACT","22","Authorised representatives of providers of high-risk AI systems","cpt_III","cpt_III.sct_3","305503","308637","D3_AI_ACT_32024R1689_official.xhtml#art_22"
"D3_AI_ACT","23","Obligations of importers","cpt_III","cpt_III.sct_3","308638","311290","D3_AI_ACT_32024R1689_official.xhtml#art_23"
"D3_AI_ACT","24","Obligations of distributors","cpt_III","cpt_III.sct_3","311291","313967","D3_AI_ACT_32024R1689_official.xhtml#art_24"
"D3_AI_ACT","25","Responsibilities along the AI value chain","cpt_III","cpt_III.sct_3","313968","317976","D3_AI_ACT_32024R1689_official.xhtml#art_25"
"D3_AI_ACT","26","Obligations of deployers of high-risk AI systems","cpt_III","cpt_III.sct_3","317977","325495","D3_AI_ACT_32024R1689_official.xhtml#art_26"
"D3_AI_ACT","27","Fundamental rights impact assessment for high-risk AI systems","cpt_III","cpt_III.sct_3","325496","328439","D3_AI_ACT_32024R1689_official.xhtml#art_27"
"D3_AI_ACT","28","Notifying authorities","cpt_III","cpt_III.sct_4","328507","330264","D3_AI_ACT_32024R1689_official.xhtml#art_28"
"D3_AI_ACT","29","Application of a conformity assessment body for notification","cpt_III","cpt_III.sct_4","330265","331946","D3_AI_ACT_32024R1689_official.xhtml#art_29"
"D3_AI_ACT","30","Notification procedure","cpt_III","cpt_III.sct_4","331947","333853","D3_AI_ACT_32024R1689_official.xhtml#art_30"
"D3_AI_ACT","31","Requirements relating to notified bodies","cpt_III","cpt_III.sct_4","333854","338178","D3_AI_ACT_32024R1689_official.xhtml#art_31"
"D3_AI_ACT","32","Presumption of conformity with requirements relating to notified bodies","cpt_III","cpt_III.sct_4","338179","338665","D3_AI_ACT_32024R1689_official.xhtml#art_32"
"D3_AI_ACT","33","Subsidiaries of notified bodies and subcontracting","cpt_III","cpt_III.sct_4","338666","339630","D3_AI_ACT_32024R1689_official.xhtml#art_33"
"D3_AI_ACT","34","Operational obligations of notified bodies","cpt_III","cpt_III.sct_4","339631","340820","D3_AI_ACT_32024R1689_official.xhtml#art_34"
"D3_AI_ACT","35","Identification numbers and lists of notified bodies","cpt_III","cpt_III.sct_4","340821","341305","D3_AI_ACT_32024R1689_official.xhtml#art_35"
"D3_AI_ACT","36","Changes to notifications","cpt_III","cpt_III.sct_4","341306","347861","D3_AI_ACT_32024R1689_official.xhtml#art_36"
"D3_AI_ACT","37","Challenge to the competence of notified bodies","cpt_III","cpt_III.sct_4","347862","349187","D3_AI_ACT_32024R1689_official.xhtml#art_37"
"D3_AI_ACT","38","Coordination of notified bodies","cpt_III","cpt_III.sct_4","349188","349849","D3_AI_ACT_32024R1689_official.xhtml#art_38"
"D3_AI_ACT","39","Conformity assessment bodies of third countries","cpt_III","cpt_III.sct_4","349850","350250","D3_AI_ACT_32024R1689_official.xhtml#art_39"
"D3_AI_ACT","40","Harmonised standards and standardisation deliverables","cpt_III","cpt_III.sct_5","350337","353193","D3_AI_ACT_32024R1689_official.xhtml#art_40"
"D3_AI_ACT","41","Common specifications","cpt_III","cpt_III.sct_5","353194","357105","D3_AI_ACT_32024R1689_official.xhtml#art_41"
"D3_AI_ACT","42","Presumption of conformity with certain requirements","cpt_III","cpt_III.sct_5","357106","357947","D3_AI_ACT_32024R1689_official.xhtml#art_42"
"D3_AI_ACT","43","Conformity assessment","cpt_III","cpt_III.sct_5","357948","362923","D3_AI_ACT_32024R1689_official.xhtml#art_43"
"D3_AI_ACT","44","Certificates","cpt_III","cpt_III.sct_5","362924","364396","D3_AI_ACT_32024R1689_official.xhtml#art_44"
"D3_AI_ACT","45","Information obligations of notified bodies","cpt_III","cpt_III.sct_5","364397","366222","D3_AI_ACT_32024R1689_official.xhtml#art_45"
"D3_AI_ACT","46","Derogation from conformity assessment procedure","cpt_III","cpt_III.sct_5","366223","369684","D3_AI_ACT_32024R1689_official.xhtml#art_46"
"D3_AI_ACT","47","EU declaration of conformity","cpt_III","cpt_III.sct_5","369685","371617","D3_AI_ACT_32024R1689_official.xhtml#art_47"
"D3_AI_ACT","48","CE marking","cpt_III","cpt_III.sct_5","371618","373045","D3_AI_ACT_32024R1689_official.xhtml#art_48"
"D3_AI_ACT","49","Registration","cpt_III","cpt_III.sct_5","373046","375063","D3_AI_ACT_32024R1689_official.xhtml#art_49"
"D3_AI_ACT","50","Transparency obligations for providers and deployers of certain AI systems","cpt_IV","","375166","379844","D3_AI_ACT_32024R1689_official.xhtml#art_50"
"D3_AI_ACT","51","Classification of general-purpose AI models as general-purpose AI models with systemic risk","cpt_V","cpt_V.sct_1","379942","381219","D3_AI_ACT_32024R1689_official.xhtml#art_51"
"D3_AI_ACT","52","Procedure","cpt_V","cpt_V.sct_1","381220","384304","D3_AI_ACT_32024R1689_official.xhtml#art_52"
"D3_AI_ACT","53","Obligations for providers of general-purpose AI models","cpt_V","cpt_V.sct_2","384305","387870","D3_AI_ACT_32024R1689_official.xhtml#art_53"
"D3_AI_ACT","54","Authorised representatives of providers of general-purpose AI models","cpt_V","cpt_V.sct_2","387871","390778","D3_AI_ACT_32024R1689_official.xhtml#art_54"
"D3_AI_ACT","55","Obligations of providers of general-purpose AI models with systemic risk","cpt_V","cpt_V.sct_3","390779","392748","D3_AI_ACT_32024R1689_official.xhtml#art_55"
"D3_AI_ACT","56","Codes of practice","cpt_V","cpt_V.sct_4","392749","397100","D3_AI_ACT_32024R1689_official.xhtml#art_56"
"D3_AI_ACT","57","AI regulatory sandboxes","cpt_VI","","397162","406351","D3_AI_ACT_32024R1689_official.xhtml#art_57"
"D3_AI_ACT","58","Detailed arrangements for, and functioning of, AI regulatory sandboxes","cpt_VI","","406352","411127","D3_AI_ACT_32024R1689_official.xhtml#art_58"
"D3_AI_ACT","59","Further processing of personal data for developing certain AI systems in the public interest in the AI regulatory sandbox","cpt_VI","","411128","415551","D3_AI_ACT_32024R1689_official.xhtml#art_59"
"D3_AI_ACT","60","Testing of high-risk AI systems in real world conditions outside AI regulatory sandboxes","cpt_VI","","415552","423401","D3_AI_ACT_32024R1689_official.xhtml#art_60"
"D3_AI_ACT","61","Informed consent to participate in testing in real world conditions outside AI regulatory sandboxes","cpt_VI","","423402","424966","D3_AI_ACT_32024R1689_official.xhtml#art_61"
"D3_AI_ACT","62","Measures for providers and deployers, in particular SMEs, including start-ups","cpt_VI","","424967","427130","D3_AI_ACT_32024R1689_official.xhtml#art_62"
"D3_AI_ACT","63","Derogations for specific operators","cpt_VI","","427131","428085","D3_AI_ACT_32024R1689_official.xhtml#art_63"
"D3_AI_ACT","64","AI Office","cpt_VII","cpt_VII.sct_1","428177","428427","D3_AI_ACT_32024R1689_official.xhtml#art_64"
"D3_AI_ACT","65","Establishment and structure of the European Artificial Intelligence Board","cpt_VII","cpt_VII.sct_1","428428","431410","D3_AI_ACT_32024R1689_official.xhtml#art_65"
"D3_AI_ACT","66","Tasks of the Board","cpt_VII","cpt_VII.sct_1","431411","436009","D3_AI_ACT_32024R1689_official.xhtml#art_66"
"D3_AI_ACT","67","Advisory forum","cpt_VII","cpt_VII.sct_1","436010","438009","D3_AI_ACT_32024R1689_official.xhtml#art_67"
"D3_AI_ACT","68","Scientific panel of independent experts","cpt_VII","cpt_VII.sct_1","438010","441180","D3_AI_ACT_32024R1689_official.xhtml#art_68"
"D3_AI_ACT","69","Access to the pool of experts by the Member States","cpt_VII","cpt_VII.sct_1","441181","442213","D3_AI_ACT_32024R1689_official.xhtml#art_69"
"D3_AI_ACT","70","Designation of national competent authorities and single points of contact","cpt_VII","cpt_VII.sct_2","442214","445864","D3_AI_ACT_32024R1689_official.xhtml#art_70"
"D3_AI_ACT","71","EU database for high-risk AI systems listed in Annex III","cpt_VIII","","445933","448256","D3_AI_ACT_32024R1689_official.xhtml#art_71"
"D3_AI_ACT","72","Post-market monitoring by providers and post-market monitoring plan for high-risk AI systems","cpt_IX","cpt_IX.sct_1","448400","450808","D3_AI_ACT_32024R1689_official.xhtml#art_72"
"D3_AI_ACT","73","Reporting of serious incidents","cpt_IX","cpt_IX.sct_2","450809","454931","D3_AI_ACT_32024R1689_official.xhtml#art_73"
"D3_AI_ACT","74","Market surveillance and control of AI systems in the Union market","cpt_IX","cpt_IX.sct_3","454932","462026","D3_AI_ACT_32024R1689_official.xhtml#art_74"
"D3_AI_ACT","75","Mutual assistance, market surveillance and control of general-purpose AI systems","cpt_IX","cpt_IX.sct_3","462027","463928","D3_AI_ACT_32024R1689_official.xhtml#art_75"
"D3_AI_ACT","76","Supervision of testing in real world conditions by market surveillance authorities","cpt_IX","cpt_IX.sct_3","463929","465871","D3_AI_ACT_32024R1689_official.xhtml#art_76"
"D3_AI_ACT","77","Powers of authorities protecting fundamental rights","cpt_IX","cpt_IX.sct_3","465872","467702","D3_AI_ACT_32024R1689_official.xhtml#art_77"
"D3_AI_ACT","78","Confidentiality","cpt_IX","cpt_IX.sct_3","467703","471418","D3_AI_ACT_32024R1689_official.xhtml#art_78"
"D3_AI_ACT","79","Procedure at national level for dealing with AI systems presenting a risk","cpt_IX","cpt_IX.sct_3","471419","476761","D3_AI_ACT_32024R1689_official.xhtml#art_79"
"D3_AI_ACT","80","Procedure for dealing with AI systems classified by the provider as non-high-risk in application of Annex III","cpt_IX","cpt_IX.sct_3","476762","479521","D3_AI_ACT_32024R1689_official.xhtml#art_80"
"D3_AI_ACT","81","Union safeguard procedure","cpt_IX","cpt_IX.sct_3","479522","481557","D3_AI_ACT_32024R1689_official.xhtml#art_81"
"D3_AI_ACT","82","Compliant AI systems which present a risk","cpt_IX","cpt_IX.sct_3","481558","483494","D3_AI_ACT_32024R1689_official.xhtml#art_82"
"D3_AI_ACT","83","Formal non-compliance","cpt_IX","cpt_IX.sct_3","483495","484612","D3_AI_ACT_32024R1689_official.xhtml#art_83"
"D3_AI_ACT","84","Union AI testing support structures","cpt_IX","cpt_IX.sct_3","484613","485133","D3_AI_ACT_32024R1689_official.xhtml#art_84"
"D3_AI_ACT","85","Right to lodge a complaint with a market surveillance authority","cpt_IX","cpt_IX.sct_4","485134","485759","D3_AI_ACT_32024R1689_official.xhtml#art_85"
"D3_AI_ACT","86","Right to explanation of individual decision-making","cpt_IX","cpt_IX.sct_4","485760","486760","D3_AI_ACT_32024R1689_official.xhtml#art_86"
"D3_AI_ACT","87","Reporting of infringements and protection of reporting persons","cpt_IX","cpt_IX.sct_4","486761","487134","D3_AI_ACT_32024R1689_official.xhtml#art_87"
"D3_AI_ACT","88","Enforcement of the obligations of providers of general-purpose AI models","cpt_IX","cpt_IX.sct_5","487135","487878","D3_AI_ACT_32024R1689_official.xhtml#art_88"
"D3_AI_ACT","89","Monitoring actions","cpt_IX","cpt_IX.sct_5","487879","488883","D3_AI_ACT_32024R1689_official.xhtml#art_89"
"D3_AI_ACT","90","Alerts of systemic risks by the scientific panel","cpt_IX","cpt_IX.sct_5","488884","489939","D3_AI_ACT_32024R1689_official.xhtml#art_90"
"D3_AI_ACT","91","Power to request documentation and information","cpt_IX","cpt_IX.sct_5","489940","491676","D3_AI_ACT_32024R1689_official.xhtml#art_91"
"D3_AI_ACT","92","Power to conduct evaluations","cpt_IX","cpt_IX.sct_5","491677","494045","D3_AI_ACT_32024R1689_official.xhtml#art_92"
"D3_AI_ACT","93","Power to request measures","cpt_IX","cpt_IX.sct_5","494046","495021","D3_AI_ACT_32024R1689_official.xhtml#art_93"
"D3_AI_ACT","94","Procedural rights of economic operators of the general-purpose AI model","cpt_IX","cpt_IX.sct_5","495022","495326","D3_AI_ACT_32024R1689_official.xhtml#art_94"
"D3_AI_ACT","95","Codes of conduct for voluntary application of specific requirements","cpt_X","","495384","497735","D3_AI_ACT_32024R1689_official.xhtml#art_95"
"D3_AI_ACT","96","Guidelines from the Commission on the implementation of this Regulation","cpt_X","","497736","499367","D3_AI_ACT_32024R1689_official.xhtml#art_96"
"D3_AI_ACT","97","Exercise of the delegation","cpt_XI","","499439","501863","D3_AI_ACT_32024R1689_official.xhtml#art_97"
"D3_AI_ACT","98","Committee procedure","cpt_XI","","501864","502151","D3_AI_ACT_32024R1689_official.xhtml#art_98"
"D3_AI_ACT","99","Penalties","cpt_XII","","502191","507644","D3_AI_ACT_32024R1689_official.xhtml#art_99"
"D3_AI_ACT","100","Administrative fines on Union institutions, bodies, offices and agencies","cpt_XII","","507645","511173","D3_AI_ACT_32024R1689_official.xhtml#art_100"
"D3_AI_ACT","101","Fines for providers of general-purpose AI models","cpt_XII","","511174","513336","D3_AI_ACT_32024R1689_official.xhtml#art_101"
"D3_AI_ACT","102","Amendment to Regulation (EC) No 300/2008","cpt_XIII","","513385","513910","D3_AI_ACT_32024R1689_official.xhtml#art_102"
"D3_AI_ACT","103","Amendment to Regulation (EU) No 167/2013","cpt_XIII","","513911","514403","D3_AI_ACT_32024R1689_official.xhtml#art_103"
"D3_AI_ACT","104","Amendment to Regulation (EU) No 168/2013","cpt_XIII","","514404","514896","D3_AI_ACT_32024R1689_official.xhtml#art_104"
"D3_AI_ACT","105","Amendment to Directive 2014/90/EU","cpt_XIII","","514897","515472","D3_AI_ACT_32024R1689_official.xhtml#art_105"
"D3_AI_ACT","106","Amendment to Directive (EU) 2016/797","cpt_XIII","","515473","515990","D3_AI_ACT_32024R1689_official.xhtml#art_106"
"D3_AI_ACT","107","Amendment to Regulation (EU) 2018/858","cpt_XIII","","515991","516461","D3_AI_ACT_32024R1689_official.xhtml#art_107"
"D3_AI_ACT","108","Amendments to Regulation (EU) 2018/1139","cpt_XIII","","516462","519129","D3_AI_ACT_32024R1689_official.xhtml#art_108"
"D3_AI_ACT","109","Amendment to Regulation (EU) 2019/2144","cpt_XIII","","519130","519612","D3_AI_ACT_32024R1689_official.xhtml#art_109"
"D3_AI_ACT","110","Amendment to Directive (EU) 2020/1828","cpt_XIII","","519613","520252","D3_AI_ACT_32024R1689_official.xhtml#art_110"
"D3_AI_ACT","111","AI systems already placed on the market or put into service and general-purpose AI models already placed on the marked","cpt_XIII","","520253","521883","D3_AI_ACT_32024R1689_official.xhtml#art_111"
"D3_AI_ACT","112","Evaluation and review","cpt_XIII","","521884","527562","D3_AI_ACT_32024R1689_official.xhtml#art_112"
"D3_AI_ACT","113","Entry into force and application","cpt_XIII","","527563","542502","D3_AI_ACT_32024R1689_official.xhtml#art_113"
