candidate_id,location,excerpt,candidate_origin,R1_decision,R2_decision,RA_decision,RA_confidence,basis,recommended_decision,PESQUISADOR: APPROVE / CHANGE,correction,researcher_note
CAND-0001,"Recital 1, lines 23-23","(1) The existential threat posed by climate change requires enhanced ambition and increased climate action by the Union and the Member States. The Union is committed to stepping up efforts to tackle climate change and to delivering on the implementation of the Paris Agreement adopted under the United Nations Framework Convention on Climate Change (the ‘Paris Agreement’) (4), guided by its principles and on the basis of the best available scientific knowledge, in the context of the long-term temperature goal of the Paris Agreement.",both,not_candidate / insufficient_evidence,candidate / insufficient_evidence,insufficient_evidence / insufficient_evidence,low,missing or non-operative relational role kept as insufficient evidence,APPROVE RA unless the cited text supports a correction.,,,
CAND-0002,"Recital 2, lines 27-27","(2) The Commission has, in its communication of 11 December 2019 entitled ‘The European Green Deal’ (the ‘European Green Deal’), set out a new growth strategy that aims to transform the Union into a fair and prosperous society, with a modern, resource-efficient and competitive economy, where there are no net emissions of greenhouse gases in 2050 and where economic growth is decoupled from resource use. The European Green Deal also aims to protect, conserve and enhance the Union’s natural capital, and protect the health and well-being of citizens from environment-related risks and impacts. At the same time, this transition must be just and in…",both,direct_relationship / negative,candidate / insufficient_evidence,direct_relationship / negative,low,explicit actor-to-actor direct relation retained,APPROVE RA unless the cited text supports a correction.,,,
CAND-0003,"Recital 3, lines 31-31","(3) The Intergovernmental Panel on Climate Change (IPCC) provides in its 2018 Special Report on the impacts of global warming of 1,5 °C above pre-industrial levels and related global greenhouse gas emission pathways, in the context of strengthening the global response to the threat of climate change, sustainable development, and efforts to eradicate poverty, a strong scientific basis for tackling climate change and illustrates the need to rapidly step up climate action and to continue the transition to a climate-neutral economy. That report confirms that greenhouse gas emissions need to be urgently reduced, and that climate change needs to b…",both,not_candidate / insufficient_evidence,insufficient_evidence / insufficient_evidence,insufficient_evidence / insufficient_evidence,low,missing or non-operative relational role kept as insufficient evidence,APPROVE RA unless the cited text supports a correction.,,,
CAND-0004,"Recital 5, lines 39-39","(5) It is necessary to address the growing climate-related risks to health, including more frequent and intense heatwaves, wildfires and floods, food and water safety and security threats, and the emergence and spread of infectious diseases. As announced in its communication of 24 February 2021 entitled ‘Forging a climate-resilient Europe – the new EU Strategy on Adaptation to Climate Change’, the Commission has launched a European climate and health observatory under the European Climate Adaptation Platform Climate-ADAPT, to better understand, anticipate and minimise the health threats caused by climate change.",lexical,not_candidate / insufficient_evidence,candidate / insufficient_evidence,insufficient_evidence / insufficient_evidence,low,missing or non-operative relational role kept as insufficient evidence,APPROVE RA unless the cited text supports a correction.,,,
CAND-0005,"Recital 7, lines 47-47","(7) Climate action should be an opportunity for all sectors of the economy in the Union to help secure industry leadership in global innovation. Driven by the Union’s regulatory framework and efforts made by industry, it is possible to decouple economic growth from greenhouse gas emissions. For example, Union greenhouse gas emissions were reduced by 24 % between 1990 and 2019, while the economy grew by 60 % over the same period. Without prejudice to binding legislation and other initiatives adopted at Union level, all sectors of the economy – including energy, industry, transport, heating and cooling and buildings, agriculture, waste and lan…",structural,not_candidate / insufficient_evidence,direct_relationship / negative,direct_relationship / negative,low,explicit actor-to-actor direct relation retained,APPROVE RA unless the cited text supports a correction.,,,
CAND-0006,"Recital 8, lines 51-51","(8) The Paris Agreement sets out a long-term temperature goal in point (a) of Article 2(1) thereof, and aims to strengthen the global response to the threat of climate change by increasing the ability to adapt to the adverse impacts of climate change as set out in point (b) of Article 2(1) thereof and by making finance flows consistent with a pathway towards low greenhouse gas emissions and climate-resilient development as set out in point (c) of Article 2(1) thereof. As the overall framework for the Union’s contribution to the Paris Agreement, this Regulation should ensure that both the Union and the Member States contribute to the global r…",structural,not_candidate / insufficient_evidence,insufficient_evidence / insufficient_evidence,insufficient_evidence / insufficient_evidence,low,missing or non-operative relational role kept as insufficient evidence,APPROVE RA unless the cited text supports a correction.,,,
CAND-0007,"Recital 9, lines 55-55","(9) The Union’s and Member States’ climate action aims to protect people and the planet, welfare, prosperity, the economy, health, food systems, the integrity of eco-systems and biodiversity against the threat of climate change, in the context of the United Nations 2030 agenda for sustainable development and in pursuit of the objectives of the Paris Agreement, and to maximise prosperity within the planetary boundaries and to increase resilience and reduce vulnerability of society to climate change. In light of this, the Union’s and Member States’ actions should be guided by the precautionary and ‘polluter pays’ principles established in the…",structural,not_candidate / insufficient_evidence,insufficient_evidence / insufficient_evidence,insufficient_evidence / insufficient_evidence,low,missing or non-operative relational role kept as insufficient evidence,APPROVE RA unless the cited text supports a correction.,,,
CAND-0008,"Recital 10, lines 59-59",(10) Achieving climate neutrality should require a contribution from all economic sectors for which emissions or removals of greenhouse gases are regulated in Union law.,structural,not_candidate / insufficient_evidence,insufficient_evidence / insufficient_evidence,insufficient_evidence / insufficient_evidence,low,missing or non-operative relational role kept as insufficient evidence,APPROVE RA unless the cited text supports a correction.,,,
CAND-0009,"Recital 11, lines 63-63","(11) In light of the importance of energy production and consumption for the level of greenhouse gas emissions, it is essential to ensure a transition to a safe, sustainable, affordable and secure energy system relying on the deployment of renewables, a well-functioning internal energy market and the improvement of energy efficiency, while reducing energy poverty. Digital transformation, technological innovation, and research and development are also important drivers for achieving the climate-neutrality objective.",structural,not_candidate / insufficient_evidence,insufficient_evidence / insufficient_evidence,insufficient_evidence / insufficient_evidence,low,missing or non-operative relational role kept as insufficient evidence,APPROVE RA unless the cited text supports a correction.,,,
CAND-0010,"Recital 12, lines 67-67","(12) The Union has in place a regulatory framework to achieve the 2030 greenhouse gas emission reduction target agreed in 2014, before the entry into force of the Paris Agreement. The legislation implementing that target consists, inter alia, of Directive 2003/87/EC of the European Parliament and of the Council (5), which establishes the EU ETS, Regulation (EU) 2018/842 of the European Parliament and of the Council (6), which introduced national targets for reduction of greenhouse gas emissions by 2030, and Regulation (EU) 2018/841 of the European Parliament and of the Council (7), which requires Member States to balance greenhouse gas emiss…",both,not_candidate / insufficient_evidence,candidate / insufficient_evidence,insufficient_evidence / insufficient_evidence,low,missing or non-operative relational role kept as insufficient evidence,APPROVE RA unless the cited text supports a correction.,,,
CAND-0011,"Recital 14, lines 75-75","(14) The Commission has, in its communication of 28 November 2018 entitled ‘A Clean Planet for all – A European strategic long-term vision for a prosperous, modern, competitive and climate-neutral economy’, presented a vision for achieving net-zero greenhouse gas emissions in the Union by 2050 through a socially-fair and cost-efficient transition.",lexical,not_candidate / insufficient_evidence,candidate / insufficient_evidence,insufficient_evidence / insufficient_evidence,low,missing or non-operative relational role kept as insufficient evidence,APPROVE RA unless the cited text supports a correction.,,,
CAND-0012,"Recital 17, lines 87-87","(17) The Union should continue its climate action and international climate leadership after 2050, in order to protect people and the planet against the threat of dangerous climate change, in pursuit of the long-term temperature goal set out in the Paris Agreement and following the scientific assessments of the IPCC, IPBES, and the European Scientific Advisory Board on Climate Change, as well as the assessments of other international bodies.",both,not_candidate / insufficient_evidence,candidate / insufficient_evidence,insufficient_evidence / insufficient_evidence,low,missing or non-operative relational role kept as insufficient evidence,APPROVE RA unless the cited text supports a correction.,,,
CAND-0013,"Recital 18, lines 91-91","(18) The risk of carbon leakage remains in respect of those international partners that do not share the same standards of climate protection as those of the Union. The Commission therefore intends to propose a carbon border adjustment mechanism for selected sectors, to reduce such risks in a way which is compatible with the rules of the World Trade Organization. Furthermore, it is important to maintain effective policy incentives in support of technological solutions and innovations which enable the transition to a competitive climate-neutral Union economy, while providing investment certainty.",lexical,not_candidate / insufficient_evidence,candidate / insufficient_evidence,insufficient_evidence / insufficient_evidence,low,missing or non-operative relational role kept as insufficient evidence,APPROVE RA unless the cited text supports a correction.,,,
CAND-0014,"Recital 19, lines 95-95","(19) The European Parliament called, in its resolution of 15 January 2020 on the European Green Deal, for the necessary transition to a climate-neutral society by 2050 at the latest and for this to be made into a European success story and has, in its resolution of 28 November 2019 on the climate and environment emergency, declared a climate and environment emergency. It has also repeatedly called on the Union to increase its 2030 climate target, and for that increased target to be part of this Regulation. The European Council, in its conclusions of 12 December 2019, has agreed on the objective of achieving a climate-neutral Union by 2050, i…",structural,not_candidate / insufficient_evidence,insufficient_evidence / insufficient_evidence,insufficient_evidence / insufficient_evidence,low,missing or non-operative relational role kept as insufficient evidence,APPROVE RA unless the cited text supports a correction.,,,
CAND-0015,"Recital 20, lines 99-99","(20) The Union should aim to achieve a balance between anthropogenic economy-wide emissions by sources and removals by sinks of greenhouse gases domestically within the Union by 2050 and, as appropriate, achieve negative emissions thereafter. That objective should encompass Union-wide greenhouse gas emissions and removals regulated in Union law. It should be possible to address such emissions and removals in the context of the review of the relevant climate and energy legislation. Sinks include natural and technological solutions, as reported in the Union’s greenhouse gas inventories to the UNFCCC. Solutions that are based on carbon capture…",both,not_candidate / insufficient_evidence,candidate / insufficient_evidence,insufficient_evidence / insufficient_evidence,low,missing or non-operative relational role kept as insufficient evidence,APPROVE RA unless the cited text supports a correction.,,,
CAND-0016,"Recital 21, lines 103-103","(21) In its conclusions of 8 and 9 March 2007 and of 23 and 24 October 2014, the European Council endorsed the Union’s greenhouse gas emission reduction target for 2020 and the 2030 climate and energy policy framework, respectively. The provisions of this Regulation on the determination of the Union’s climate target for 2040 are without prejudice to the role of the European Council, as set out in the Treaties, in defining the Union’s general political direction and priorities for the development of the Union’s climate policy.",structural,not_candidate / insufficient_evidence,insufficient_evidence / insufficient_evidence,insufficient_evidence / insufficient_evidence,low,missing or non-operative relational role kept as insufficient evidence,APPROVE RA unless the cited text supports a correction.,,,
CAND-0017,"Recital 22, lines 107-107","(22) Carbon sinks play an essential role in the transition to climate neutrality in the Union, and in particular the agriculture, forestry and land use sectors make an important contribution in that context. As announced in its communication of 20 May 2020 entitled ‘A Farm to Fork Strategy for a fair, healthy and environmentally-friendly food system’, the Commission will promote a new green business model to reward land managers for greenhouse gas emission reductions and carbon removals in the upcoming carbon farming initiative. Furthermore, in its communication of 11 March 2020 entitled ‘A new Circular Economy Action Plan for a cleaner and…",both,not_candidate / insufficient_evidence,candidate / insufficient_evidence,insufficient_evidence / insufficient_evidence,low,missing or non-operative relational role kept as insufficient evidence,APPROVE RA unless the cited text supports a correction.,,,
CAND-0018,"Recital 23, lines 111-111","(23) The restoration of ecosystems would assist in maintaining, managing and enhancing natural sinks and promote biodiversity while fighting climate change. Furthermore, the ‘triple role’ of forests, namely, as carbon sinks, storage and substitution, contributes to the reduction of greenhouse gases in the atmosphere, while ensuring that forests continue to grow and provide many other services.",structural,not_candidate / insufficient_evidence,insufficient_evidence / insufficient_evidence,insufficient_evidence / insufficient_evidence,low,missing or non-operative relational role kept as insufficient evidence,APPROVE RA unless the cited text supports a correction.,,,
CAND-0019,"Recital 24, lines 115-115","(24) Scientific expertise and the best available, up-to-date evidence, together with information on climate change that is both factual and transparent, are imperative and need to underpin the Union’s climate action and efforts to reach climate neutrality by 2050. A European Scientific Advisory Board on Climate Change (the ‘Advisory Board’) should be established to serve as a point of reference on scientific knowledge relating to climate change by virtue of its independence and scientific and technical expertise. The Advisory Board should complement the work of the European Environment Agency (EEA) while acting independently in discharging i…",structural,not_candidate / insufficient_evidence,insufficient_evidence / insufficient_evidence,insufficient_evidence / insufficient_evidence,low,missing or non-operative relational role kept as insufficient evidence,APPROVE RA unless the cited text supports a correction.,,,
CAND-0020,"Recital 26, lines 123-123","(26) As announced in the European Green Deal, the Commission assessed the Union’s 2030 target for greenhouse gas emission reduction, in its communication of 17 September 2020 entitled ‘Stepping up Europe’s 2030 climate ambition – Investing in a climate-neutral future for the benefit of our people’. The Commission did so on the basis of a comprehensive impact assessment and taking into account its analysis of the integrated national energy and climate plans submitted to it in accordance with Regulation (EU) 2018/1999 of the European Parliament and of the Council (12). In light of the 2050 climate-neutrality objective, by 2030 greenhouse gas e…",both,not_candidate / insufficient_evidence,candidate / insufficient_evidence,insufficient_evidence / insufficient_evidence,low,missing or non-operative relational role kept as insufficient evidence,APPROVE RA unless the cited text supports a correction.,,,
CAND-0021,"Recital 27, lines 127-127","(27) According to Commission assessments, the existing commitments under Article 4 of Regulation (EU) 2018/841 result in a net carbon sink of 225 million tonnes of CO2 equivalent in 2030. In order to ensure that sufficient mitigation efforts are deployed until 2030, it is appropriate to limit the contribution of net removals to the Union 2030 climate target to that level. This is without prejudice to the review of the relevant Union legislation in order to enable the achievement of the target.",both,not_candidate / insufficient_evidence,candidate / insufficient_evidence,insufficient_evidence / insufficient_evidence,low,missing or non-operative relational role kept as insufficient evidence,APPROVE RA unless the cited text supports a correction.,,,
CAND-0022,"Recital 28, lines 131-131","(28) Expenditure under the Union budget and the European Union Recovery Instrument established by Council Regulation (EU) 2020/2094 (13) contributes to climate objectives, by dedicating at least 30 % of the total amount of the expenditure to supporting climate objectives, on the basis of an effective methodology and in accordance with sectoral legislation.",structural,not_candidate / insufficient_evidence,insufficient_evidence / insufficient_evidence,insufficient_evidence / insufficient_evidence,low,missing or non-operative relational role kept as insufficient evidence,APPROVE RA unless the cited text supports a correction.,,,
CAND-0023,"Recital 29, lines 135-135","(29) In light of the objective of achieving climate neutrality by 2050 and in view of the international commitments under the Paris Agreement, continued efforts are necessary to ensure the phasing out of energy subsidies which are incompatible with that objective, in particular for fossil fuels, without impacting efforts to reduce energy poverty.",structural,not_candidate / insufficient_evidence,insufficient_evidence / insufficient_evidence,insufficient_evidence / insufficient_evidence,low,missing or non-operative relational role kept as insufficient evidence,APPROVE RA unless the cited text supports a correction.,,,
CAND-0024,"Recital 30, lines 139-139","(30) In order to provide predictability and confidence for all economic actors, including businesses, workers, investors and consumers, to ensure a gradual reduction of greenhouse gas emissions over time and that the transition towards climate neutrality is irreversible, the Commission should propose a Union intermediate climate target for 2040, as appropriate, at the latest within six months of the first global stocktake carried out under the Paris Agreement. The Commission can make proposals to revise the intermediate target, taking into account the findings of the assessments of Union progress and measures and of national measures as well…",both,not_candidate / insufficient_evidence,candidate / insufficient_evidence,direct_relationship / negative,low,explicit actor-to-actor direct relation retained,APPROVE RA unless the cited text supports a correction.,,,
CAND-0025,"Recital 31, lines 143-143","(31) Adaptation is a key component of the long-term global response to climate change. The adverse effects of climate change can potentially exceed the adaptive capacities of Member States. Therefore, Member States and the Union should enhance their adaptive capacity, strengthen resilience and reduce vulnerability to climate change, as provided for in Article 7 of the Paris Agreement, as well as maximise the co-benefits with other policies and legislation. The Commission should adopt a Union strategy on adaptation to climate change in line with the Paris Agreement. Member States should adopt comprehensive national adaptation strategies and p…",both,not_candidate / insufficient_evidence,candidate / insufficient_evidence,direct_relationship / negative,low,explicit actor-to-actor direct relation retained,APPROVE RA unless the cited text supports a correction.,,,
CAND-0026,"Recital 33, lines 151-151","(33) The relevant programmes established under the Multiannual Financial Framework provide for the screening of projects to ensure that such projects are resilient to the potential adverse impacts of climate change through a climate vulnerability and risk assessment, including through relevant adaptation measures, and that they integrate the costs of greenhouse gas emissions and the positive effects of climate mitigation measures in the cost-benefit analysis. This contributes to the integration of climate change-related risks as well as climate change vulnerability and adaptation assessments into investment and planning decisions under the U…",both,not_candidate / insufficient_evidence,insufficient_evidence / insufficient_evidence,insufficient_evidence / insufficient_evidence,low,missing or non-operative relational role kept as insufficient evidence,APPROVE RA unless the cited text supports a correction.,,,
CAND-0027,"Recital 34, lines 155-155","(34) In taking the relevant measures at Union and national level to achieve the climate-neutrality objective, Member States and the European Parliament, the Council and the Commission should, inter alia, take into account: the contribution of the transition to climate neutrality to public health, the quality of the environment, the well-being of citizens, the prosperity of society, employment and the competitiveness of the economy; the energy transition, strengthened energy security and the tackling of energy poverty; food security and affordability; the development of sustainable and smart mobility and transport systems; fairness and solida…",both,not_candidate / insufficient_evidence,candidate / insufficient_evidence,direct_relationship / negative,low,explicit actor-to-actor direct relation retained,APPROVE RA unless the cited text supports a correction.,,,
CAND-0028,"Recital 35, lines 159-159","(35) As indicated in the European Green Deal, the Commission adopted on 9 December 2020 a communication entitled ‘Sustainable and Smart Mobility Strategy – putting European transport on track for the future’. The strategy sets out a roadmap for a sustainable and smart future for European transport, with an action plan towards an objective to deliver a 90 % reduction in emissions from the transport sector by 2050.",both,not_candidate / insufficient_evidence,candidate / insufficient_evidence,insufficient_evidence / insufficient_evidence,low,missing or non-operative relational role kept as insufficient evidence,APPROVE RA unless the cited text supports a correction.,,,
CAND-0029,"Recital 36, lines 163-163","(36) To ensure that the Union and the Member States remain on track to achieve the climate-neutrality objective and progress on adaptation, the Commission should regularly assess progress, building upon information as set out in this Regulation, including information submitted and reported under Regulation (EU) 2018/1999. In order to allow for a timely preparation for the global stocktake referred to in Article 14 of the Paris Agreement, the conclusions of this assessment should be published by 30 September every five years, starting in 2023. This implies that the reports under Article 29(5) and Article 35 of that Regulation and, in the appl…",both,not_candidate / insufficient_evidence,candidate / insufficient_evidence,direct_relationship / negative,low,explicit actor-to-actor direct relation retained,APPROVE RA unless the cited text supports a correction.,,,
CAND-0030,"Recital 37, lines 167-167","(37) The Commission should ensure a robust and objective assessment based on the most up-to-date scientific, technical and socioeconomic findings, and representative of a broad range of independent expertise, and base its assessment on relevant information including information submitted and reported by Member States, reports of the EEA, of the Advisory Board and of the Commission’s Joint Research Centre, the best available and most recent scientific evidence, including the latest reports of the IPCC, IPBES and other international bodies, as well as the Earth observation data provided by the European Earth Observation Programme Copernicus. T…",both,not_candidate / insufficient_evidence,candidate / insufficient_evidence,insufficient_evidence / insufficient_evidence,low,missing or non-operative relational role kept as insufficient evidence,APPROVE RA unless the cited text supports a correction.,,,
CAND-0031,"Recital 38, lines 171-171","(38) As citizens and communities have a powerful role to play in driving the transformation towards climate neutrality forward, strong public and social engagement on climate action should be both encouraged and facilitated at all levels, including at national, regional and local level in an inclusive and accessible process. The Commission should therefore engage with all parts of society, including stakeholders representing different sectors of the economy, to enable and empower them to take action towards a climate-neutral and climate-resilient society, including through the European Climate Pact.",structural,not_candidate / insufficient_evidence,direct_relationship / negative,direct_relationship / negative,low,explicit actor-to-actor direct relation retained,APPROVE RA unless the cited text supports a correction.,,,
CAND-0032,"Recital 39, lines 175-175","(39) In line with the Commission’s commitment to the principles on Better Law-Making, coherence of the Union instruments as regards greenhouse gas emission reductions should be sought. The system of measuring the progress towards the achievement of the climate-neutrality objective as well as the consistency of measures taken with that objective should build upon and be consistent with the governance framework laid down in Regulation (EU) 2018/1999, taking into account all five dimensions of the Energy Union. In particular, the system of reporting on a regular basis and the sequencing of the Commission’s assessment and actions on the basis of…",both,not_candidate / insufficient_evidence,candidate / insufficient_evidence,insufficient_evidence / insufficient_evidence,low,missing or non-operative relational role kept as insufficient evidence,APPROVE RA unless the cited text supports a correction.,,,
CAND-0033,"Recital 40, lines 179-179","(40) Climate change is by definition a trans-boundary challenge and coordinated action at Union level is needed to effectively supplement and reinforce national policies. Since the objective of this Regulation, namely to achieve climate neutrality in the Union by 2050, cannot be sufficiently achieved by the Member States, but can rather, by reason of the scale and effects, be better achieved at Union level, the Union may adopt measures, in accordance with the principle of subsidiarity as set out in Article 5 of the Treaty on European Union. In accordance with the principle of proportionality, as set out in that Article, this Regulation does…",both,not_candidate / insufficient_evidence,candidate / insufficient_evidence,insufficient_evidence / insufficient_evidence,low,missing or non-operative relational role kept as insufficient evidence,APPROVE RA unless the cited text supports a correction.,,,
CAND-0034,"Recital 40, lines 183-183",HAVE ADOPTED THIS REGULATION:,structural,not_candidate / insufficient_evidence,insufficient_evidence / insufficient_evidence,insufficient_evidence / insufficient_evidence,low,missing or non-operative relational role kept as insufficient evidence,APPROVE RA unless the cited text supports a correction.,,,
CAND-0035,"Article 1, lines 191-191",This Regulation establishes a framework for the irreversible and gradual reduction of anthropogenic greenhouse gas emissions by sources and enhancement of removals by sinks regulated in Union law.,structural,insufficient_evidence / insufficient_evidence,insufficient_evidence / insufficient_evidence,insufficient_evidence / insufficient_evidence,medium,R1/R2 agreement selected for audit.,APPROVE RA unless the cited text supports a correction.,,,
CAND-0036,"Article 1, point (a), lines 193-193","This Regulation sets out a binding objective of climate neutrality in the Union by 2050 in pursuit of the long-term temperature goal set out in point (a) of Article 2(1) of the Paris Agreement, and provides a framework for achieving progress in pursuit of the global adaptation goal established in Article 7 of the Paris Agreement. This Regulation also sets out a binding Union target of a net domestic reduction in greenhouse gas emissions for 2030.",structural,insufficient_evidence / insufficient_evidence,insufficient_evidence / insufficient_evidence,insufficient_evidence / insufficient_evidence,medium,R1/R2 agreement selected for audit.,APPROVE RA unless the cited text supports a correction.,,,
CAND-0037,"Article 2, paragraph 1, lines 201-201","1. Union-wide greenhouse gas emissions and removals regulated in Union law shall be balanced within the Union at the latest by 2050, thus reducing emissions to net zero by that date, and the Union shall aim to achieve negative emissions thereafter.",structural,insufficient_evidence / insufficient_evidence,insufficient_evidence / insufficient_evidence,insufficient_evidence / insufficient_evidence,low,R1/R2 agreement selected for audit.,APPROVE RA unless the cited text supports a correction.,,,
CAND-0038,"Article 2, paragraph 2, lines 203-203","2. The relevant Union institutions and the Member States shall take the necessary measures at Union and national level, respectively, to enable the collective achievement of the climate-neutrality objective set out in paragraph 1, taking into account the importance of promoting both fairness and solidarity among Member States and cost-effectiveness in achieving this objective.",structural,insufficient_evidence / insufficient_evidence,insufficient_evidence / insufficient_evidence,insufficient_evidence / insufficient_evidence,low,R1/R2 agreement selected for audit.,APPROVE RA unless the cited text supports a correction.,,,
CAND-0039,"Article 3, paragraph 1, lines 209-209",1. The European Scientific Advisory Board on Climate Change established under Article 10a of Regulation (EC) No 401/2009 (the ‘Advisory Board’) shall serve as a point of reference for the Union on scientific knowledge relating to climate change by virtue of its independence and scientific and technical expertise.,structural,insufficient_evidence / insufficient_evidence,insufficient_evidence / insufficient_evidence,insufficient_evidence / insufficient_evidence,medium,R1/R2 agreement selected for audit.,APPROVE RA unless the cited text supports a correction.,,,
CAND-0040,"Article 3, paragraph 2, lines 211-211",2. The tasks of the Advisory Board shall include:,structural,insufficient_evidence / insufficient_evidence,insufficient_evidence / insufficient_evidence,insufficient_evidence / insufficient_evidence,low,R1/R2 agreement selected for audit.,APPROVE RA unless the cited text supports a correction.,,,
CAND-0041,"Article 3, point (a), lines 212-212","- (a) considering the latest scientific findings of the IPCC reports and scientific climate data, in particular with regard to information relevant to the Union;",both,insufficient_evidence / insufficient_evidence,insufficient_evidence / insufficient_evidence,insufficient_evidence / insufficient_evidence,medium,R1/R2 agreement selected for audit.,APPROVE RA unless the cited text supports a correction.,,,
CAND-0042,"Article 3, point (b), lines 213-213","- (b) providing scientific advice and issuing reports on existing and proposed Union measures, climate targets and indicative greenhouse gas budgets, and their coherence with the objectives of this Regulation and the Union’s international commitments under the Paris Agreement;",both,insufficient_evidence / insufficient_evidence,insufficient_evidence / insufficient_evidence,insufficient_evidence / insufficient_evidence,medium,R1/R2 agreement selected for audit.,APPROVE RA unless the cited text supports a correction.,,,
CAND-0044,"Article 3, point (e), lines 216-216","- (e) raising awareness on climate change and its impacts, as well as stimulating dialogue and cooperation between scientific bodies within the Union, complementing existing work and efforts.",lexical,insufficient_evidence / insufficient_evidence,insufficient_evidence / insufficient_evidence,insufficient_evidence / insufficient_evidence,low,RA low-confidence case selected for review.,APPROVE RA unless the cited text supports a correction.,,,
CAND-0051,"Article 4, paragraph 5, lines 238-238","5. When proposing the Union 2040 climate target in accordance with paragraph 3, the Commission shall consider the following:",structural,insufficient_evidence / insufficient_evidence,insufficient_evidence / insufficient_evidence,insufficient_evidence / insufficient_evidence,low,RA low-confidence case selected for review.,APPROVE RA unless the cited text supports a correction.,,,
CAND-0056,"Article 4, paragraph 6, lines 253-253","6. Within six months of the second global stocktake referred to in Article 14 of the Paris Agreement, the Commission may propose to revise the Union 2040 climate target in accordance with Article 11 of this Regulation.",structural,insufficient_evidence / insufficient_evidence,insufficient_evidence / insufficient_evidence,insufficient_evidence / insufficient_evidence,low,RA low-confidence case selected for review.,APPROVE RA unless the cited text supports a correction.,,,
CAND-0064,"Article 6, point (a), lines 276-276",- (a) the collective progress made by all Member States towards the achievement of the climate-neutrality objective set out in Article 2(1) of this Regulation;,structural,insufficient_evidence / insufficient_evidence,insufficient_evidence / insufficient_evidence,insufficient_evidence / insufficient_evidence,low,RA low-confidence case selected for review.,APPROVE RA unless the cited text supports a correction.,,,
CAND-0067,"Article 6, point (a), lines 281-281",- (a) the consistency of Union measures with the climate-neutrality objective set out in Article 2(1);,structural,insufficient_evidence / insufficient_evidence,insufficient_evidence / insufficient_evidence,insufficient_evidence / insufficient_evidence,low,RA low-confidence case selected for review.,APPROVE RA unless the cited text supports a correction.,,,
CAND-0094,"Article 12, point (2), lines 365-366","- (2) in Article 11, the following paragraph is added: ‘5. The Agency’s budget shall also include the expenditure relating to the Advisory Board.’.",structural,insufficient_evidence / insufficient_evidence,insufficient_evidence / insufficient_evidence,insufficient_evidence / insufficient_evidence,low,RA low-confidence case selected for review.,APPROVE RA unless the cited text supports a correction.,,,
CAND-0098,"Article 13, point (4), lines 383-384","- (4) in Article 8(2), the following point is added: - ‘(e) the manner in which existing policies and measures and planned policies and measures contribute to the achievement of the Union’s climate-neutrality objective set out in Article 2(1) of Regulation (EU) 2021/1119.’;",structural,insufficient_evidence / insufficient_evidence,insufficient_evidence / insufficient_evidence,insufficient_evidence / insufficient_evidence,low,RA low-confidence case selected for review.,APPROVE RA unless the cited text supports a correction.,,,
CAND-0104,"Article 13, point (10), lines 410-414","- (10) Part 1 of Annex I is amended as follows: - (a) in point 3.1.1 of Section A, point (i) is replaced by the following: - ‘i. Policies and measures to achieve the target set under Regulation (EU) 2018/842 as referred to in point 2.1.1 of this Section and policies and measures to comply with Regulation (EU) 2018/841, covering all key emitting sectors and sectors for the enhancement of removals, with an outlook to the Union’s climate-neutrality objective set out in Article 2(1) of Regulation (EU) 2021/1119’; - (b) in Section B, the following point is added: - ‘5.5. The contribution of planned policies and measures to the achievement of the…",structural,insufficient_evidence / insufficient_evidence,insufficient_evidence / insufficient_evidence,insufficient_evidence / insufficient_evidence,low,RA low-confidence case selected for review.,APPROVE RA unless the cited text supports a correction.,,,
CAND-0106,"Article 14, lines 423-423",This Regulation shall enter into force on the twentieth day following that of its publication in the Official Journal of the European Union.,structural,insufficient_evidence / insufficient_evidence,insufficient_evidence / insufficient_evidence,insufficient_evidence / insufficient_evidence,low,RA low-confidence case selected for review.,APPROVE RA unless the cited text supports a correction.,,,
