location,line_start,line_end,string_family,string_id,occurrence,context,occurrence_index_in_unit
"Recital 1, lines 23-23",23,23,mechanisms:delegated_implementation,delegated_implementation[1],implementation,"ion is committed to stepping up efforts to tackle climate change and to delivering on the implementation of the Paris Agreement adopted under the United Nations Framework Convention on Climate Change (the ‘Paris Agreement’) (4), guided by its principles",1
"Recital 2, lines 27-27",27,27,mechanisms:information_transmission,information_transmission[1],communication,"(2) The Commission has, in its communication of 11 December 2019 entitled ‘The European Green Deal’ (the ‘European Green Deal’), set out a new growth strategy that aims to transform the Union in",1
"Recital 3, lines 31-31",31,31,mechanisms:reporting,reporting[1],Report,"(3) The Intergovernmental Panel on Climate Change (IPCC) provides in its 2018 Special Report on the impacts of global warming of 1,5 °C above pre-industrial levels and related global greenhouse gas emission pathways, in the context of strengt",1
"Recital 3, lines 31-31",31,31,mechanisms:reporting,reporting[1],report,"step up climate action and to continue the transition to a climate-neutral economy. That report confirms that greenhouse gas emissions need to be urgently reduced, and that climate change needs to be limited to 1,5 °C, in particular to reduce th",2
"Recital 3, lines 31-31",31,31,mechanisms:reporting,reporting[1],Report,"rm on Biodiversity and Ecosystem Services (IPBES) has shown in its 2019 Global Assessment Report on Biodiversity and Ecosystem Services a worldwide erosion of biodiversity, with climate change as the third most important driver of biodiversity lo",3
"Recital 3, lines 31-31",31,31,generic_regulatory_families:assessment,assessment[1],Assessment,"licy Platform on Biodiversity and Ecosystem Services (IPBES) has shown in its 2019 Global Assessment Report on Biodiversity and Ecosystem Services a worldwide erosion of biodiversity, with climate change as the third most important driver of biodiver",4
"Recital 5, lines 39-39",39,39,mechanisms:information_transmission,information_transmission[1],communication,"ecurity threats, and the emergence and spread of infectious diseases. As announced in its communication of 24 February 2021 entitled ‘Forging a climate-resilient Europe – the new EU Strategy on Adaptation to Climate Change’, the Commission has launched",1
"Recital 12, lines 67-67",67,67,mechanisms:delegated_implementation,delegated_implementation[1],implementing,"arget agreed in 2014, before the entry into force of the Paris Agreement. The legislation implementing that target consists, inter alia, of Directive 2003/87/EC of the European Parliament and of the Council (5), which establishes the EU ETS, Regulation",1
"Recital 14, lines 75-75",75,75,mechanisms:information_transmission,information_transmission[1],communication,"(14) The Commission has, in its communication of 28 November 2018 entitled ‘A Clean Planet for all – A European strategic long-term vision for a prosperous, modern, competitive and climate-neutra",1
"Recital 17, lines 87-87",87,87,generic_regulatory_families:assessment,assessment[1],assessments,"he long-term temperature goal set out in the Paris Agreement and following the scientific assessments of the IPCC, IPBES, and the European Scientific Advisory Board on Climate Change, as well as the assessments of other international bodies.",1
"Recital 17, lines 87-87",87,87,generic_regulatory_families:assessment,assessment[1],assessments,"IPCC, IPBES, and the European Scientific Advisory Board on Climate Change, as well as the assessments of other international bodies.",2
"Recital 18, lines 91-91",91,91,mechanisms:standard_setting,standard_setting[1],standards,"bon leakage remains in respect of those international partners that do not share the same standards of climate protection as those of the Union. The Commission therefore intends to propose a carbon border adjustment mechanism for selected sectors, t",1
"Recital 18, lines 91-91",91,91,mechanisms:other_mechanism,other_mechanism[1],mechanism,"hose of the Union. The Commission therefore intends to propose a carbon border adjustment mechanism for selected sectors, to reduce such risks in a way which is compatible with the rules of the World Trade Organization. Furthermore, it is important",2
"Recital 20, lines 99-99",99,99,mechanisms:reporting,reporting[1],reported,"ant climate and energy legislation. Sinks include natural and technological solutions, as reported in the Union’s greenhouse gas inventories to the UNFCCC. Solutions that are based on carbon capture and storage (CCS) and carbon capture and use (CCU",1
"Recital 22, lines 107-107",107,107,mechanisms:verification,verification[1],verify,"ation of carbon removals based on robust and transparent carbon accounting to monitor and verify the authenticity of carbon removals, while ensuring that there are no negative impacts on the environment, in particular biodiversity, on public heal",1
"Recital 22, lines 107-107",107,107,mechanisms:certification,certification[1],certification,"ive Europe’, the Commission has committed itself to developing a regulatory framework for certification of carbon removals based on robust and transparent carbon accounting to monitor and verify the authenticity of carbon removals, while ensuring that t",2
"Recital 22, lines 107-107",107,107,mechanisms:monitoring_supervision,monitoring_supervision[1],monitor,"for certification of carbon removals based on robust and transparent carbon accounting to monitor and verify the authenticity of carbon removals, while ensuring that there are no negative impacts on the environment, in particular biodiversity, on",3
"Recital 22, lines 107-107",107,107,mechanisms:information_transmission,information_transmission[1],communication,"and land use sectors make an important contribution in that context. As announced in its communication of 20 May 2020 entitled ‘A Farm to Fork Strategy for a fair, healthy and environmentally-friendly food system’, the Commission will promote a new gre",4
"Recital 22, lines 107-107",107,107,mechanisms:information_transmission,information_transmission[1],communication,"ctions and carbon removals in the upcoming carbon farming initiative. Furthermore, in its communication of 11 March 2020 entitled ‘A new Circular Economy Action Plan for a cleaner and more competitive Europe’, the Commission has committed itself to deve",5
"Recital 26, lines 123-123",123,123,mechanisms:standard_setting,standard_setting[1],standards,"alia, renewables, energy efficiency, land use, energy taxation, CO2 emission performance standards for light-duty vehicles, effort sharing and the EU ETS.The Commission intends to assess the impacts of the introduction of additional Union measures",1
"Recital 26, lines 123-123",123,123,mechanisms:information_transmission,information_transmission[1],communication,"Commission assessed the Union’s 2030 target for greenhouse gas emission reduction, in its communication of 17 September 2020 entitled ‘Stepping up Europe’s 2030 climate ambition – Investing in a climate-neutral future for the benefit of our people’. The",2
"Recital 26, lines 123-123",123,123,mechanisms:delegated_implementation,delegated_implementation[1],implementation,"t in its conclusions of 10 and 11 December 2020. It also provided initial guidance on its implementation. That new Union 2030 climate target is a subsequent target for the purposes of point (11) of Article 2 of Regulation (EU) 2018/1999, and therefore re",3
"Recital 26, lines 123-123",123,123,mechanisms:delegated_implementation,delegated_implementation[1],implementing,"dition, the Commission should, by 30 June 2021, assess how the relevant Union legislation implementing the Union 2030 climate target would need to be amended in order to achieve such net emission reductions. In view of this, the Commission has announce",4
"Recital 26, lines 123-123",123,123,mechanisms:other_mechanism,other_mechanism[1],mechanism,"plement existing measures, such as market-based measures that include a strong solidarity mechanism.",5
"Recital 26, lines 123-123",123,123,generic_regulatory_families:assessment,assessment[1],assessed,"(26) As announced in the European Green Deal, the Commission assessed the Union’s 2030 target for greenhouse gas emission reduction, in its communication of 17 September 2020 entitled ‘Stepping up Europe’s 2030 climate",6
"Recital 26, lines 123-123",123,123,generic_regulatory_families:assessment,assessment[1],assessment,the benefit of our people’. The Commission did so on the basis of a comprehensive impact assessment and taking into account its analysis of the integrated national energy and climate plans submitted to it in accordance with Regulation (EU) 2018/1999,7
"Recital 26, lines 123-123",123,123,generic_regulatory_families:assessment,assessment[1],assess,"gas emissions set out in that point. In addition, the Commission should, by 30 June 2021, assess how the relevant Union legislation implementing the Union 2030 climate target would need to be amended in order to achieve such net emission reductio",8
"Recital 26, lines 123-123",123,123,generic_regulatory_families:assessment,assessment[1],assess,"tandards for light-duty vehicles, effort sharing and the EU ETS.The Commission intends to assess the impacts of the introduction of additional Union measures that could complement existing measures, such as market-based measures that include a st",9
"Recital 27, lines 127-127",127,127,generic_regulatory_families:assessment,assessment[1],assessments,"(27) According to Commission assessments, the existing commitments under Article 4 of Regulation (EU) 2018/841 result in a net carbon sink of 225 million tonnes of CO2 equivalent in 2030. In",1
"Recital 30, lines 139-139",139,139,generic_regulatory_families:assessment,assessment[1],assessments,"make proposals to revise the intermediate target, taking into account the findings of the assessments of Union progress and measures and of national measures as well as the outcomes of the global stocktake and of international developments, including",1
"Recital 30, lines 139-139",139,139,generic_regulatory_families:accountability,accountability[1],accountability,"rames for nationally determined contributions. As a tool to increase the transparency and accountability of the Union’s climate policies, the Commission should, when making its legislative proposal for the Union 2040 climate target, publish the projected",2
"Recital 31, lines 143-143",143,143,generic_regulatory_families:assessment,assessment[1],assessments,"strategies and plans based on robust climate change and vulnerability analyses, progress assessments and indicators, and guided by the best available and most recent scientific evidence. The Union should seek to create a favourable regulatory environ",1
"Recital 33, lines 151-151",151,151,generic_regulatory_families:assessment,assessment[1],assessment,"the potential adverse impacts of climate change through a climate vulnerability and risk assessment, including through relevant adaptation measures, and that they integrate the costs of greenhouse gas emissions and the positive effects of climate mi",1
"Recital 33, lines 151-151",151,151,generic_regulatory_families:assessment,assessment[1],assessments,on of climate change-related risks as well as climate change vulnerability and adaptation assessments into investment and planning decisions under the Union budget.,2
"Recital 34, lines 155-155",155,155,mechanisms:reporting,reporting[1],reported,"rogrammes; best available and most recent scientific evidence, in particular the findings reported by the IPCC; the need to integrate climate change related risks into investment and planning decisions; cost-effectiveness and technological neutrali",1
"Recital 35, lines 159-159",159,159,mechanisms:information_transmission,information_transmission[1],communication,"(35) As indicated in the European Green Deal, the Commission adopted on 9 December 2020 a communication entitled ‘Sustainable and Smart Mobility Strategy – putting European transport on track for the future’. The strategy sets out a roadmap for a sustai",1
"Recital 36, lines 163-163",163,163,mechanisms:reporting,reporting[1],reported,"lding upon information as set out in this Regulation, including information submitted and reported under Regulation (EU) 2018/1999. In order to allow for a timely preparation for the global stocktake referred to in Article 14 of the Paris Agreement",1
"Recital 36, lines 163-163",163,163,mechanisms:reporting,reporting[1],reports,"ld be published by 30 September every five years, starting in 2023. This implies that the reports under Article 29(5) and Article 35 of that Regulation and, in the applicable years, the related reports under Article 29(1) and Article 32 of that Re",2
"Recital 36, lines 163-163",163,163,mechanisms:reporting,reporting[1],reports,"Article 29(5) and Article 35 of that Regulation and, in the applicable years, the related reports under Article 29(1) and Article 32 of that Regulation should be submitted to the European Parliament and to the Council at the same time as the concl",3
"Recital 36, lines 163-163",163,163,generic_regulatory_families:assessment,assessment[1],assess,"climate-neutrality objective and progress on adaptation, the Commission should regularly assess progress, building upon information as set out in this Regulation, including information submitted and reported under Regulation (EU) 2018/1999. In o",4
"Recital 36, lines 163-163",163,163,generic_regulatory_families:assessment,assessment[1],assessment,"lobal stocktake referred to in Article 14 of the Paris Agreement, the conclusions of this assessment should be published by 30 September every five years, starting in 2023. This implies that the reports under Article 29(5) and Article 35 of that Regu",5
"Recital 36, lines 163-163",163,163,generic_regulatory_families:assessment,assessment[1],assessment,to the European Parliament and to the Council at the same time as the conclusions of that assessment. In the event that the collective progress made by Member States towards the achievement of the climate-neutrality objective or on adaptation is insu,6
"Recital 36, lines 163-163",163,163,generic_regulatory_families:assessment,assessment[1],assess,"necessary measures in accordance with the Treaties. The Commission should also regularly assess relevant national measures, and issue recommendations where it finds that a Member State’s measures are inconsistent with the climate-neutrality obje",7
"Recital 37, lines 167-167",167,167,mechanisms:reporting,reporting[1],reported,"tise, and base its assessment on relevant information including information submitted and reported by Member States, reports of the EEA, of the Advisory Board and of the Commission’s Joint Research Centre, the best available and most recent scienti",1
"Recital 37, lines 167-167",167,167,mechanisms:reporting,reporting[1],reports,"nt on relevant information including information submitted and reported by Member States, reports of the EEA, of the Advisory Board and of the Commission’s Joint Research Centre, the best available and most recent scientific evidence, including th",2
"Recital 37, lines 167-167",167,167,mechanisms:reporting,reporting[1],reports,"arch Centre, the best available and most recent scientific evidence, including the latest reports of the IPCC, IPBES and other international bodies, as well as the Earth observation data provided by the European Earth Observation Programme Coperni",3
"Recital 37, lines 167-167",167,167,generic_regulatory_families:assessment,assessment[1],assessment,"(37) The Commission should ensure a robust and objective assessment based on the most up-to-date scientific, technical and socioeconomic findings, and representative of a broad range of independent expertise, and base",4
"Recital 37, lines 167-167",167,167,generic_regulatory_families:assessment,assessment[1],assessment,"omic findings, and representative of a broad range of independent expertise, and base its assessment on relevant information including information submitted and reported by Member States, reports of the EEA, of the Advisory Board and of the Commissio",5
"Recital 37, lines 167-167",167,167,generic_regulatory_families:assessment,assessment[1],assessments,"e European Earth Observation Programme Copernicus. The Commission should further base its assessments on an indicative, linear trajectory linking the Union’s climate targets for 2030 and 2040, when adopted, with the Union’s climate-neutrality objectiv",6
"Recital 37, lines 167-167",167,167,generic_regulatory_families:evaluation,evaluation[1],evaluate,"he Union’s climate-neutrality objective and serving as an indicative tool to estimate and evaluate collective progress towards the achievement of the Union’s climate-neutrality objective. The indicative, linear trajectory is without prejudice to an",7
"Recital 39, lines 175-175",175,175,mechanisms:reporting,reporting[1],reporting,"taking into account all five dimensions of the Energy Union. In particular, the system of reporting on a regular basis and the sequencing of the Commission’s assessment and actions on the basis of the reporting should be aligned to the requirements",1
"Recital 39, lines 175-175",175,175,mechanisms:reporting,reporting[1],reporting,r basis and the sequencing of the Commission’s assessment and actions on the basis of the reporting should be aligned to the requirements to submit information and provide reports by Member States laid down in Regulation (EU) 2018/1999. Regulation (,2
"Recital 39, lines 175-175",175,175,mechanisms:reporting,reporting[1],reports,of the reporting should be aligned to the requirements to submit information and provide reports by Member States laid down in Regulation (EU) 2018/1999. Regulation (EU) 2018/1999 should therefore be amended in order to include the climate-neutra,3
"Recital 39, lines 175-175",175,175,generic_regulatory_families:assessment,assessment[1],assessment,"icular, the system of reporting on a regular basis and the sequencing of the Commission’s assessment and actions on the basis of the reporting should be aligned to the requirements to submit information and provide reports by Member States laid down",4
"Recital 40, lines 179-179",179,179,mechanisms:coordination,coordination[1],coordinated,"(40) Climate change is by definition a trans-boundary challenge and coordinated action at Union level is needed to effectively supplement and reinforce national policies. Since the objective of this Regulation, namely to achieve",1
"Article 3, point (a), lines 212-212",212,212,mechanisms:reporting,reporting[1],reports,"- (a) considering the latest scientific findings of the IPCC reports and scientific climate data, in particular with regard to information relevant to the Union;",1
"Article 3, point (b), lines 213-213",213,213,mechanisms:reporting,reporting[1],reports,"- (b) providing scientific advice and issuing reports on existing and proposed Union measures, climate targets and indicative greenhouse gas budgets, and their coherence with the objectives of this Regul",1
"Article 3, point (c), lines 214-214",214,214,mechanisms:monitoring_supervision,monitoring_supervision[1],monitoring,"ntributing to the exchange of independent scientific knowledge in the field of modelling, monitoring, promising research and innovation which contribute to reducing emissions or increasing removals;",1
"Article 3, point (c), lines 214-214",214,214,mechanisms:information_transmission,information_transmission[1],exchange,"- (c) contributing to the exchange of independent scientific knowledge in the field of modelling, monitoring, promising research and innovation which contribute to reducing emissions o",2
"Article 3, point (e), lines 216-216",216,216,mechanisms:coordination,coordination[1],cooperation,"raising awareness on climate change and its impacts, as well as stimulating dialogue and cooperation between scientific bodies within the Union, complementing existing work and efforts.",1
"Article 3, paragraph 3, lines 218-218",218,218,mechanisms:reporting,reporting[1],reports,"its work by the best available and most recent scientific evidence, including the latest reports of the IPCC, IPBES and other international bodies. It shall follow a fully transparent process and make its reports publicly available. It may take i",1
"Article 3, paragraph 3, lines 218-218",218,218,mechanisms:reporting,reporting[1],reports,"and other international bodies. It shall follow a fully transparent process and make its reports publicly available. It may take into account, where available, the work of the national climate advisory bodies referred to in paragraph 4.",2
"Article 4, paragraph 1, lines 226-228",226,228,mechanisms:delegated_implementation,delegated_implementation[1],implementing,"sions after deduction of removals) by at least 55 % compared to 1990 levels by 2030. When implementing the target referred to in the first subparagraph, the relevant Union institutions and the Member States shall prioritise swift and predictable emissi",1
"Article 4, paragraph 2, lines 230-232",230,232,mechanisms:reporting,reporting[1],report,"mmission, it shall monitor the legislative procedures for the different proposals and may report to the European Parliament and to the Council on whether the foreseen outcome of those legislative procedures, considered together, would achieve the",1
"Article 4, paragraph 2, lines 230-232",230,232,mechanisms:monitoring_supervision,monitoring_supervision[1],monitor,"as necessary. From the adoption of the legislative proposals by the Commission, it shall monitor the legislative procedures for the different proposals and may report to the European Parliament and to the Council on whether the foreseen outcome o",2
"Article 4, paragraph 2, lines 230-232",230,232,mechanisms:other_mechanism,other_mechanism[1],procedures,"adoption of the legislative proposals by the Commission, it shall monitor the legislative procedures for the different proposals and may report to the European Parliament and to the Council on whether the foreseen outcome of those legislative procedu",3
"Article 4, paragraph 2, lines 230-232",230,232,mechanisms:other_mechanism,other_mechanism[1],procedures,"ropean Parliament and to the Council on whether the foreseen outcome of those legislative procedures, considered together, would achieve the target set out in paragraph 1. If the foreseen outcome would not deliver a result in line with the target set",4
"Article 4, paragraph 2, lines 230-232",230,232,generic_regulatory_families:assessment,assessment[1],assess,"the review referred to in the first subparagraph and future reviews, the Commission shall assess in particular the availability under Union law of adequate instruments and incentives to mobilise the investments needed, and propose measures as nec",5
"Article 4, paragraph 3, lines 234-234",234,234,generic_regulatory_families:assessment,assessment[1],assessment,"Commission shall make a legislative proposal, as appropriate, based on a detailed impact assessment, to amend this Regulation to include the Union 2040 climate target, taking into account the conclusions of the assessments referred to in Articles 6",1
"Article 4, paragraph 3, lines 234-234",234,234,generic_regulatory_families:assessment,assessment[1],assessments,"tion to include the Union 2040 climate target, taking into account the conclusions of the assessments referred to in Articles 6 and 7 of this Regulation and the outcomes of the global stocktake.",2
"Article 4, paragraph 4, lines 236-236",236,236,mechanisms:reporting,reporting[1],report,"referred to in paragraph 3, the Commission shall, at the same time, publish in a separate report the projected indicative Union greenhouse gas budget for the 2030-2050 period, defined as the indicative total volume of net greenhouse gas emissions",1
"Article 4, paragraph 4, lines 236-236",236,236,mechanisms:delegated_implementation,delegated_implementation[1],implementing,"he advice of the Advisory Board as well as, where adopted, the relevant Union legislation implementing the Union 2030 climate target. The Commission shall also publish the methodology underlying the projected indicative Union greenhouse gas budget.",2
"Article 4, point (a), lines 239-239",239,239,mechanisms:reporting,reporting[1],reports,"- (a) the best available and most recent scientific evidence, including the latest reports of the IPCC and the Advisory Board;",1
"Article 5, paragraph 4, lines 267-267",267,267,mechanisms:reporting,reporting[1],reports,shall regularly update the strategies and include the related updated information in the reports to be submitted under Article 19(1) of Regulation (EU) 2018/1999.,1
"Article 5, paragraph 4, lines 267-267",267,267,mechanisms:delegated_implementation,delegated_implementation[1],implement,"4. Member States shall adopt and implement national adaptation strategies and plans, taking into consideration the Union strategy on adaptation to climate change referred to in paragraph 2 of",2
"Article 5, paragraph 4, lines 267-267",267,267,generic_regulatory_families:assessment,assessment[1],assessments,"2 of this Article and based on robust climate change and vulnerability analyses, progress assessments and indicators, and guided by the best available and most recent scientific evidence. In their national adaptation strategies, Member States shall ta",3
"Article 5, paragraph 5, lines 269-269",269,269,mechanisms:monitoring_supervision,monitoring_supervision[1],monitoring,"al management of material physical climate risks when planning, developing, executing and monitoring projects and programmes for projects.",1
"Article 6, paragraph 1, lines 275-275",275,275,generic_regulatory_families:assessment,assessment[1],assess,"1. By 30 September 2023, and every five years thereafter, the Commission shall assess, together with the assessment provided for under Article 29(5) of Regulation (EU) 2018/1999:",1
"Article 6, paragraph 1, lines 275-275",275,275,generic_regulatory_families:assessment,assessment[1],assessment,"ber 2023, and every five years thereafter, the Commission shall assess, together with the assessment provided for under Article 29(5) of Regulation (EU) 2018/1999:",2
"Article 6, point (b), lines 277-278",277,278,mechanisms:reporting,reporting[1],report,"ll submit the conclusions of that assessment, together with the State of the Energy Union report prepared in the respective calendar year in accordance with Article 35 of Regulation (EU) 2018/1999, to the European Parliament and to the Council.",1
"Article 6, point (b), lines 277-278",277,278,generic_regulatory_families:assessment,assessment[1],assessment,"d to in Article 5 of this Regulation. The Commission shall submit the conclusions of that assessment, together with the State of the Energy Union report prepared in the respective calendar year in accordance with Article 35 of Regulation (EU) 2018/19",2
"Article 6, paragraph 3, lines 284-284",284,284,generic_regulatory_families:assessment,assessment[1],assessments,"3. Where, based on the assessments referred to in paragraphs 1 and 2 of this Article, the Commission finds that Union measures are inconsistent with the climate-neutrality objective se",1
"Article 6, paragraph 4, lines 286-286",286,286,generic_regulatory_families:assessment,assessment[1],assess,"4. The Commission shall assess the consistency of any draft measure or legislative proposal, including budgetary proposals, with the climate-neutrality objective set out in Article",1
"Article 6, paragraph 4, lines 286-286",286,286,generic_regulatory_families:assessment,assessment[1],assessment,"rticle 2(1) and the Union 2030 and 2040 climate targets before adoption, and include that assessment in any impact assessment accompanying these measures or proposals, and make the result of that assessment publicly available at the time of adoption.",2
"Article 6, paragraph 4, lines 286-286",286,286,generic_regulatory_families:assessment,assessment[1],assessment,"2030 and 2040 climate targets before adoption, and include that assessment in any impact assessment accompanying these measures or proposals, and make the result of that assessment publicly available at the time of adoption. The Commission shall als",3
"Article 6, paragraph 4, lines 286-286",286,286,generic_regulatory_families:assessment,assessment[1],assessment,"y impact assessment accompanying these measures or proposals, and make the result of that assessment publicly available at the time of adoption. The Commission shall also assess whether those draft measures or legislative proposals, including budgeta",4
"Article 6, paragraph 4, lines 286-286",286,286,generic_regulatory_families:assessment,assessment[1],assess,"of that assessment publicly available at the time of adoption. The Commission shall also assess whether those draft measures or legislative proposals, including budgetary proposals, are consistent with ensuring progress on adaptation as referred",5
"Article 6, paragraph 4, lines 286-286",286,286,generic_regulatory_families:assessment,assessment[1],assessment,"ase of non-alignment, the Commission shall provide the reasons as part of the consistency assessment referred to in this paragraph.",6
"Article 7, paragraph 1, lines 292-292",292,292,generic_regulatory_families:assessment,assessment[1],assess,"1. By 30 September 2023, and every five years thereafter, the Commission shall assess:",1
"Article 7, point (a), lines 293-293",293,293,mechanisms:reporting,reporting[1],reports,"ational energy and climate plans, national long-term strategies and the biennial progress reports submitted in accordance with Regulation (EU) 2018/1999, as relevant for the achievement of the climate-neutrality objective set out in Article 2(1) o",1
"Article 7, point (b), lines 294-295",294,295,mechanisms:reporting,reporting[1],report,"ll submit the conclusions of that assessment, together with the State of the Energy Union report prepared in the respective calendar year in accordance with Article 35 of Regulation (EU) 2018/1999, to the European Parliament and to the Council.",1
"Article 7, point (b), lines 294-295",294,295,generic_regulatory_families:assessment,assessment[1],assessment,"rategies referred to in Article 5(4). The Commission shall submit the conclusions of that assessment, together with the State of the Energy Union report prepared in the respective calendar year in accordance with Article 35 of Regulation (EU) 2018/19",2
"Article 7, paragraph 2, lines 297-297",297,297,generic_regulatory_families:assessment,assessment[1],assessed,"2. Where the Commission finds, after due consideration of the collective progress assessed in accordance with Article 6(1), that a Member State’s measures are inconsistent with the climate-neutrality objective set out in Article 2(1) or inc",1
"Article 7, point (a), lines 300-300",300,300,mechanisms:information_transmission,information_transmission[1],notify,"a) the Member State concerned shall, within six months of receipt of the recommendations, notify the Commission on how it intends to take due account of the recommendations in a spirit of solidarity between Member States and the Union and between",1
"Article 7, point (b), lines 301-301",301,301,mechanisms:reporting,reporting[1],report,"concerned shall set out, in its following integrated national energy and climate progress report submitted in accordance with Article 17 of Regulation (EU) 2018/1999, in the year following the year in which the recommendations were issued, how it",1
"Article 7, point (b), lines 301-301",301,301,mechanisms:information_transmission,information_transmission[1],notification,"- (b) after the submission of the notification referred to in point (a) of this paragraph, the Member State concerned shall set out, in its following integrated national energy and climate progres",2
"Article 8, paragraph 1, lines 308-308",308,308,generic_regulatory_families:assessment,assessment[1],assessments,"1. The Commission shall base its first and second assessments referred to in Articles 6 and 7 on an indicative, linear trajectory which sets out the pathway for the reduction of net emissions at Union level and",1
"Article 8, paragraph 2, lines 310-310",310,310,generic_regulatory_families:assessment,assessment[1],assessments,"2. Following the first and second assessments referred to in paragraph 1, the Commission shall base any subsequent assessment on an indicative, linear trajectory linking the Union 2040 climate ta",1
"Article 8, paragraph 2, lines 310-310",310,310,generic_regulatory_families:assessment,assessment[1],assessment,"d second assessments referred to in paragraph 1, the Commission shall base any subsequent assessment on an indicative, linear trajectory linking the Union 2040 climate target, when adopted, and the climate-neutrality objective set out in Article 2(1)",2
"Article 8, paragraph 3, point (a), lines 312-312",312,312,generic_regulatory_families:assessment,assessment[1],assessments,"national measures referred to in point (a) of Article 7(1), the Commission shall base its assessments referred to in Articles 6 and 7 on at least the following:",1
"Article 8, point (a), lines 313-313",313,313,mechanisms:reporting,reporting[1],reported,- (a) information submitted and reported under Regulation (EU) 2018/1999;,1
"Article 8, point (b), lines 314-314",314,314,mechanisms:reporting,reporting[1],reports,"- (b) reports of the EEA, the Advisory Board and the Commission’s Joint Research Centre;",1
"Article 8, point (c), lines 315-315",315,315,mechanisms:reporting,reporting[1],reported,"ing statistics and data from the European Earth Observation Programme Copernicus, data on reported and projected losses from adverse climate impacts and estimates on the costs of inaction or delayed action, where available;",1
"Article 8, point (d), lines 316-316",316,316,mechanisms:reporting,reporting[1],reports,"- (d) the best available and most recent scientific evidence, including the latest reports of the IPCC, IPBES and other international bodies; and",1
"Article 8, paragraph 4, lines 319-319",319,319,generic_regulatory_families:assessment,assessment[1],assessments,"4. The EEA shall assist the Commission in the preparation of the assessments referred to in Articles 6 and 7, in accordance with its annual work programme.",1
"Article 9, paragraph 1, lines 325-325",325,325,mechanisms:information_transmission,information_transmission[1],exchange,"th social partners, academia, the business community, citizens and civil society, for the exchange of best practice and to identify actions to contribute to the achievement of the objectives of this Regulation. The Commission may also draw on the p",1
"Article 10, lines 333-333",333,333,mechanisms:monitoring_supervision,monitoring_supervision[1],monitor,"achieving the climate-neutrality objective set out in Article 2(1). The Commission shall monitor the development of such roadmaps. Its engagement shall involve the facilitation of dialogue at Union level, and the sharing of best practice among re",1
"Article 11, lines 339-339",339,339,mechanisms:reporting,reporting[1],report,"stocktake referred to in Article 14 of the Paris Agreement, the Commission shall submit a report to the European Parliament and to the Council, together with the conclusions of the assessments referred to in Articles 6 and 7 of this Regulation, o",1
"Article 11, lines 339-339",339,339,generic_regulatory_families:assessment,assessment[1],assessments,"eport to the European Parliament and to the Council, together with the conclusions of the assessments referred to in Articles 6 and 7 of this Regulation, on the operation of this Regulation, taking into account:",2
"Article 11, point (a), lines 341-341",341,341,mechanisms:reporting,reporting[1],reports,"- (a) the best available and most recent scientific evidence, including the latest reports of the IPCC and the Advisory Board;",1
"Article 11, lines 345-345",345,345,mechanisms:reporting,reporting[1],report,"The Commission’s report may be accompanied, where appropriate, by legislative proposals to amend this Regulation.",1
"Article 12, point (1), lines 353-363",353,363,mechanisms:standard_setting,standard_setting[1],criteria,ering a broad range of relevant disciplines. Members of the Advisory Board shall meet the criteria set out in paragraph 3. No more than two members of the Advisory Board shall hold the nationality of the same Member State. The independence of the m,1
"Article 12, point (1), lines 353-363",353,363,mechanisms:standard_setting,standard_setting[1],criteria,as well as gender and geographical balance. The selection shall be based on the following criteria: - (a) scientific excellence; - (b) experience in carrying out scientific assessments and providing scientific advice in the fields of expertise; - (,2
"Article 12, point (1), lines 353-363",353,363,mechanisms:delegated_implementation,delegated_implementation[1],designate,"of the members of the Advisory Board shall be beyond doubt. 3. The Management Board shall designate the members of the Advisory Board for a term of four years, which shall be renewable once, following an open, fair and transparent selection procedur",3
"Article 12, point (1), lines 353-363",353,363,mechanisms:delegated_implementation,delegated_implementation[1],implementation,rd shall inform the Management Board and the Executive Director of that programme and its implementation.’;,4
"Article 12, point (1), lines 353-363",353,363,mechanisms:other_mechanism,other_mechanism[1],procedure,"r years, which shall be renewable once, following an open, fair and transparent selection procedure. In its selection of the members of the Advisory Board, the Management Board shall seek to ensure a varied disciplinary and sectoral expertise, as we",5
"Article 12, point (1), lines 353-363",353,363,mechanisms:other_mechanism,other_mechanism[1],procedure,rperson from among its members for a period of four years and it shall adopt its rules of procedure. 5. The Advisory Board shall complement the work of the Agency while acting independently in discharging its tasks. The Advisory Board shall establis,6
"Article 12, point (1), lines 353-363",353,363,generic_regulatory_families:assessment,assessment[1],assessments,lowing criteria: - (a) scientific excellence; - (b) experience in carrying out scientific assessments and providing scientific advice in the fields of expertise; - (c) broad expertise in the field of climate and environment sciences or other scientifi,7
"Article 13, point (1), lines 374-375",374,375,mechanisms:delegated_implementation,delegated_implementation[1],implement,"01/2009 and (EU) 2018/1999 (“European Climate Law”) (OJ L 243, 9.7.2021, p. 1).’;"" - ‘(a) implement strategies and measures designed to meet the objectives and targets of the Energy Union and the long-term Union greenhouse gas emissions commitments",1
"Article 13, point (2), lines 377-378",377,378,mechanisms:reporting,reporting[1],reporting,"stimates for a sequence of six future years ending with 0 or 5, immediately following the reporting year;’;",1
"Article 13, point (3), lines 380-381",380,381,generic_regulatory_families:assessment,assessment[1],assessment,"- (3) in Article 3(2), point (f) is replaced by the following: - ‘(f) an assessment of the impacts of the planned policies and measures to meet the objectives referred to in point (b) of this paragraph, including their consistency wi",1
"Article 13, point (7), lines 397-400",397,400,mechanisms:reporting,reporting[1],reporting,"mation referred to in paragraphs 1 and 2 of this Article, including a methodology for the reporting on the phasing out of energy subsidies, in particular for fossil fuels, pursuant to point (d) of Article 25.’;",1
"Article 13, point (7), lines 397-400",397,400,mechanisms:delegated_implementation,delegated_implementation[1],implementing,"ons set out in the integrated national energy and climate plan, and towards financing and implementing the policies and measures necessary to meet them, including a review of actual investment against initial investment assumptions;’; - (b) in paragrap",2
"Article 13, point (7), lines 397-400",397,400,mechanisms:delegated_implementation,delegated_implementation[1],implementing,"sted by the Energy Union Committee referred to in point (b) of Article 44(1), shall adopt implementing acts to set out the structure, format, technical details and process for the information referred to in paragraphs 1 and 2 of this Article, including",3
"Article 13, point (8), lines 402-403",402,403,mechanisms:delegated_implementation,delegated_implementation[1],implementing,"ctive set out in Article 2(1) of Regulation (EU) 2021/1119, targets and contributions and implementing the policies and measures set out in its integrated national energy and climate plan;’;",1
"Article 13, point (9), lines 405-408",405,408,mechanisms:reporting,reporting[1],report,Article 45 is replaced by the following: ### ‘Article 45 #### Review The Commission shall report to the European Parliament and to the Council within six months of each global stocktake agreed under Article 14 of the Paris Agreement on the operat,1
"Article 13, point (9), lines 405-408",405,408,mechanisms:reporting,reporting[1],reporting,"on (EU) 2021/1119, additional Energy Union objectives and the conformity of the planning, reporting and monitoring provisions laid down in this Regulation with other Union law or decisions relating to the UNFCCC and the Paris Agreement. The Commissi",2
"Article 13, point (9), lines 405-408",405,408,mechanisms:reporting,reporting[1],reports,her Union law or decisions relating to the UNFCCC and the Paris Agreement. The Commission reports may be accompanied by legislative proposals where appropriate.’;,3
"Article 13, point (9), lines 405-408",405,408,mechanisms:monitoring_supervision,monitoring_supervision[1],monitoring,"119, additional Energy Union objectives and the conformity of the planning, reporting and monitoring provisions laid down in this Regulation with other Union law or decisions relating to the UNFCCC and the Paris Agreement. The Commission reports may",4
"Article 13, point (11), lines 416-417",416,417,generic_regulatory_families:assessment,assessment[1],assessment,"- (11) in point (c) of Annex VI, point (viii) is replaced by the following: - ‘(viii) an assessment of the contribution of the policy or measure to the achievement of the Union’s climate-neutrality objective set out in Article 2(1) of Regulation (EU",1
