candidate_id,location,candidate_origin,r1_screening_status,r2_screening_status,r1_relational_result,r2_relational_result,r1_mechanism,r2_mechanism,ra_screening_status,ra_relational_result,ra_confidence,comparison,divergence_categories,ra_basis
CAND-0001,"Recital 1, lines 23-23",both,not_candidate,candidate,insufficient_evidence,insufficient_evidence,delegated_implementation,delegated_implementation,insufficient_evidence,insufficient_evidence,low,divergence,inclusion_exclusion;low_confidence,missing or non-operative relational role kept as insufficient evidence
CAND-0002,"Recital 2, lines 27-27",both,direct_relationship,candidate,negative,insufficient_evidence,standard_setting,standard_setting,direct_relationship,negative,low,divergence,inclusion_exclusion;category;low_confidence,explicit actor-to-actor direct relation retained
CAND-0003,"Recital 3, lines 31-31",both,not_candidate,insufficient_evidence,insufficient_evidence,insufficient_evidence,reporting,reporting,insufficient_evidence,insufficient_evidence,low,divergence,inclusion_exclusion,missing or non-operative relational role kept as insufficient evidence
CAND-0004,"Recital 5, lines 39-39",lexical,not_candidate,candidate,insufficient_evidence,insufficient_evidence,none_or_direct,none_or_direct,insufficient_evidence,insufficient_evidence,low,divergence,inclusion_exclusion;low_confidence,missing or non-operative relational role kept as insufficient evidence
CAND-0005,"Recital 7, lines 47-47",structural,not_candidate,direct_relationship,insufficient_evidence,negative,coordination,coordination,direct_relationship,negative,low,divergence,inclusion_exclusion;category,explicit actor-to-actor direct relation retained
CAND-0006,"Recital 8, lines 51-51",structural,not_candidate,insufficient_evidence,insufficient_evidence,insufficient_evidence,standard_setting,standard_setting,insufficient_evidence,insufficient_evidence,low,divergence,inclusion_exclusion,missing or non-operative relational role kept as insufficient evidence
CAND-0007,"Recital 9, lines 55-55",structural,not_candidate,insufficient_evidence,insufficient_evidence,insufficient_evidence,none_or_direct,none_or_direct,insufficient_evidence,insufficient_evidence,low,divergence,inclusion_exclusion,missing or non-operative relational role kept as insufficient evidence
CAND-0008,"Recital 10, lines 59-59",structural,not_candidate,insufficient_evidence,insufficient_evidence,insufficient_evidence,none_or_direct,none_or_direct,insufficient_evidence,insufficient_evidence,low,divergence,inclusion_exclusion;low_confidence,missing or non-operative relational role kept as insufficient evidence
CAND-0009,"Recital 11, lines 63-63",structural,not_candidate,insufficient_evidence,insufficient_evidence,insufficient_evidence,none_or_direct,none_or_direct,insufficient_evidence,insufficient_evidence,low,divergence,inclusion_exclusion,missing or non-operative relational role kept as insufficient evidence
CAND-0010,"Recital 12, lines 67-67",both,not_candidate,candidate,insufficient_evidence,insufficient_evidence,standard_setting,standard_setting,insufficient_evidence,insufficient_evidence,low,divergence,inclusion_exclusion;low_confidence,missing or non-operative relational role kept as insufficient evidence
CAND-0011,"Recital 14, lines 75-75",lexical,not_candidate,candidate,insufficient_evidence,insufficient_evidence,none_or_direct,none_or_direct,insufficient_evidence,insufficient_evidence,low,divergence,inclusion_exclusion;low_confidence,missing or non-operative relational role kept as insufficient evidence
CAND-0012,"Recital 17, lines 87-87",both,not_candidate,candidate,insufficient_evidence,insufficient_evidence,verification,verification,insufficient_evidence,insufficient_evidence,low,divergence,inclusion_exclusion;low_confidence,missing or non-operative relational role kept as insufficient evidence
CAND-0013,"Recital 18, lines 91-91",lexical,not_candidate,candidate,insufficient_evidence,insufficient_evidence,standard_setting,standard_setting,insufficient_evidence,insufficient_evidence,low,divergence,inclusion_exclusion;low_confidence,missing or non-operative relational role kept as insufficient evidence
CAND-0014,"Recital 19, lines 95-95",structural,not_candidate,insufficient_evidence,insufficient_evidence,insufficient_evidence,reporting,reporting,insufficient_evidence,insufficient_evidence,low,divergence,inclusion_exclusion,missing or non-operative relational role kept as insufficient evidence
CAND-0015,"Recital 20, lines 99-99",both,not_candidate,candidate,insufficient_evidence,insufficient_evidence,reporting,reporting,insufficient_evidence,insufficient_evidence,low,divergence,inclusion_exclusion;low_confidence,missing or non-operative relational role kept as insufficient evidence
CAND-0016,"Recital 21, lines 103-103",structural,not_candidate,insufficient_evidence,insufficient_evidence,insufficient_evidence,standard_setting,standard_setting,insufficient_evidence,insufficient_evidence,low,divergence,inclusion_exclusion;low_confidence,missing or non-operative relational role kept as insufficient evidence
CAND-0017,"Recital 22, lines 107-107",both,not_candidate,candidate,insufficient_evidence,insufficient_evidence,monitoring_supervision,monitoring_supervision,insufficient_evidence,insufficient_evidence,low,divergence,inclusion_exclusion;low_confidence,missing or non-operative relational role kept as insufficient evidence
CAND-0018,"Recital 23, lines 111-111",structural,not_candidate,insufficient_evidence,insufficient_evidence,insufficient_evidence,none_or_direct,none_or_direct,insufficient_evidence,insufficient_evidence,low,divergence,inclusion_exclusion,missing or non-operative relational role kept as insufficient evidence
CAND-0019,"Recital 24, lines 115-115",structural,not_candidate,insufficient_evidence,insufficient_evidence,insufficient_evidence,reporting,reporting,insufficient_evidence,insufficient_evidence,low,divergence,inclusion_exclusion,missing or non-operative relational role kept as insufficient evidence
CAND-0020,"Recital 26, lines 123-123",both,not_candidate,candidate,insufficient_evidence,insufficient_evidence,reporting,reporting,insufficient_evidence,insufficient_evidence,low,divergence,inclusion_exclusion;low_confidence,missing or non-operative relational role kept as insufficient evidence
CAND-0021,"Recital 27, lines 127-127",both,not_candidate,candidate,insufficient_evidence,insufficient_evidence,verification,verification,insufficient_evidence,insufficient_evidence,low,divergence,inclusion_exclusion;low_confidence,missing or non-operative relational role kept as insufficient evidence
CAND-0022,"Recital 28, lines 131-131",structural,not_candidate,insufficient_evidence,insufficient_evidence,insufficient_evidence,none_or_direct,none_or_direct,insufficient_evidence,insufficient_evidence,low,divergence,inclusion_exclusion,missing or non-operative relational role kept as insufficient evidence
CAND-0023,"Recital 29, lines 135-135",structural,not_candidate,insufficient_evidence,insufficient_evidence,insufficient_evidence,none_or_direct,none_or_direct,insufficient_evidence,insufficient_evidence,low,divergence,inclusion_exclusion,missing or non-operative relational role kept as insufficient evidence
CAND-0024,"Recital 30, lines 139-139",both,not_candidate,candidate,insufficient_evidence,insufficient_evidence,verification,verification,direct_relationship,negative,low,divergence,inclusion_exclusion;low_confidence,explicit actor-to-actor direct relation retained
CAND-0025,"Recital 31, lines 143-143",both,not_candidate,candidate,insufficient_evidence,insufficient_evidence,verification,verification,direct_relationship,negative,low,divergence,inclusion_exclusion;low_confidence,explicit actor-to-actor direct relation retained
CAND-0026,"Recital 33, lines 151-151",both,not_candidate,insufficient_evidence,insufficient_evidence,insufficient_evidence,verification,verification,insufficient_evidence,insufficient_evidence,low,divergence,inclusion_exclusion,missing or non-operative relational role kept as insufficient evidence
CAND-0027,"Recital 34, lines 155-155",both,not_candidate,candidate,insufficient_evidence,insufficient_evidence,reporting,reporting,direct_relationship,negative,low,divergence,inclusion_exclusion;low_confidence,explicit actor-to-actor direct relation retained
CAND-0028,"Recital 35, lines 159-159",both,not_candidate,candidate,insufficient_evidence,insufficient_evidence,none_or_direct,none_or_direct,insufficient_evidence,insufficient_evidence,low,divergence,inclusion_exclusion;low_confidence,missing or non-operative relational role kept as insufficient evidence
CAND-0029,"Recital 36, lines 163-163",both,not_candidate,candidate,insufficient_evidence,insufficient_evidence,reporting,reporting,direct_relationship,negative,low,divergence,inclusion_exclusion;low_confidence,explicit actor-to-actor direct relation retained
CAND-0030,"Recital 37, lines 167-167",both,not_candidate,candidate,insufficient_evidence,insufficient_evidence,reporting,reporting,insufficient_evidence,insufficient_evidence,low,divergence,inclusion_exclusion;low_confidence,missing or non-operative relational role kept as insufficient evidence
CAND-0031,"Recital 38, lines 171-171",structural,not_candidate,direct_relationship,insufficient_evidence,negative,coordination,coordination,direct_relationship,negative,low,divergence,inclusion_exclusion;category,explicit actor-to-actor direct relation retained
CAND-0032,"Recital 39, lines 175-175",both,not_candidate,candidate,insufficient_evidence,insufficient_evidence,reporting,reporting,insufficient_evidence,insufficient_evidence,low,divergence,inclusion_exclusion;low_confidence,missing or non-operative relational role kept as insufficient evidence
CAND-0033,"Recital 40, lines 179-179",both,not_candidate,candidate,insufficient_evidence,insufficient_evidence,standard_setting,standard_setting,insufficient_evidence,insufficient_evidence,low,divergence,inclusion_exclusion;low_confidence,missing or non-operative relational role kept as insufficient evidence
CAND-0034,"Recital 40, lines 183-183",structural,not_candidate,insufficient_evidence,insufficient_evidence,insufficient_evidence,none_or_direct,none_or_direct,insufficient_evidence,insufficient_evidence,low,divergence,inclusion_exclusion,missing or non-operative relational role kept as insufficient evidence
CAND-0035,"Article 1, lines 191-191",structural,insufficient_evidence,insufficient_evidence,insufficient_evidence,insufficient_evidence,none_or_direct,none_or_direct,insufficient_evidence,insufficient_evidence,medium,agreement,,
CAND-0036,"Article 1, point (a), lines 193-193",structural,insufficient_evidence,insufficient_evidence,insufficient_evidence,insufficient_evidence,standard_setting,standard_setting,insufficient_evidence,insufficient_evidence,medium,agreement,,
CAND-0037,"Article 2, paragraph 1, lines 201-201",structural,insufficient_evidence,insufficient_evidence,insufficient_evidence,insufficient_evidence,none_or_direct,none_or_direct,insufficient_evidence,insufficient_evidence,low,agreement,low_confidence,
CAND-0038,"Article 2, paragraph 2, lines 203-203",structural,insufficient_evidence,insufficient_evidence,insufficient_evidence,insufficient_evidence,standard_setting,standard_setting,insufficient_evidence,insufficient_evidence,low,agreement,low_confidence,
CAND-0039,"Article 3, paragraph 1, lines 209-209",structural,insufficient_evidence,insufficient_evidence,insufficient_evidence,insufficient_evidence,none_or_direct,none_or_direct,insufficient_evidence,insufficient_evidence,medium,agreement,,
CAND-0040,"Article 3, paragraph 2, lines 211-211",structural,insufficient_evidence,insufficient_evidence,insufficient_evidence,insufficient_evidence,none_or_direct,none_or_direct,insufficient_evidence,insufficient_evidence,low,agreement,low_confidence,
CAND-0041,"Article 3, point (a), lines 212-212",both,insufficient_evidence,insufficient_evidence,insufficient_evidence,insufficient_evidence,reporting,reporting,insufficient_evidence,insufficient_evidence,medium,agreement,,
CAND-0042,"Article 3, point (b), lines 213-213",both,insufficient_evidence,insufficient_evidence,insufficient_evidence,insufficient_evidence,reporting,reporting,insufficient_evidence,insufficient_evidence,medium,agreement,,
CAND-0043,"Article 3, point (c), lines 214-214",both,insufficient_evidence,insufficient_evidence,insufficient_evidence,insufficient_evidence,monitoring_supervision,monitoring_supervision,insufficient_evidence,insufficient_evidence,medium,agreement,,
CAND-0044,"Article 3, point (e), lines 216-216",lexical,insufficient_evidence,insufficient_evidence,insufficient_evidence,insufficient_evidence,coordination,coordination,insufficient_evidence,insufficient_evidence,low,agreement,low_confidence,
CAND-0045,"Article 3, paragraph 3, lines 218-218",both,insufficient_evidence,insufficient_evidence,insufficient_evidence,insufficient_evidence,reporting,reporting,insufficient_evidence,insufficient_evidence,medium,agreement,,
CAND-0046,"Article 3, paragraph 4, lines 220-220",structural,insufficient_evidence,insufficient_evidence,insufficient_evidence,insufficient_evidence,reporting,reporting,insufficient_evidence,insufficient_evidence,medium,agreement,,
CAND-0047,"Article 4, paragraph 1, lines 226-228",both,insufficient_evidence,insufficient_evidence,insufficient_evidence,insufficient_evidence,verification,verification,insufficient_evidence,insufficient_evidence,medium,agreement,,
CAND-0048,"Article 4, paragraph 2, lines 230-232",both,insufficient_evidence,insufficient_evidence,insufficient_evidence,insufficient_evidence,reporting,reporting,insufficient_evidence,insufficient_evidence,medium,agreement,,
CAND-0049,"Article 4, paragraph 3, lines 234-234",both,insufficient_evidence,insufficient_evidence,insufficient_evidence,insufficient_evidence,verification,verification,insufficient_evidence,insufficient_evidence,medium,agreement,,
CAND-0050,"Article 4, paragraph 4, lines 236-236",both,insufficient_evidence,insufficient_evidence,insufficient_evidence,insufficient_evidence,reporting,reporting,insufficient_evidence,insufficient_evidence,medium,agreement,,
CAND-0051,"Article 4, paragraph 5, lines 238-238",structural,insufficient_evidence,insufficient_evidence,insufficient_evidence,insufficient_evidence,standard_setting,standard_setting,insufficient_evidence,insufficient_evidence,low,agreement,low_confidence,
CAND-0052,"Article 4, point (a), lines 239-239",both,insufficient_evidence,insufficient_evidence,insufficient_evidence,insufficient_evidence,reporting,reporting,insufficient_evidence,insufficient_evidence,medium,agreement,,
CAND-0053,"Article 4, point (c), lines 241-241",structural,insufficient_evidence,insufficient_evidence,insufficient_evidence,insufficient_evidence,none_or_direct,none_or_direct,insufficient_evidence,insufficient_evidence,medium,agreement,,
CAND-0054,"Article 4, point (i), lines 247-247",structural,insufficient_evidence,insufficient_evidence,insufficient_evidence,insufficient_evidence,none_or_direct,none_or_direct,insufficient_evidence,insufficient_evidence,medium,agreement,,
CAND-0055,"Article 4, point (m), lines 251-251",structural,insufficient_evidence,insufficient_evidence,insufficient_evidence,insufficient_evidence,reporting,reporting,insufficient_evidence,insufficient_evidence,medium,agreement,,
CAND-0056,"Article 4, paragraph 6, lines 253-253",structural,insufficient_evidence,insufficient_evidence,insufficient_evidence,insufficient_evidence,standard_setting,standard_setting,insufficient_evidence,insufficient_evidence,low,agreement,low_confidence,
CAND-0057,"Article 4, paragraph 7, lines 255-255",structural,insufficient_evidence,insufficient_evidence,insufficient_evidence,insufficient_evidence,verification,verification,insufficient_evidence,insufficient_evidence,medium,agreement,,
CAND-0058,"Article 5, paragraph 1, lines 261-261",structural,insufficient_evidence,insufficient_evidence,insufficient_evidence,insufficient_evidence,none_or_direct,none_or_direct,insufficient_evidence,insufficient_evidence,medium,agreement,,
CAND-0059,"Article 5, paragraph 2, point (b), lines 263-263",structural,insufficient_evidence,insufficient_evidence,insufficient_evidence,insufficient_evidence,verification,verification,insufficient_evidence,insufficient_evidence,medium,agreement,,
CAND-0060,"Article 5, paragraph 3, lines 265-265",structural,insufficient_evidence,insufficient_evidence,insufficient_evidence,insufficient_evidence,none_or_direct,none_or_direct,insufficient_evidence,insufficient_evidence,medium,agreement,,
CAND-0061,"Article 5, paragraph 4, lines 267-267",both,insufficient_evidence,insufficient_evidence,insufficient_evidence,insufficient_evidence,reporting,reporting,insufficient_evidence,insufficient_evidence,medium,agreement,,
CAND-0062,"Article 5, paragraph 5, lines 269-269",both,insufficient_evidence,insufficient_evidence,insufficient_evidence,insufficient_evidence,monitoring_supervision,monitoring_supervision,insufficient_evidence,insufficient_evidence,medium,agreement,,
CAND-0063,"Article 6, paragraph 1, lines 275-275",both,insufficient_evidence,insufficient_evidence,insufficient_evidence,insufficient_evidence,verification,verification,insufficient_evidence,insufficient_evidence,medium,agreement,,
CAND-0064,"Article 6, point (a), lines 276-276",structural,insufficient_evidence,insufficient_evidence,insufficient_evidence,insufficient_evidence,standard_setting,standard_setting,insufficient_evidence,insufficient_evidence,low,agreement,low_confidence,
CAND-0065,"Article 6, point (b), lines 277-278",both,insufficient_evidence,insufficient_evidence,insufficient_evidence,insufficient_evidence,reporting,reporting,insufficient_evidence,insufficient_evidence,medium,agreement,,
CAND-0066,"Article 6, paragraph 2, lines 280-280",structural,insufficient_evidence,insufficient_evidence,insufficient_evidence,insufficient_evidence,verification,verification,insufficient_evidence,insufficient_evidence,medium,agreement,,
CAND-0067,"Article 6, point (a), lines 281-281",structural,insufficient_evidence,insufficient_evidence,insufficient_evidence,insufficient_evidence,standard_setting,standard_setting,insufficient_evidence,insufficient_evidence,low,agreement,low_confidence,
CAND-0068,"Article 6, paragraph 3, lines 284-284",both,insufficient_evidence,insufficient_evidence,insufficient_evidence,insufficient_evidence,verification,verification,insufficient_evidence,insufficient_evidence,medium,agreement,,
CAND-0069,"Article 6, paragraph 4, lines 286-286",both,insufficient_evidence,insufficient_evidence,insufficient_evidence,insufficient_evidence,verification,verification,insufficient_evidence,insufficient_evidence,medium,agreement,,
CAND-0070,"Article 7, paragraph 1, lines 292-292",both,insufficient_evidence,insufficient_evidence,insufficient_evidence,insufficient_evidence,verification,verification,insufficient_evidence,insufficient_evidence,medium,agreement,,
CAND-0071,"Article 7, point (a), lines 293-293",both,insufficient_evidence,insufficient_evidence,insufficient_evidence,insufficient_evidence,reporting,reporting,insufficient_evidence,insufficient_evidence,medium,agreement,,
CAND-0072,"Article 7, point (b), lines 294-295",both,direct_relationship,direct_relationship,negative,negative,reporting,reporting,direct_relationship,negative,high,agreement,,
CAND-0073,"Article 7, paragraph 2, lines 297-297",both,direct_relationship,direct_relationship,negative,negative,verification,verification,direct_relationship,negative,high,agreement,,
CAND-0074,"Article 7, paragraph 3, lines 299-299",structural,insufficient_evidence,insufficient_evidence,insufficient_evidence,insufficient_evidence,none_or_direct,none_or_direct,insufficient_evidence,insufficient_evidence,medium,agreement,,
CAND-0075,"Article 7, point (a), lines 300-300",both,direct_relationship,direct_relationship,negative,negative,reporting,reporting,direct_relationship,negative,high,agreement,,
CAND-0076,"Article 7, point (b), lines 301-301",both,direct_relationship,direct_relationship,negative,negative,reporting,reporting,direct_relationship,negative,high,agreement,,
CAND-0077,"Article 7, point (c), lines 302-302",structural,insufficient_evidence,insufficient_evidence,insufficient_evidence,insufficient_evidence,none_or_direct,none_or_direct,insufficient_evidence,insufficient_evidence,medium,agreement,,
CAND-0078,"Article 8, paragraph 1, lines 308-308",both,insufficient_evidence,insufficient_evidence,insufficient_evidence,insufficient_evidence,verification,verification,insufficient_evidence,insufficient_evidence,medium,agreement,,
CAND-0079,"Article 8, paragraph 2, lines 310-310",both,insufficient_evidence,insufficient_evidence,insufficient_evidence,insufficient_evidence,verification,verification,insufficient_evidence,insufficient_evidence,medium,agreement,,
CAND-0080,"Article 8, paragraph 3, point (a), lines 312-312",both,direct_relationship,direct_relationship,negative,negative,verification,verification,direct_relationship,negative,high,agreement,,
CAND-0081,"Article 8, point (a), lines 313-313",both,insufficient_evidence,insufficient_evidence,insufficient_evidence,insufficient_evidence,reporting,reporting,insufficient_evidence,insufficient_evidence,medium,agreement,,
CAND-0082,"Article 8, point (b), lines 314-314",both,insufficient_evidence,insufficient_evidence,insufficient_evidence,insufficient_evidence,reporting,reporting,insufficient_evidence,insufficient_evidence,medium,agreement,,
CAND-0083,"Article 8, point (c), lines 315-315",both,insufficient_evidence,insufficient_evidence,insufficient_evidence,insufficient_evidence,reporting,reporting,insufficient_evidence,insufficient_evidence,medium,agreement,,
CAND-0084,"Article 8, point (d), lines 316-316",both,insufficient_evidence,insufficient_evidence,insufficient_evidence,insufficient_evidence,reporting,reporting,insufficient_evidence,insufficient_evidence,medium,agreement,,
CAND-0085,"Article 8, point (e), lines 317-317",structural,insufficient_evidence,insufficient_evidence,insufficient_evidence,insufficient_evidence,reporting,reporting,insufficient_evidence,insufficient_evidence,medium,agreement,,
CAND-0086,"Article 8, paragraph 4, lines 319-319",both,insufficient_evidence,insufficient_evidence,insufficient_evidence,insufficient_evidence,verification,verification,insufficient_evidence,insufficient_evidence,medium,agreement,,
CAND-0087,"Article 9, paragraph 1, lines 325-325",both,direct_relationship,direct_relationship,negative,negative,coordination,coordination,direct_relationship,negative,high,agreement,,
CAND-0088,"Article 9, paragraph 2, lines 327-327",structural,direct_relationship,direct_relationship,negative,negative,reporting,reporting,direct_relationship,negative,high,agreement,,
CAND-0089,"Article 10, lines 333-333",both,direct_relationship,direct_relationship,negative,negative,monitoring_supervision,monitoring_supervision,direct_relationship,negative,high,agreement,,
CAND-0090,"Article 11, lines 339-339",both,insufficient_evidence,insufficient_evidence,insufficient_evidence,insufficient_evidence,reporting,reporting,insufficient_evidence,insufficient_evidence,medium,agreement,,
CAND-0091,"Article 11, point (a), lines 341-341",both,insufficient_evidence,insufficient_evidence,insufficient_evidence,insufficient_evidence,reporting,reporting,insufficient_evidence,insufficient_evidence,medium,agreement,,
CAND-0092,"Article 11, lines 345-345",both,insufficient_evidence,insufficient_evidence,insufficient_evidence,insufficient_evidence,reporting,reporting,insufficient_evidence,insufficient_evidence,medium,agreement,,
CAND-0093,"Article 12, point (1), lines 353-363",both,insufficient_evidence,insufficient_evidence,insufficient_evidence,insufficient_evidence,reporting,reporting,insufficient_evidence,insufficient_evidence,medium,agreement,,
CAND-0094,"Article 12, point (2), lines 365-366",structural,insufficient_evidence,insufficient_evidence,insufficient_evidence,insufficient_evidence,none_or_direct,none_or_direct,insufficient_evidence,insufficient_evidence,low,agreement,low_confidence,
CAND-0095,"Article 13, point (1), lines 374-375",both,insufficient_evidence,insufficient_evidence,insufficient_evidence,insufficient_evidence,standard_setting,standard_setting,insufficient_evidence,insufficient_evidence,medium,agreement,,
CAND-0096,"Article 13, point (2), lines 377-378",both,insufficient_evidence,insufficient_evidence,insufficient_evidence,insufficient_evidence,reporting,reporting,insufficient_evidence,insufficient_evidence,medium,agreement,,
CAND-0097,"Article 13, point (3), lines 380-381",both,insufficient_evidence,insufficient_evidence,insufficient_evidence,insufficient_evidence,verification,verification,insufficient_evidence,insufficient_evidence,medium,agreement,,
CAND-0098,"Article 13, point (4), lines 383-384",structural,insufficient_evidence,insufficient_evidence,insufficient_evidence,insufficient_evidence,standard_setting,standard_setting,insufficient_evidence,insufficient_evidence,low,agreement,low_confidence,
CAND-0099,"Article 13, point (5), lines 386-389",structural,insufficient_evidence,insufficient_evidence,insufficient_evidence,insufficient_evidence,coordination,coordination,insufficient_evidence,insufficient_evidence,medium,agreement,,
CAND-0100,"Article 13, point (6), lines 391-395",structural,direct_relationship,direct_relationship,negative,negative,reporting,reporting,direct_relationship,negative,high,agreement,,
CAND-0101,"Article 13, point (7), lines 397-400",both,insufficient_evidence,insufficient_evidence,insufficient_evidence,insufficient_evidence,reporting,reporting,insufficient_evidence,insufficient_evidence,medium,agreement,,
CAND-0102,"Article 13, point (8), lines 402-403",both,insufficient_evidence,insufficient_evidence,insufficient_evidence,insufficient_evidence,standard_setting,standard_setting,insufficient_evidence,insufficient_evidence,medium,agreement,,
CAND-0103,"Article 13, point (9), lines 405-408",both,insufficient_evidence,insufficient_evidence,insufficient_evidence,insufficient_evidence,reporting,reporting,insufficient_evidence,insufficient_evidence,medium,agreement,,
CAND-0104,"Article 13, point (10), lines 410-414",structural,insufficient_evidence,insufficient_evidence,insufficient_evidence,insufficient_evidence,standard_setting,standard_setting,insufficient_evidence,insufficient_evidence,low,agreement,low_confidence,
CAND-0105,"Article 13, point (11), lines 416-417",both,insufficient_evidence,insufficient_evidence,insufficient_evidence,insufficient_evidence,verification,verification,insufficient_evidence,insufficient_evidence,medium,agreement,,
CAND-0106,"Article 14, lines 423-423",structural,insufficient_evidence,insufficient_evidence,insufficient_evidence,insufficient_evidence,none_or_direct,none_or_direct,insufficient_evidence,insufficient_evidence,low,agreement,low_confidence,
