"HUMAN_CASE_ID","RECORD_ID","ORIGINAL_PATTERN","HUMAN_DIAGNOSTIC_CLASS","TRIGGERED_CANDIDATE_RULES","KNOWN_DEFECT_REDISCOVERED","HUMAN_COMPLEXITY_BENCHMARK","ASSIGNED_COMPLEXITY","COMPLEXITY_DEFENSIBLE","UNDERCLASSIFIED_FROM_HUMAN_COMPLEX","COMPLEX_CASE_INCORRECTLY_SIMPLE","RECOMMENDED_NEXT_HANDLER","MODEL_SELECTION_PATTERN","LUNA_SELFREVIEW_FLAG","TERRA_V2_FLAG"
"R4_2D-QA2B-009","EXT-000054","COUNTERPART_RECIPIENT_OVERATTRIBUTION","COUNTERPART_RECIPIENT_OVERATTRIBUTION","PREPOSITION_DOES_NOT_IMPLY_RECIPIENT;RELATIONAL_ENTITY_MUST_BE_ACTOR_CAPABLE","YES","SIMPLE_OR_MODERATE","SIMPLE","YES","NO","NO","NONE","COUNTERPART_RECIPIENT_OVERATTRIBUTION","YES","YES"
"R4_2D-QA2B-010","EXT-000071","ACTOR_ACTION_FRAGMENTATION","SEMANTIC_SUBSTITUTION; SPAN_FRAGMENTATION; RELATIONAL_OMISSION","STRUCTURAL_EXTRACTION_MUST_PRESERVE_LEGAL_VERB;EXPLICIT_RELATIONAL_ACTOR_MUST_NOT_BE_DROPPED","YES","SIMPLE_OR_MODERATE","MODERATE","YES","NO","NO","NONE","ACTOR_ACTION_FRAGMENTATION","YES","YES"
"R4_2D-QA2B-025","EXT-000266","ACTOR_ACTION_FRAGMENTATION","CROSS_PROPOSITION_CONTAMINATION; PASSIVE_ACTOR_INVENTION; MODALITY_LOSS; SPAN_BOUNDARY_FAILURE","RELATIONAL_ENTITY_MUST_BE_ACTOR_CAPABLE;PROPOSITION_BOUNDARIES_MUST_BE_PRESERVED;TEMPORAL_SPATIAL_MANNER_MODIFIERS_ARE_NOT_CORE_ACTION_OR_OBJECT;OBJECT_MUST_NOT_FUNCTION_AS_RESIDUAL_BUCKET","YES","COMPLEX","COMPLEX","YES","NO","NO","NONE","ACTOR_ACTION_FRAGMENTATION","YES","YES"
"R4_2D-QA2B-026","EXT-000272","COUNTERPART_RECIPIENT_OVERATTRIBUTION","PROPOSITION_BOUNDARY_FAILURE; CROSS_PROPOSITION_CONTAMINATION","OBJECT_MUST_NOT_FUNCTION_AS_RESIDUAL_BUCKET","NO","COMPLEX","COMPLEX","YES","NO","NO","NONE","COUNTERPART_RECIPIENT_OVERATTRIBUTION","YES","YES"
"R4_2D-QA2B-036","EXT-000500","COUNTERPART_RECIPIENT_OVERATTRIBUTION","COUNTERPART_RECIPIENT_OVERATTRIBUTION; NORMATIVE_COMPLEMENT_MISCLASSIFICATION","PREPOSITION_DOES_NOT_IMPLY_RECIPIENT;RELATIONAL_ENTITY_MUST_BE_ACTOR_CAPABLE;PROPOSITION_BOUNDARIES_MUST_BE_PRESERVED;TEMPORAL_SPATIAL_MANNER_MODIFIERS_ARE_NOT_CORE_ACTION_OR_OBJECT;OBJECT_MUST_NOT_FUNCTION_AS_RESIDUAL_BUCKET","YES","SIMPLE_OR_MODERATE","COMPLEX","NO","NO","NO","NONE","COUNTERPART_RECIPIENT_OVERATTRIBUTION","YES","YES"
"R4_2D-QA2B-033","EXT-000505","ACTOR_ACTION_FRAGMENTATION","ACTOR_ACTION_FRAGMENTATION; RELATIONAL_OMISSION; OBJECT_SPAN_OVEREXTENSION","STRUCTURAL_EXTRACTION_MUST_PRESERVE_LEGAL_VERB;PROPOSITION_BOUNDARIES_MUST_BE_PRESERVED;DISCOURSE_ADVERB_IS_NOT_ACTION;TEMPORAL_SPATIAL_MANNER_MODIFIERS_ARE_NOT_CORE_ACTION_OR_OBJECT;EXPLICIT_RELATIONAL_ACTOR_MUST_NOT_BE_DROPPED;OBJECT_MUST_NOT_FUNCTION_AS_RESIDUAL_BUCKET","YES","SIMPLE_OR_MODERATE","COMPLEX","NO","NO","NO","NONE","ACTOR_ACTION_FRAGMENTATION","YES","YES"
"R4_2D-QA2B-054","EXT-000728","ACTOR_ACTION_FRAGMENTATION","PROPOSITION_BOUNDARY_FAILURE; PREDICATE_FRAGMENTATION; DISTANT_RELATIONAL_CONTAMINATION","PREPOSITION_DOES_NOT_IMPLY_RECIPIENT;RELATIONAL_ENTITY_MUST_BE_ACTOR_CAPABLE;PROPOSITION_BOUNDARIES_MUST_BE_PRESERVED;COORDINATED_PREDICATES_MUST_REMAIN_DISTINCT;OBJECT_MUST_NOT_FUNCTION_AS_RESIDUAL_BUCKET","YES","COMPLEX","COMPLEX","YES","NO","NO","NONE","ACTOR_ACTION_FRAGMENTATION","YES","YES"
"R4_2D-QA2B-056","EXT-000736","COUNTERPART_RECIPIENT_OVERATTRIBUTION","CROSS_PROPOSITION_CONTAMINATION; EMBEDDED_ACTOR_ACTION_STRUCTURE","","NO","COMPLEX","MODERATE","NO","YES","NO","NONE","COUNTERPART_RECIPIENT_OVERATTRIBUTION","YES","YES"
"R4_2D-QA2B-089","EXT-000924","COUNTERPART_RECIPIENT_OVERATTRIBUTION","MULTI_PROPOSITION_CONTAMINATION; PROPOSITION_ANCHOR_FAILURE","PROPOSITION_BOUNDARIES_MUST_BE_PRESERVED;COORDINATED_PREDICATES_MUST_REMAIN_DISTINCT;TEMPORAL_SPATIAL_MANNER_MODIFIERS_ARE_NOT_CORE_ACTION_OR_OBJECT;OBJECT_MUST_NOT_FUNCTION_AS_RESIDUAL_BUCKET","NO","COMPLEX","COMPLEX","YES","NO","NO","NONE","COUNTERPART_RECIPIENT_OVERATTRIBUTION","YES","YES"
"R4_2D-QA2B-067","EXT-000952","COUNTERPART_RECIPIENT_OVERATTRIBUTION","EMBEDDED_SOURCE_RELATION_PROMOTION","EMBEDDED_SOURCE_RELATION_MUST_NOT_BE_PROMOTED","YES","SIMPLE_OR_MODERATE","MODERATE","YES","NO","NO","NONE","COUNTERPART_RECIPIENT_OVERATTRIBUTION","YES","YES"
"R4_2D-QA2B-077","EXT-000958","ACTOR_ACTION_FRAGMENTATION","COORDINATED_PROPOSITION_CONFLATION; ACTOR_SPAN_TRUNCATION; MODALITY_LOSS; NON_ACTOR_PREPOSITIONAL_COMPLEMENT_MISCLASSIFICATION","RELATIONAL_ENTITY_MUST_BE_ACTOR_CAPABLE;COORDINATED_PREDICATES_MUST_REMAIN_DISTINCT","YES","COMPLEX","COMPLEX","YES","NO","NO","NONE","ACTOR_ACTION_FRAGMENTATION","YES","YES"
"R4_2D-QA2B-083","EXT-001263","ACTOR_ACTION_FRAGMENTATION","CROSS_SENTENCE_CONTAMINATION; ACTOR_ACTION_FRAGMENTATION; MODALITY_LOSS; OBJECT_SPAN_MISALLOCATION; NON_ACTOR_COMPLEMENT_MISCLASSIFICATION","PREPOSITION_DOES_NOT_IMPLY_RECIPIENT;RELATIONAL_ENTITY_MUST_BE_ACTOR_CAPABLE;PROPOSITION_BOUNDARIES_MUST_BE_PRESERVED;TEMPORAL_SPATIAL_MANNER_MODIFIERS_ARE_NOT_CORE_ACTION_OR_OBJECT","YES","COMPLEX","COMPLEX","YES","NO","NO","NONE","ACTOR_ACTION_FRAGMENTATION","YES","YES"
