"SUMMARY_DIMENSION","SUMMARY_VALUE","COUNT"
"ACT","D1_GDPR","485"
"ACT","D2_DSA","424"
"ACT","D3_AI_ACT","495"
"REPAIR_CANDIDATE","NO","345"
"REPAIR_CANDIDATE","UNCERTAIN","346"
"REPAIR_CANDIDATE","YES","713"
"REPAIR_COMPLEXITY","COMPLEX","385"
"REPAIR_COMPLEXITY","MODERATE","514"
"REPAIR_COMPLEXITY","NONE","345"
"REPAIR_COMPLEXITY","SIMPLE","160"
"REPAIR_ELIGIBILITY","ALREADY_HUMAN_ADJUDICATED","12"
"REPAIR_ELIGIBILITY","HUMAN_REVIEW_REQUIRED","364"
"REPAIR_ELIGIBILITY","NO_REPAIR_NEEDED","345"
"REPAIR_ELIGIBILITY","RULE_GUIDED_REPAIR_CANDIDATE","159"
"REPAIR_ELIGIBILITY","TERRA_REPAIR_REQUIRED","524"
"RECOMMENDED_NEXT_HANDLER","DETERMINISTIC_RULE","159"
"RECOMMENDED_NEXT_HANDLER","HUMAN","364"
"RECOMMENDED_NEXT_HANDLER","NONE","357"
"RECOMMENDED_NEXT_HANDLER","TERRA_HIGH","524"
"PRIORITY","P1","18"
"PRIORITY","P2","536"
"PRIORITY","P3","315"
"PRIORITY","P4","535"
"CANDIDATE_DEFECT_FAMILY","ACTOR_ACTION_SEGMENTATION_RISK","28"
"CANDIDATE_DEFECT_FAMILY","MULTIPLE_STRUCTURAL_RISKS","665"
"CANDIDATE_DEFECT_FAMILY","NO_RULE_SIGNAL","359"
"CANDIDATE_DEFECT_FAMILY","RELATIONAL_ROLE_ASSIGNMENT_RISK","352"
"RULE_TRIGGERED","STRUCTURAL_EXTRACTION_MUST_PRESERVE_LEGAL_VERB","15"
"RULE_TRIGGERED","PRESERVE_LEGAL_MODALITY","25"
"RULE_TRIGGERED","PRESERVE_MODAL_DEONTIC_LEXICAL_CONSTRUCTION","25"
"RULE_TRIGGERED","ALLOW_NO_EXPLICIT_ACTOR","7"
"RULE_TRIGGERED","DO_NOT_INFER_ACTOR_IN_PASSIVE_CONSTRUCTION","7"
"RULE_TRIGGERED","PREPOSITION_DOES_NOT_IMPLY_RECIPIENT","645"
"RULE_TRIGGERED","RELATIONAL_ENTITY_MUST_BE_ACTOR_CAPABLE","303"
"RULE_TRIGGERED","EMBEDDED_SOURCE_RELATION_MUST_NOT_BE_PROMOTED","6"
"RULE_TRIGGERED","PROPOSITION_BOUNDARIES_MUST_BE_PRESERVED","330"
"RULE_TRIGGERED","COORDINATED_PREDICATES_MUST_REMAIN_DISTINCT","224"
"RULE_TRIGGERED","DISCOURSE_ADVERB_IS_NOT_ACTION","2"
"RULE_TRIGGERED","TEMPORAL_SPATIAL_MANNER_MODIFIERS_ARE_NOT_CORE_ACTION_OR_OBJECT","351"
"RULE_TRIGGERED","EXPLICIT_RELATIONAL_ACTOR_MUST_NOT_BE_DROPPED","31"
"RULE_TRIGGERED","OBJECT_MUST_NOT_FUNCTION_AS_RESIDUAL_BUCKET","570"
"RULE_TRIGGERED","MODEL_DETECTION_PATTERN_DOES_NOT_EQUAL_HUMAN_ROOT_CAUSE","0"
"ACT:D1_GDPR/REPAIR_CANDIDATE","NO","113"
"ACT:D1_GDPR/REPAIR_CANDIDATE","UNCERTAIN","105"
"ACT:D1_GDPR/REPAIR_CANDIDATE","YES","267"
"ACT:D1_GDPR/REPAIR_COMPLEXITY","COMPLEX","127"
"ACT:D1_GDPR/REPAIR_COMPLEXITY","MODERATE","169"
"ACT:D1_GDPR/REPAIR_COMPLEXITY","NONE","113"
"ACT:D1_GDPR/REPAIR_COMPLEXITY","SIMPLE","76"
"ACT:D1_GDPR/REPAIR_ELIGIBILITY","ALREADY_HUMAN_ADJUDICATED","4"
"ACT:D1_GDPR/REPAIR_ELIGIBILITY","HUMAN_REVIEW_REQUIRED","118"
"ACT:D1_GDPR/REPAIR_ELIGIBILITY","NO_REPAIR_NEEDED","113"
"ACT:D1_GDPR/REPAIR_ELIGIBILITY","RULE_GUIDED_REPAIR_CANDIDATE","75"
"ACT:D1_GDPR/REPAIR_ELIGIBILITY","TERRA_REPAIR_REQUIRED","175"
"ACT:D1_GDPR/RECOMMENDED_NEXT_HANDLER","DETERMINISTIC_RULE","75"
"ACT:D1_GDPR/RECOMMENDED_NEXT_HANDLER","HUMAN","118"
"ACT:D1_GDPR/RECOMMENDED_NEXT_HANDLER","NONE","117"
"ACT:D1_GDPR/RECOMMENDED_NEXT_HANDLER","TERRA_HIGH","175"
"ACT:D1_GDPR/PRIORITY","P1","6"
"ACT:D1_GDPR/PRIORITY","P2","180"
"ACT:D1_GDPR/PRIORITY","P3","109"
"ACT:D1_GDPR/PRIORITY","P4","190"
"ACT:D1_GDPR/CANDIDATE_DEFECT_FAMILY","ACTOR_ACTION_SEGMENTATION_RISK","16"
"ACT:D1_GDPR/CANDIDATE_DEFECT_FAMILY","MULTIPLE_STRUCTURAL_RISKS","226"
"ACT:D1_GDPR/CANDIDATE_DEFECT_FAMILY","NO_RULE_SIGNAL","117"
"ACT:D1_GDPR/CANDIDATE_DEFECT_FAMILY","RELATIONAL_ROLE_ASSIGNMENT_RISK","126"
"ACT:D1_GDPR/RULE_TRIGGERED","STRUCTURAL_EXTRACTION_MUST_PRESERVE_LEGAL_VERB","5"
"ACT:D1_GDPR/RULE_TRIGGERED","PRESERVE_LEGAL_MODALITY","10"
"ACT:D1_GDPR/RULE_TRIGGERED","PRESERVE_MODAL_DEONTIC_LEXICAL_CONSTRUCTION","23"
"ACT:D1_GDPR/RULE_TRIGGERED","ALLOW_NO_EXPLICIT_ACTOR","3"
"ACT:D1_GDPR/RULE_TRIGGERED","DO_NOT_INFER_ACTOR_IN_PASSIVE_CONSTRUCTION","3"
"ACT:D1_GDPR/RULE_TRIGGERED","PREPOSITION_DOES_NOT_IMPLY_RECIPIENT","203"
"ACT:D1_GDPR/RULE_TRIGGERED","RELATIONAL_ENTITY_MUST_BE_ACTOR_CAPABLE","127"
"ACT:D1_GDPR/RULE_TRIGGERED","EMBEDDED_SOURCE_RELATION_MUST_NOT_BE_PROMOTED","0"
"ACT:D1_GDPR/RULE_TRIGGERED","PROPOSITION_BOUNDARIES_MUST_BE_PRESERVED","111"
"ACT:D1_GDPR/RULE_TRIGGERED","COORDINATED_PREDICATES_MUST_REMAIN_DISTINCT","75"
"ACT:D1_GDPR/RULE_TRIGGERED","DISCOURSE_ADVERB_IS_NOT_ACTION","1"
"ACT:D1_GDPR/RULE_TRIGGERED","TEMPORAL_SPATIAL_MANNER_MODIFIERS_ARE_NOT_CORE_ACTION_OR_OBJECT","124"
"ACT:D1_GDPR/RULE_TRIGGERED","EXPLICIT_RELATIONAL_ACTOR_MUST_NOT_BE_DROPPED","9"
"ACT:D1_GDPR/RULE_TRIGGERED","OBJECT_MUST_NOT_FUNCTION_AS_RESIDUAL_BUCKET","181"
"ACT:D1_GDPR/RULE_TRIGGERED","MODEL_DETECTION_PATTERN_DOES_NOT_EQUAL_HUMAN_ROOT_CAUSE","0"
"ACT:D2_DSA/REPAIR_CANDIDATE","NO","108"
"ACT:D2_DSA/REPAIR_CANDIDATE","UNCERTAIN","121"
"ACT:D2_DSA/REPAIR_CANDIDATE","YES","195"
"ACT:D2_DSA/REPAIR_COMPLEXITY","COMPLEX","118"
"ACT:D2_DSA/REPAIR_COMPLEXITY","MODERATE","162"
"ACT:D2_DSA/REPAIR_COMPLEXITY","NONE","108"
"ACT:D2_DSA/REPAIR_COMPLEXITY","SIMPLE","36"
"ACT:D2_DSA/REPAIR_ELIGIBILITY","ALREADY_HUMAN_ADJUDICATED","4"
"ACT:D2_DSA/REPAIR_ELIGIBILITY","HUMAN_REVIEW_REQUIRED","115"
"ACT:D2_DSA/REPAIR_ELIGIBILITY","NO_REPAIR_NEEDED","108"
"ACT:D2_DSA/REPAIR_ELIGIBILITY","RULE_GUIDED_REPAIR_CANDIDATE","36"
"ACT:D2_DSA/REPAIR_ELIGIBILITY","TERRA_REPAIR_REQUIRED","161"
"ACT:D2_DSA/RECOMMENDED_NEXT_HANDLER","DETERMINISTIC_RULE","36"
"ACT:D2_DSA/RECOMMENDED_NEXT_HANDLER","HUMAN","115"
"ACT:D2_DSA/RECOMMENDED_NEXT_HANDLER","NONE","112"
"ACT:D2_DSA/RECOMMENDED_NEXT_HANDLER","TERRA_HIGH","161"
"ACT:D2_DSA/PRIORITY","P1","5"
"ACT:D2_DSA/PRIORITY","P2","155"
"ACT:D2_DSA/PRIORITY","P3","102"
"ACT:D2_DSA/PRIORITY","P4","162"
"ACT:D2_DSA/CANDIDATE_DEFECT_FAMILY","ACTOR_ACTION_SEGMENTATION_RISK","8"
"ACT:D2_DSA/CANDIDATE_DEFECT_FAMILY","MULTIPLE_STRUCTURAL_RISKS","199"
"ACT:D2_DSA/CANDIDATE_DEFECT_FAMILY","NO_RULE_SIGNAL","112"
"ACT:D2_DSA/CANDIDATE_DEFECT_FAMILY","RELATIONAL_ROLE_ASSIGNMENT_RISK","105"
"ACT:D2_DSA/RULE_TRIGGERED","STRUCTURAL_EXTRACTION_MUST_PRESERVE_LEGAL_VERB","5"
"ACT:D2_DSA/RULE_TRIGGERED","PRESERVE_LEGAL_MODALITY","13"
"ACT:D2_DSA/RULE_TRIGGERED","PRESERVE_MODAL_DEONTIC_LEXICAL_CONSTRUCTION","0"
"ACT:D2_DSA/RULE_TRIGGERED","ALLOW_NO_EXPLICIT_ACTOR","2"
"ACT:D2_DSA/RULE_TRIGGERED","DO_NOT_INFER_ACTOR_IN_PASSIVE_CONSTRUCTION","2"
"ACT:D2_DSA/RULE_TRIGGERED","PREPOSITION_DOES_NOT_IMPLY_RECIPIENT","207"
"ACT:D2_DSA/RULE_TRIGGERED","RELATIONAL_ENTITY_MUST_BE_ACTOR_CAPABLE","83"
"ACT:D2_DSA/RULE_TRIGGERED","EMBEDDED_SOURCE_RELATION_MUST_NOT_BE_PROMOTED","2"
"ACT:D2_DSA/RULE_TRIGGERED","PROPOSITION_BOUNDARIES_MUST_BE_PRESERVED","92"
"ACT:D2_DSA/RULE_TRIGGERED","COORDINATED_PREDICATES_MUST_REMAIN_DISTINCT","61"
"ACT:D2_DSA/RULE_TRIGGERED","DISCOURSE_ADVERB_IS_NOT_ACTION","1"
"ACT:D2_DSA/RULE_TRIGGERED","TEMPORAL_SPATIAL_MANNER_MODIFIERS_ARE_NOT_CORE_ACTION_OR_OBJECT","96"
"ACT:D2_DSA/RULE_TRIGGERED","EXPLICIT_RELATIONAL_ACTOR_MUST_NOT_BE_DROPPED","11"
"ACT:D2_DSA/RULE_TRIGGERED","OBJECT_MUST_NOT_FUNCTION_AS_RESIDUAL_BUCKET","176"
"ACT:D2_DSA/RULE_TRIGGERED","MODEL_DETECTION_PATTERN_DOES_NOT_EQUAL_HUMAN_ROOT_CAUSE","0"
"ACT:D3_AI_ACT/REPAIR_CANDIDATE","NO","124"
"ACT:D3_AI_ACT/REPAIR_CANDIDATE","UNCERTAIN","120"
"ACT:D3_AI_ACT/REPAIR_CANDIDATE","YES","251"
"ACT:D3_AI_ACT/REPAIR_COMPLEXITY","COMPLEX","140"
"ACT:D3_AI_ACT/REPAIR_COMPLEXITY","MODERATE","183"
"ACT:D3_AI_ACT/REPAIR_COMPLEXITY","NONE","124"
"ACT:D3_AI_ACT/REPAIR_COMPLEXITY","SIMPLE","48"
"ACT:D3_AI_ACT/REPAIR_ELIGIBILITY","ALREADY_HUMAN_ADJUDICATED","4"
"ACT:D3_AI_ACT/REPAIR_ELIGIBILITY","HUMAN_REVIEW_REQUIRED","131"
"ACT:D3_AI_ACT/REPAIR_ELIGIBILITY","NO_REPAIR_NEEDED","124"
"ACT:D3_AI_ACT/REPAIR_ELIGIBILITY","RULE_GUIDED_REPAIR_CANDIDATE","48"
"ACT:D3_AI_ACT/REPAIR_ELIGIBILITY","TERRA_REPAIR_REQUIRED","188"
"ACT:D3_AI_ACT/RECOMMENDED_NEXT_HANDLER","DETERMINISTIC_RULE","48"
"ACT:D3_AI_ACT/RECOMMENDED_NEXT_HANDLER","HUMAN","131"
"ACT:D3_AI_ACT/RECOMMENDED_NEXT_HANDLER","NONE","128"
"ACT:D3_AI_ACT/RECOMMENDED_NEXT_HANDLER","TERRA_HIGH","188"
"ACT:D3_AI_ACT/PRIORITY","P1","7"
"ACT:D3_AI_ACT/PRIORITY","P2","201"
"ACT:D3_AI_ACT/PRIORITY","P3","104"
"ACT:D3_AI_ACT/PRIORITY","P4","183"
"ACT:D3_AI_ACT/CANDIDATE_DEFECT_FAMILY","ACTOR_ACTION_SEGMENTATION_RISK","4"
"ACT:D3_AI_ACT/CANDIDATE_DEFECT_FAMILY","MULTIPLE_STRUCTURAL_RISKS","240"
"ACT:D3_AI_ACT/CANDIDATE_DEFECT_FAMILY","NO_RULE_SIGNAL","130"
"ACT:D3_AI_ACT/CANDIDATE_DEFECT_FAMILY","RELATIONAL_ROLE_ASSIGNMENT_RISK","121"
"ACT:D3_AI_ACT/RULE_TRIGGERED","STRUCTURAL_EXTRACTION_MUST_PRESERVE_LEGAL_VERB","5"
"ACT:D3_AI_ACT/RULE_TRIGGERED","PRESERVE_LEGAL_MODALITY","2"
"ACT:D3_AI_ACT/RULE_TRIGGERED","PRESERVE_MODAL_DEONTIC_LEXICAL_CONSTRUCTION","2"
"ACT:D3_AI_ACT/RULE_TRIGGERED","ALLOW_NO_EXPLICIT_ACTOR","2"
"ACT:D3_AI_ACT/RULE_TRIGGERED","DO_NOT_INFER_ACTOR_IN_PASSIVE_CONSTRUCTION","2"
"ACT:D3_AI_ACT/RULE_TRIGGERED","PREPOSITION_DOES_NOT_IMPLY_RECIPIENT","235"
"ACT:D3_AI_ACT/RULE_TRIGGERED","RELATIONAL_ENTITY_MUST_BE_ACTOR_CAPABLE","93"
"ACT:D3_AI_ACT/RULE_TRIGGERED","EMBEDDED_SOURCE_RELATION_MUST_NOT_BE_PROMOTED","4"
"ACT:D3_AI_ACT/RULE_TRIGGERED","PROPOSITION_BOUNDARIES_MUST_BE_PRESERVED","127"
"ACT:D3_AI_ACT/RULE_TRIGGERED","COORDINATED_PREDICATES_MUST_REMAIN_DISTINCT","88"
"ACT:D3_AI_ACT/RULE_TRIGGERED","DISCOURSE_ADVERB_IS_NOT_ACTION","0"
"ACT:D3_AI_ACT/RULE_TRIGGERED","TEMPORAL_SPATIAL_MANNER_MODIFIERS_ARE_NOT_CORE_ACTION_OR_OBJECT","131"
"ACT:D3_AI_ACT/RULE_TRIGGERED","EXPLICIT_RELATIONAL_ACTOR_MUST_NOT_BE_DROPPED","11"
"ACT:D3_AI_ACT/RULE_TRIGGERED","OBJECT_MUST_NOT_FUNCTION_AS_RESIDUAL_BUCKET","213"
"ACT:D3_AI_ACT/RULE_TRIGGERED","MODEL_DETECTION_PATTERN_DOES_NOT_EQUAL_HUMAN_ROOT_CAUSE","0"
"MODEL_SELECTION_PATTERN","ACTOR_ACTION_FRAGMENTATION","6"
"MODEL_SELECTION_PATTERN","COUNTERPART_RECIPIENT_OVERATTRIBUTION","6"
"MODEL_SELECTION_PATTERN","NOT_ASSIGNED_IN_SOURCE","1392"
