"CASE_ID","STRUCTURE_TYPE","EXPECTED_COUNT","PROCESSED_COUNT","SKIPPED_COUNT","SKIP_REASON","COVERAGE_STATUS"
"D1_GDPR","ARTICLE","99","99","0","","COMPLETE"
"D1_GDPR","RECITAL","173","173","0","","COMPLETE"
"D1_GDPR","ANNEX","0","0","0","","COMPLETE"
"D2_DSA","ARTICLE","93","93","0","","COMPLETE"
"D2_DSA","RECITAL","156","156","0","","COMPLETE"
"D2_DSA","ANNEX","0","0","0","","COMPLETE"
"D3_AI_ACT","ARTICLE","113","113","0","","COMPLETE"
"D3_AI_ACT","RECITAL","180","180","0","","COMPLETE"
"D3_AI_ACT","ANNEX","13","13","0","","COMPLETE"
