candidate_id,source_location,terra_r1_screening_status,terra_r1_R_normalized,terra_r1_I_normalized,terra_r1_T_normalized,terra_r1_A,terra_r1_B,terra_r1_C,terra_r1_D,terra_r1_E,terra_r1_relational_result,terra_r1_primary_mechanism,terra_r1_confidence,terra_r2_screening_status,terra_r2_R_normalized,terra_r2_I_normalized,terra_r2_T_normalized,terra_r2_A,terra_r2_B,terra_r2_C,terra_r2_D,terra_r2_E,terra_r2_relational_result,terra_r2_primary_mechanism,terra_r2_confidence,claude_r1_screening_status,claude_r1_R_normalized,claude_r1_I_normalized,claude_r1_T_normalized,claude_r1_A,claude_r1_B,claude_r1_C,claude_r1_D,claude_r1_E,claude_r1_relational_result,claude_r1_primary_mechanism,claude_r1_confidence,claude_r2_screening_status,claude_r2_R_normalized,claude_r2_I_normalized,claude_r2_T_normalized,claude_r2_A,claude_r2_B,claude_r2_C,claude_r2_D,claude_r2_E,claude_r2_relational_result,claude_r2_primary_mechanism,claude_r2_confidence,any_positive,positive_count_4,any_conditional,any_insufficient,any_I_present,any_C_yes,any_D_yes,relational_result_unanimous,R_unanimous,I_unanimous,T_unanimous,AE_unanimous,primary_mechanism_unanimous,substantive_disagreement,audit_sample_rule_10,human_gate_trigger,human_gate_reason
CAND2-C4E87D5066C6,"{""article"":null,""celex"":""32021R1119"",""hierarchy"":[""Recital 1""],""line_end"":23,""line_start"":23,""paragraph"":null,""point"":null,""recital"":""1"",""subparagraph"":null}",not_candidate,[],[],[],NO,NO,NO,NO,YES,negative,none_or_direct,high,not_candidate,[],[],[],NO,NO,NO,NO,YES,negative,none_or_direct,high,not_candidate,[],[],[],NO,NO,NO,NO,NO,negative,none_or_direct,high,not_candidate,[],[],[],NO,NO,NO,NO,YES,negative,none_or_direct,high,false,0,false,false,false,false,false,true,true,true,true,false,true,true,false,false,
CAND2-0E374F1C7A4C,"{""article"":null,""celex"":""32021R1119"",""hierarchy"":[""Recital 2""],""line_end"":27,""line_start"":27,""paragraph"":null,""point"":null,""recital"":""2"",""subparagraph"":null}",not_candidate,[],[],[],NO,NO,NO,NO,YES,negative,none_or_direct,high,not_candidate,[],[],[],NO,NO,NO,NO,YES,negative,none_or_direct,high,not_candidate,[],[],[],NO,NO,NO,NO,NO,negative,none_or_direct,high,not_candidate,[],[],[],NO,NO,NO,NO,YES,negative,none_or_direct,high,false,0,false,false,false,false,false,true,true,true,true,false,true,true,true,true,rule_10_random_audit_sample_unanimous_negative
CAND2-F9C7B65B0C4D,"{""article"":null,""celex"":""32021R1119"",""hierarchy"":[""Recital 3""],""line_end"":31,""line_start"":31,""paragraph"":null,""point"":null,""recital"":""3"",""subparagraph"":null}",not_candidate,[],[],[],NO,NO,NO,NO,YES,negative,none_or_direct,high,not_candidate,[],[],[],NO,NO,NO,NO,YES,negative,none_or_direct,high,not_candidate,[],[],[],NO,NO,NO,NO,NO,negative,none_or_direct,high,not_candidate,[],[],[],NO,NO,NO,NO,YES,negative,none_or_direct,high,false,0,false,false,false,false,false,true,true,true,true,false,true,true,false,false,
CAND2-5E4EA665A85E,"{""article"":null,""celex"":""32021R1119"",""hierarchy"":[""Recital 5""],""line_end"":39,""line_start"":39,""paragraph"":null,""point"":null,""recital"":""5"",""subparagraph"":null}",not_candidate,[],[],[],NO,NO,NO,NO,YES,negative,none_or_direct,high,not_candidate,[],[],[],NO,NO,NO,NO,YES,negative,none_or_direct,high,not_candidate,[],[],[],NO,NO,NO,NO,NO,negative,none_or_direct,high,not_candidate,[],[],[],NO,NO,NO,NO,YES,negative,none_or_direct,high,false,0,false,false,false,false,false,true,true,true,true,false,true,true,false,false,
CAND2-8EA8F480D39C,"{""article"":null,""celex"":""32021R1119"",""hierarchy"":[""Recital 7""],""line_end"":47,""line_start"":47,""paragraph"":null,""point"":null,""recital"":""7"",""subparagraph"":null}",direct_relationship,"[""commission""]",[],"[""key stakeholders"",""sectors of the economy""]",YES,YES,NO,NO,YES,negative,coordination,high,direct_relationship,"[""commission""]",[],"[""key stakeholders"",""sectors of the economy""]",YES,YES,NO,NO,YES,negative,coordination,medium,direct_relationship,"[""commission""]",[],"[""sectors of the economy / key stakeholders""]",YES,YES,NO,NO,YES,negative,coordination,medium,not_candidate,[],[],[],NO,NO,NO,NO,YES,negative,none_or_direct,high,false,0,false,false,false,false,false,true,false,true,false,false,false,true,false,false,
CAND2-04C304F4BA49,"{""article"":null,""celex"":""32021R1119"",""hierarchy"":[""Recital 8""],""line_end"":51,""line_start"":51,""paragraph"":null,""point"":null,""recital"":""8"",""subparagraph"":null}",direct_relationship,"[""union""]",[],"[""member states""]",YES,YES,NO,NO,YES,negative,standard_setting,high,not_candidate,[],[],[],NO,NO,NO,NO,YES,negative,none_or_direct,high,not_candidate,[],[],[],NO,NO,NO,NO,NO,negative,none_or_direct,high,not_candidate,[],[],[],NO,NO,NO,NO,YES,negative,none_or_direct,high,false,0,false,false,false,false,false,true,false,true,false,false,false,true,false,false,
CAND2-DD20E29F5EEE,"{""article"":null,""celex"":""32021R1119"",""hierarchy"":[""Recital 9""],""line_end"":55,""line_start"":55,""paragraph"":null,""point"":null,""recital"":""9"",""subparagraph"":null}",direct_relationship,"[""union""]",[],"[""member states""]",YES,YES,NO,NO,YES,negative,standard_setting,high,not_candidate,[],[],[],NO,NO,NO,NO,YES,negative,none_or_direct,high,not_candidate,[],[],[],NO,NO,NO,NO,NO,negative,none_or_direct,high,not_candidate,[],[],[],NO,NO,NO,NO,YES,negative,none_or_direct,high,false,0,false,false,false,false,false,true,false,true,false,false,false,true,false,false,
CAND2-EACA0173738F,"{""article"":null,""celex"":""32021R1119"",""hierarchy"":[""Recital 12""],""line_end"":67,""line_start"":67,""paragraph"":null,""point"":null,""recital"":""12"",""subparagraph"":null}",not_candidate,[],[],[],NO,NO,NO,NO,YES,negative,none_or_direct,high,not_candidate,[],[],[],NO,NO,NO,NO,YES,negative,none_or_direct,high,not_candidate,[],[],[],NO,NO,NO,NO,NO,negative,none_or_direct,high,not_candidate,[],[],[],NO,NO,NO,NO,YES,negative,none_or_direct,high,false,0,false,false,false,false,false,true,true,true,true,false,true,true,false,false,
CAND2-CDF54AB06415,"{""article"":null,""celex"":""32021R1119"",""hierarchy"":[""Recital 14""],""line_end"":75,""line_start"":75,""paragraph"":null,""point"":null,""recital"":""14"",""subparagraph"":null}",not_candidate,[],[],[],NO,NO,NO,NO,YES,negative,none_or_direct,high,not_candidate,[],[],[],NO,NO,NO,NO,YES,negative,none_or_direct,high,not_candidate,[],[],[],NO,NO,NO,NO,NO,negative,none_or_direct,high,not_candidate,[],[],[],NO,NO,NO,NO,YES,negative,none_or_direct,high,false,0,false,false,false,false,false,true,true,true,true,false,true,true,false,false,
CAND2-5AAF170024C6,"{""article"":null,""celex"":""32021R1119"",""hierarchy"":[""Recital 17""],""line_end"":87,""line_start"":87,""paragraph"":null,""point"":null,""recital"":""17"",""subparagraph"":null}",not_candidate,[],[],[],NO,NO,NO,NO,YES,negative,none_or_direct,high,not_candidate,[],[],[],NO,NO,NO,NO,YES,negative,none_or_direct,high,not_candidate,[],[],[],NO,NO,NO,NO,NO,negative,none_or_direct,high,not_candidate,[],[],[],NO,NO,NO,NO,YES,negative,none_or_direct,high,false,0,false,false,false,false,false,true,true,true,true,false,true,true,false,false,
CAND2-1317278CFFD8,"{""article"":null,""celex"":""32021R1119"",""hierarchy"":[""Recital 18""],""line_end"":91,""line_start"":91,""paragraph"":null,""point"":null,""recital"":""18"",""subparagraph"":null}",not_candidate,[],[],[],NO,NO,NO,NO,YES,negative,none_or_direct,high,not_candidate,[],[],[],NO,NO,NO,NO,YES,negative,none_or_direct,high,not_candidate,[],[],[],NO,NO,NO,NO,NO,negative,none_or_direct,high,not_candidate,[],[],[],NO,NO,NO,NO,YES,negative,none_or_direct,high,false,0,false,false,false,false,false,true,true,true,true,false,true,true,false,false,
CAND2-EF7DEB27D98C,"{""article"":null,""celex"":""32021R1119"",""hierarchy"":[""Recital 19""],""line_end"":95,""line_start"":95,""paragraph"":null,""point"":null,""recital"":""19"",""subparagraph"":null}",not_candidate,[],[],[],NO,NO,NO,NO,YES,negative,none_or_direct,high,not_candidate,[],[],[],NO,NO,NO,NO,YES,negative,none_or_direct,high,not_candidate,[],[],[],NO,NO,NO,NO,NO,negative,none_or_direct,high,not_candidate,[],[],[],NO,NO,NO,NO,YES,negative,none_or_direct,high,false,0,false,false,false,false,false,true,true,true,true,false,true,true,false,false,
CAND2-E5D1DF913444,"{""article"":null,""celex"":""32021R1119"",""hierarchy"":[""Recital 20""],""line_end"":99,""line_start"":99,""paragraph"":null,""point"":null,""recital"":""20"",""subparagraph"":null}",direct_relationship,"[""union""]",[],"[""commission"",""council"",""european parliament"",""member states""]",YES,YES,NO,NO,YES,negative,none_or_direct,high,direct_relationship,"[""union""]",[],"[""commission"",""council"",""european parliament"",""member states""]",YES,YES,NO,NO,YES,negative,none_or_direct,medium,candidate,[],[],"[""member states, european parliament, council and commission""]",NO,YES,NO,NO,YES,negative,none_or_direct,medium,not_candidate,[],[],[],NO,NO,NO,NO,YES,negative,none_or_direct,high,false,0,false,false,false,false,false,true,false,true,false,false,true,true,true,true,rule_10_random_audit_sample_unanimous_negative
CAND2-37CE75C181B6,"{""article"":null,""celex"":""32021R1119"",""hierarchy"":[""Recital 22""],""line_end"":107,""line_start"":107,""paragraph"":null,""point"":null,""recital"":""22"",""subparagraph"":null}",not_candidate,[],[],[],NO,NO,NO,NO,YES,negative,none_or_direct,high,not_candidate,[],[],[],NO,NO,NO,NO,YES,negative,none_or_direct,high,not_candidate,[],[],[],NO,NO,NO,NO,NO,negative,none_or_direct,high,not_candidate,[],[],[],NO,NO,NO,NO,YES,negative,none_or_direct,high,false,0,false,false,false,false,false,true,true,true,true,false,true,true,false,false,
CAND2-4DBCD3C10267,"{""article"":null,""celex"":""32021R1119"",""hierarchy"":[""Recital 24""],""line_end"":115,""line_start"":115,""paragraph"":null,""point"":null,""recital"":""24"",""subparagraph"":null}",direct_relationship,"[""union""]",[],"[""member states""]",YES,YES,NO,NO,YES,negative,standard_setting,high,direct_relationship,"[""union""]",[],"[""member states""]",YES,YES,NO,NO,YES,negative,standard_setting,medium,candidate,"[""relevant national authorities""]",[],[],YES,NO,NO,NO,YES,negative,other_mechanism,medium,not_candidate,[],[],[],NO,NO,NO,NO,YES,negative,none_or_direct,high,false,0,false,false,false,false,false,true,false,true,false,false,false,true,false,false,
CAND2-F5D039301252,"{""article"":null,""celex"":""32021R1119"",""hierarchy"":[""Recital 26""],""line_end"":123,""line_start"":123,""paragraph"":null,""point"":null,""recital"":""26"",""subparagraph"":null}",not_candidate,[],[],[],NO,NO,NO,NO,YES,negative,none_or_direct,high,not_candidate,[],[],[],NO,NO,NO,NO,YES,negative,none_or_direct,high,not_candidate,[],[],[],NO,NO,NO,NO,NO,negative,none_or_direct,high,not_candidate,[],[],[],NO,NO,NO,NO,YES,negative,none_or_direct,high,false,0,false,false,false,false,false,true,true,true,true,false,true,true,true,true,rule_10_random_audit_sample_unanimous_negative
CAND2-7D237A86714A,"{""article"":null,""celex"":""32021R1119"",""hierarchy"":[""Recital 27""],""line_end"":127,""line_start"":127,""paragraph"":null,""point"":null,""recital"":""27"",""subparagraph"":null}",not_candidate,[],[],[],NO,NO,NO,NO,YES,negative,none_or_direct,high,not_candidate,[],[],[],NO,NO,NO,NO,YES,negative,none_or_direct,high,not_candidate,[],[],[],NO,NO,NO,NO,NO,negative,none_or_direct,high,not_candidate,[],[],[],NO,NO,NO,NO,YES,negative,none_or_direct,high,false,0,false,false,false,false,false,true,true,true,true,false,true,true,false,false,
CAND2-3373C2B0AA49,"{""article"":null,""celex"":""32021R1119"",""hierarchy"":[""Recital 30""],""line_end"":139,""line_start"":139,""paragraph"":null,""point"":null,""recital"":""30"",""subparagraph"":null}",not_candidate,[],[],[],NO,NO,NO,NO,YES,negative,none_or_direct,high,not_candidate,[],[],[],NO,NO,NO,NO,YES,negative,none_or_direct,high,candidate,"[""commission""]",[],[],YES,NO,NO,NO,YES,negative,standard_setting,medium,not_candidate,[],[],[],NO,NO,NO,NO,YES,negative,none_or_direct,high,false,0,false,false,false,false,false,true,false,true,true,false,false,true,false,false,
CAND2-9F08E9BCE44A,"{""article"":null,""celex"":""32021R1119"",""hierarchy"":[""Recital 31""],""line_end"":143,""line_start"":143,""paragraph"":null,""point"":null,""recital"":""31"",""subparagraph"":null}",direct_relationship,"[""union""]",[],"[""commission"",""member states""]",YES,YES,NO,NO,YES,negative,standard_setting,high,direct_relationship,"[""union""]",[],"[""commission"",""member states""]",YES,YES,NO,NO,YES,negative,standard_setting,medium,candidate,[],[],"[""member states""]",NO,YES,NO,NO,YES,negative,none_or_direct,medium,not_candidate,[],[],[],NO,NO,NO,NO,YES,negative,none_or_direct,high,false,0,false,false,false,false,false,true,false,true,false,false,false,true,false,false,
CAND2-558133B800C4,"{""article"":null,""celex"":""32021R1119"",""hierarchy"":[""Recital 33""],""line_end"":151,""line_start"":151,""paragraph"":null,""point"":null,""recital"":""33"",""subparagraph"":null}",not_candidate,[],[],[],NO,NO,NO,NO,YES,negative,none_or_direct,high,not_candidate,[],[],[],NO,NO,NO,NO,YES,negative,none_or_direct,high,not_candidate,[],[],[],NO,NO,NO,NO,NO,negative,none_or_direct,high,not_candidate,[],[],[],NO,NO,NO,NO,YES,negative,none_or_direct,high,false,0,false,false,false,false,false,true,true,true,true,false,true,true,false,false,
CAND2-5BDA0309AE37,"{""article"":null,""celex"":""32021R1119"",""hierarchy"":[""Recital 34""],""line_end"":155,""line_start"":155,""paragraph"":null,""point"":null,""recital"":""34"",""subparagraph"":null}",direct_relationship,"[""union""]",[],"[""commission"",""council"",""european parliament"",""member states""]",YES,YES,NO,NO,YES,negative,standard_setting,high,direct_relationship,"[""union""]",[],"[""commission"",""council"",""european parliament"",""member states""]",YES,YES,NO,NO,YES,negative,standard_setting,medium,candidate,[],[],"[""member states, european parliament, council and commission""]",NO,YES,NO,NO,YES,negative,none_or_direct,medium,not_candidate,[],[],[],NO,NO,NO,NO,YES,negative,none_or_direct,high,false,0,false,false,false,false,false,true,false,true,false,false,false,true,false,false,
CAND2-8EAEE41F1080,"{""article"":null,""celex"":""32021R1119"",""hierarchy"":[""Recital 35""],""line_end"":159,""line_start"":159,""paragraph"":null,""point"":null,""recital"":""35"",""subparagraph"":null}",not_candidate,[],[],[],NO,NO,NO,NO,YES,negative,none_or_direct,high,not_candidate,[],[],[],NO,NO,NO,NO,YES,negative,none_or_direct,high,not_candidate,[],[],[],NO,NO,NO,NO,NO,negative,none_or_direct,high,not_candidate,[],[],[],NO,NO,NO,NO,YES,negative,none_or_direct,high,false,0,false,false,false,false,false,true,true,true,true,false,true,true,false,false,
CAND2-8856CE9D84FD,"{""article"":null,""celex"":""32021R1119"",""hierarchy"":[""Recital 36""],""line_end"":163,""line_start"":163,""paragraph"":null,""point"":null,""recital"":""36"",""subparagraph"":null}",direct_relationship,"[""commission""]",[],"[""member states""]",YES,YES,NO,NO,YES,negative,monitoring_supervision,high,direct_relationship,"[""commission""]",[],"[""member states""]",YES,YES,NO,NO,YES,negative,monitoring_supervision,medium,direct_relationship,"[""commission""]",[],"[""member states""]",YES,YES,NO,NO,YES,negative,monitoring_supervision,medium,not_candidate,[],[],[],NO,NO,NO,NO,YES,negative,none_or_direct,high,false,0,false,false,false,false,false,true,false,true,false,false,false,true,false,false,
CAND2-AB84F16B6A72,"{""article"":null,""celex"":""32021R1119"",""hierarchy"":[""Recital 37""],""line_end"":167,""line_start"":167,""paragraph"":null,""point"":null,""recital"":""37"",""subparagraph"":null}",direct_relationship,"[""union""]",[],"[""eea""]",YES,YES,NO,NO,YES,negative,none_or_direct,high,direct_relationship,"[""union""]",[],"[""eea""]",YES,YES,NO,NO,YES,negative,none_or_direct,medium,candidate,"[""commission""]","[""advisory board"",""commission's joint research centre"",""eea""]","[""member states""]",YES,YES,YES,YES,UNCLEAR,conditional,monitoring_supervision,medium,not_candidate,[],[],[],NO,NO,NO,NO,YES,negative,none_or_direct,high,false,0,true,false,true,true,true,false,false,false,false,false,false,true,false,true,rule_2_conditional_in_any_replica | rule_4_D_yes_in_any_replica | rule_5_relational_result_divergence | rule_6_substantive_I_divergence | rule_7_R_I_T_divergence_non_unanimous_negative
CAND2-DAF9214798E0,"{""article"":null,""celex"":""32021R1119"",""hierarchy"":[""Recital 38""],""line_end"":171,""line_start"":171,""paragraph"":null,""point"":null,""recital"":""38"",""subparagraph"":null}",direct_relationship,"[""commission""]",[],"[""all parts of society"",""stakeholders""]",YES,YES,NO,NO,YES,negative,coordination,high,direct_relationship,"[""commission""]",[],"[""all parts of society"",""stakeholders""]",YES,YES,NO,NO,YES,negative,coordination,medium,direct_relationship,"[""commission""]",[],"[""stakeholders across society""]",YES,YES,NO,NO,YES,negative,coordination,medium,not_candidate,[],[],[],NO,NO,NO,NO,YES,negative,none_or_direct,high,false,0,false,false,false,false,false,true,false,true,false,false,false,true,false,false,
CAND2-F6BA2D3327F5,"{""article"":null,""celex"":""32021R1119"",""hierarchy"":[""Recital 39""],""line_end"":175,""line_start"":175,""paragraph"":null,""point"":null,""recital"":""39"",""subparagraph"":null}",direct_relationship,"[""union""]",[],"[""member states""]",YES,YES,NO,NO,YES,negative,reporting,high,direct_relationship,"[""union""]",[],"[""member states""]",YES,YES,NO,NO,YES,negative,reporting,medium,not_candidate,[],[],[],NO,NO,NO,NO,NO,negative,none_or_direct,high,not_candidate,[],[],[],NO,NO,NO,NO,YES,negative,none_or_direct,high,false,0,false,false,false,false,false,true,false,true,false,false,false,true,false,false,
CAND2-2B14782F89D9,"{""article"":null,""celex"":""32021R1119"",""hierarchy"":[""Recital 40""],""line_end"":179,""line_start"":179,""paragraph"":null,""point"":null,""recital"":""40"",""subparagraph"":null}",not_candidate,[],[],[],NO,NO,NO,NO,YES,negative,none_or_direct,high,not_candidate,[],[],[],NO,NO,NO,NO,YES,negative,none_or_direct,high,not_candidate,[],[],[],NO,NO,NO,NO,NO,negative,none_or_direct,high,not_candidate,[],[],[],NO,NO,NO,NO,YES,negative,none_or_direct,high,false,0,false,false,false,false,false,true,true,true,true,false,true,true,false,false,
CAND2-DC2080A516E3,"{""article"":""2"",""celex"":""32021R1119"",""hierarchy"":[""Article 2"",""Climate-neutrality objective"",""paragraph 2""],""line_end"":203,""line_start"":203,""paragraph"":""2"",""point"":null,""recital"":null,""subparagraph"":null}",direct_relationship,"[""union""]",[],"[""member states"",""relevant union institutions""]",YES,YES,NO,NO,YES,negative,none_or_direct,high,direct_relationship,"[""union""]",[],"[""member states"",""relevant union institutions""]",YES,YES,NO,NO,YES,negative,none_or_direct,high,candidate,[],[],"[""the relevant union institutions and the member states""]",NO,YES,NO,NO,YES,negative,none_or_direct,high,candidate,[],[],"[""member states"",""relevant union institutions""]",NO,YES,NO,NO,YES,negative,none_or_direct,high,false,0,false,false,false,false,false,true,false,true,false,false,true,true,false,false,
CAND2-71E7A98F944E,"{""article"":""3"",""celex"":""32021R1119"",""hierarchy"":[""Article 3"",""Scientific advice on climate change"",""paragraph 1""],""line_end"":209,""line_start"":209,""paragraph"":""1"",""point"":null,""recital"":null,""subparagraph"":null}",not_candidate,[],[],[],NO,NO,NO,NO,YES,negative,none_or_direct,high,insufficient_evidence,[],[],[],UNCLEAR,UNCLEAR,UNCLEAR,UNCLEAR,NO,insufficient_evidence,none_or_direct,low,candidate,"[""advisory board""]",[],[],YES,NO,NO,NO,YES,negative,other_mechanism,high,candidate,[],[],[],NO,NO,NO,NO,YES,negative,none_or_direct,high,false,0,false,true,false,false,false,false,false,true,true,false,false,true,false,true,rule_3_insufficient_evidence_in_any_replica | rule_5_relational_result_divergence | rule_7_R_I_T_divergence_non_unanimous_negative
CAND2-DDC9A9630321,"{""article"":""3"",""celex"":""32021R1119"",""hierarchy"":[""Article 3"",""Scientific advice on climate change"",""paragraph 2"",""point (a)""],""line_end"":212,""line_start"":212,""paragraph"":""2"",""point"":""a"",""recital"":null,""subparagraph"":null}",not_candidate,[],[],[],NO,NO,NO,NO,YES,negative,none_or_direct,high,not_candidate,[],[],[],NO,NO,NO,NO,YES,negative,none_or_direct,high,candidate,"[""advisory board""]",[],[],YES,NO,NO,NO,YES,negative,none_or_direct,high,not_candidate,[],[],[],NO,NO,NO,NO,YES,negative,none_or_direct,high,false,0,false,false,false,false,false,true,false,true,true,false,true,true,false,false,
CAND2-D6ED62ADF0C5,"{""article"":""3"",""celex"":""32021R1119"",""hierarchy"":[""Article 3"",""Scientific advice on climate change"",""paragraph 2"",""point (b)""],""line_end"":213,""line_start"":213,""paragraph"":""2"",""point"":""b"",""recital"":null,""subparagraph"":null}",not_candidate,[],[],[],NO,NO,NO,NO,YES,negative,none_or_direct,high,insufficient_evidence,[],[],[],UNCLEAR,UNCLEAR,UNCLEAR,UNCLEAR,NO,insufficient_evidence,none_or_direct,low,candidate,"[""advisory board""]",[],[],YES,NO,NO,NO,YES,negative,reporting,medium,candidate,[],[],[],NO,NO,NO,NO,YES,negative,none_or_direct,high,false,0,false,true,false,false,false,false,false,true,true,false,false,true,false,true,rule_3_insufficient_evidence_in_any_replica | rule_5_relational_result_divergence | rule_7_R_I_T_divergence_non_unanimous_negative
CAND2-6EA7E563363E,"{""article"":""3"",""celex"":""32021R1119"",""hierarchy"":[""Article 3"",""Scientific advice on climate change"",""paragraph 2"",""point (c)""],""line_end"":214,""line_start"":214,""paragraph"":""2"",""point"":""c"",""recital"":null,""subparagraph"":null}",not_candidate,[],[],[],NO,NO,NO,NO,YES,negative,none_or_direct,high,not_candidate,[],[],[],NO,NO,NO,NO,YES,negative,none_or_direct,high,candidate,"[""advisory board""]",[],[],YES,NO,NO,NO,YES,negative,information_transmission,high,not_candidate,[],[],[],NO,NO,NO,NO,YES,negative,none_or_direct,high,false,0,false,false,false,false,false,true,false,true,true,false,false,true,false,false,
CAND2-021AD4B3CF48,"{""article"":""3"",""celex"":""32021R1119"",""hierarchy"":[""Article 3"",""Scientific advice on climate change"",""paragraph 2"",""point (e)""],""line_end"":216,""line_start"":216,""paragraph"":""2"",""point"":""e"",""recital"":null,""subparagraph"":null}",not_candidate,[],[],[],NO,NO,NO,NO,YES,negative,none_or_direct,high,not_candidate,[],[],[],NO,NO,NO,NO,YES,negative,none_or_direct,high,direct_relationship,"[""advisory board""]",[],"[""scientific bodies within the union""]",YES,YES,NO,NO,YES,negative,coordination,high,not_candidate,[],[],[],NO,NO,NO,NO,YES,negative,none_or_direct,high,false,0,false,false,false,false,false,true,false,true,false,false,false,true,false,false,
CAND2-082F5C3C3784,"{""article"":""3"",""celex"":""32021R1119"",""hierarchy"":[""Article 3"",""Scientific advice on climate change"",""paragraph 3""],""line_end"":218,""line_start"":218,""paragraph"":""3"",""point"":null,""recital"":null,""subparagraph"":null}",not_candidate,[],[],[],NO,NO,NO,NO,YES,negative,none_or_direct,high,not_candidate,[],[],[],NO,NO,NO,NO,YES,negative,none_or_direct,high,candidate,"[""advisory board""]",[],[],YES,NO,NO,NO,YES,negative,reporting,high,candidate,[],[],[],NO,NO,NO,NO,YES,negative,none_or_direct,high,false,0,false,false,false,false,false,true,false,true,true,false,false,true,false,false,
CAND2-11BF388480EA,"{""article"":""3"",""celex"":""32021R1119"",""hierarchy"":[""Article 3"",""Scientific advice on climate change"",""paragraph 4""],""line_end"":220,""line_start"":220,""paragraph"":""4"",""point"":null,""recital"":null,""subparagraph"":null}",direct_relationship,"[""union""]",[],"[""member states""]",YES,YES,NO,NO,YES,negative,standard_setting,high,candidate,"[""member state""]","[""national climate advisory body""]","[""relevant national authorities""]",YES,YES,YES,YES,YES,positive,information_transmission,medium,direct_relationship,"[""eea""]",[],"[""member state (that decides to establish a national climate advisory body)""]",YES,YES,NO,NO,YES,negative,information_transmission,high,direct_relationship,"[""eea""]",[],"[""member state (that decides to establish a national climate advisory body)""]",YES,YES,NO,NO,YES,negative,information_transmission,medium,true,1,false,false,true,true,true,false,false,false,false,false,false,true,false,true,rule_1_positive_in_any_replica | rule_4_D_yes_in_any_replica | rule_5_relational_result_divergence | rule_6_substantive_I_divergence | rule_7_R_I_T_divergence_non_unanimous_negative
CAND2-6E01B3D59579,"{""article"":""4"",""celex"":""32021R1119"",""hierarchy"":[""Article 4"",""Intermediate Union climate targets"",""paragraph 1""],""line_end"":228,""line_start"":226,""paragraph"":""1"",""point"":null,""recital"":null,""subparagraph"":null}",direct_relationship,"[""union""]",[],"[""member states"",""relevant union institutions""]",YES,YES,NO,NO,YES,negative,standard_setting,high,direct_relationship,"[""union""]",[],"[""member states"",""relevant union institutions""]",YES,YES,NO,NO,YES,negative,standard_setting,high,candidate,[],[],"[""the relevant union institutions and the member states""]",NO,YES,NO,NO,YES,negative,standard_setting,high,candidate,[],[],"[""member states"",""relevant union institutions""]",NO,YES,NO,NO,YES,negative,none_or_direct,high,false,0,false,false,false,false,false,true,false,true,false,false,false,true,false,false,
CAND2-28D96C4EB989,"{""article"":""4"",""celex"":""32021R1119"",""hierarchy"":[""Article 4"",""Intermediate Union climate targets"",""paragraph 2""],""line_end"":232,""line_start"":230,""paragraph"":""2"",""point"":null,""recital"":null,""subparagraph"":null}",direct_relationship,"[""commission""]",[],"[""council"",""european parliament""]",YES,YES,NO,NO,YES,negative,reporting,high,direct_relationship,"[""commission""]",[],"[""council"",""european parliament""]",YES,YES,NO,NO,YES,negative,reporting,high,candidate,"[""commission""]",[],[],YES,NO,NO,NO,YES,negative,monitoring_supervision,medium,candidate,[],[],[],YES,NO,NO,NO,YES,negative,monitoring_supervision,high,false,0,false,false,false,false,false,true,false,true,false,false,false,true,false,false,
CAND2-81FF544AFB12,"{""article"":""4"",""celex"":""32021R1119"",""hierarchy"":[""Article 4"",""Intermediate Union climate targets"",""paragraph 3""],""line_end"":234,""line_start"":234,""paragraph"":""3"",""point"":null,""recital"":null,""subparagraph"":null}",not_candidate,[],[],[],NO,NO,NO,NO,YES,negative,none_or_direct,high,not_candidate,[],[],[],NO,NO,NO,NO,YES,negative,none_or_direct,high,candidate,"[""commission""]",[],[],YES,NO,NO,NO,YES,negative,standard_setting,high,candidate,[],[],[],YES,NO,NO,NO,YES,negative,standard_setting,high,false,0,false,false,false,false,false,true,false,true,true,false,false,true,false,false,
CAND2-D64B4FFA6C04,"{""article"":""4"",""celex"":""32021R1119"",""hierarchy"":[""Article 4"",""Intermediate Union climate targets"",""paragraph 4""],""line_end"":236,""line_start"":236,""paragraph"":""4"",""point"":null,""recital"":null,""subparagraph"":null}",not_candidate,[],[],[],NO,NO,NO,NO,YES,negative,none_or_direct,high,not_candidate,[],[],[],NO,NO,NO,NO,YES,negative,none_or_direct,high,candidate,"[""commission""]","[""advisory board""]",[],YES,NO,YES,UNCLEAR,YES,negative,reporting,medium,candidate,[],"[""advisory board""]",[],YES,NO,YES,NO,YES,negative,reporting,high,false,0,false,false,true,true,false,true,false,false,true,false,false,true,false,true,rule_6_substantive_I_divergence
CAND2-5891C83730AB,"{""article"":""4"",""celex"":""32021R1119"",""hierarchy"":[""Article 4"",""Intermediate Union climate targets"",""paragraph 5""],""line_end"":238,""line_start"":238,""paragraph"":""5"",""point"":null,""recital"":null,""subparagraph"":null}",not_candidate,[],[],[],NO,NO,NO,NO,YES,negative,none_or_direct,high,not_candidate,[],[],[],NO,NO,NO,NO,YES,negative,none_or_direct,high,candidate,"[""commission""]",[],[],YES,NO,NO,NO,YES,negative,none_or_direct,low,candidate,[],[],[],YES,NO,NO,NO,YES,negative,standard_setting,high,false,0,false,false,false,false,false,true,false,true,true,false,false,true,true,true,rule_10_random_audit_sample_unanimous_negative
CAND2-8207DD57CAB1,"{""article"":""4"",""celex"":""32021R1119"",""hierarchy"":[""Article 4"",""Intermediate Union climate targets"",""paragraph 5"",""point (a)""],""line_end"":239,""line_start"":239,""paragraph"":""5"",""point"":""a"",""recital"":null,""subparagraph"":null}",not_candidate,[],[],[],NO,NO,NO,NO,YES,negative,none_or_direct,high,not_candidate,[],[],[],NO,NO,NO,NO,YES,negative,none_or_direct,high,candidate,"[""commission""]",[],[],YES,NO,NO,NO,YES,negative,none_or_direct,low,not_candidate,[],[],[],NO,NO,NO,NO,YES,negative,none_or_direct,high,false,0,false,false,false,false,false,true,false,true,true,false,true,true,false,false,
CAND2-A1B35C3F8A0A,"{""article"":""4"",""celex"":""32021R1119"",""hierarchy"":[""Article 4"",""Intermediate Union climate targets"",""paragraph 6""],""line_end"":253,""line_start"":253,""paragraph"":""6"",""point"":null,""recital"":null,""subparagraph"":null}",not_candidate,[],[],[],NO,NO,NO,NO,YES,negative,none_or_direct,high,not_candidate,[],[],[],NO,NO,NO,NO,YES,negative,none_or_direct,high,candidate,"[""commission""]",[],[],YES,NO,NO,NO,YES,negative,standard_setting,high,candidate,[],[],[],YES,NO,NO,NO,YES,negative,standard_setting,high,false,0,false,false,false,false,false,true,false,true,true,false,false,true,true,true,rule_10_random_audit_sample_unanimous_negative
CAND2-69F07555AEAE,"{""article"":""5"",""celex"":""32021R1119"",""hierarchy"":[""Article 5"",""Adaptation to climate change"",""paragraph 1""],""line_end"":261,""line_start"":261,""paragraph"":""1"",""point"":null,""recital"":null,""subparagraph"":null}",direct_relationship,"[""union""]",[],"[""member states"",""relevant union institutions""]",YES,YES,NO,NO,YES,negative,none_or_direct,high,direct_relationship,"[""union""]",[],"[""member states"",""relevant union institutions""]",YES,YES,NO,NO,YES,negative,none_or_direct,high,candidate,[],[],"[""the relevant union institutions and the member states""]",NO,YES,NO,NO,YES,negative,none_or_direct,high,candidate,[],[],"[""member states"",""relevant union institutions""]",NO,YES,NO,NO,YES,negative,none_or_direct,high,false,0,false,false,false,false,false,true,false,true,false,false,true,true,false,false,
CAND2-815A1BF3717E,"{""article"":""5"",""celex"":""32021R1119"",""hierarchy"":[""Article 5"",""Adaptation to climate change"",""paragraph 2""],""line_end"":263,""line_start"":263,""paragraph"":""2"",""point"":null,""recital"":null,""subparagraph"":null}",not_candidate,[],[],[],NO,NO,NO,NO,YES,negative,none_or_direct,high,not_candidate,[],[],[],NO,NO,NO,NO,YES,negative,none_or_direct,high,candidate,"[""commission""]",[],[],YES,NO,NO,NO,YES,negative,standard_setting,high,candidate,[],[],[],YES,NO,NO,NO,YES,negative,standard_setting,high,false,0,false,false,false,false,false,true,false,true,true,false,false,true,false,false,
CAND2-107690E984ED,"{""article"":""5"",""celex"":""32021R1119"",""hierarchy"":[""Article 5"",""Adaptation to climate change"",""paragraph 3""],""line_end"":265,""line_start"":265,""paragraph"":""3"",""point"":null,""recital"":null,""subparagraph"":null}",direct_relationship,"[""union""]",[],"[""member states"",""relevant union institutions""]",YES,YES,NO,NO,YES,negative,standard_setting,high,direct_relationship,"[""union""]",[],"[""member states"",""relevant union institutions""]",YES,YES,NO,NO,YES,negative,standard_setting,high,candidate,[],[],"[""the relevant union institutions and the member states""]",NO,YES,NO,NO,YES,negative,none_or_direct,high,candidate,[],[],"[""member states"",""relevant union institutions""]",NO,YES,NO,NO,YES,negative,coordination,high,false,0,false,false,false,false,false,true,false,true,false,false,false,true,false,false,
CAND2-8AC97A3A1797,"{""article"":""5"",""celex"":""32021R1119"",""hierarchy"":[""Article 5"",""Adaptation to climate change"",""paragraph 4""],""line_end"":267,""line_start"":267,""paragraph"":""4"",""point"":null,""recital"":null,""subparagraph"":null}",direct_relationship,"[""union""]",[],"[""member states""]",YES,YES,NO,NO,YES,negative,reporting,high,direct_relationship,"[""union""]",[],"[""member states""]",YES,YES,NO,NO,YES,negative,reporting,high,direct_relationship,"[""commission""]",[],"[""member states""]",YES,YES,NO,NO,YES,negative,standard_setting,high,direct_relationship,[],[],"[""member states""]",NO,YES,NO,NO,YES,negative,reporting,medium,false,0,false,false,false,false,false,true,false,true,true,false,false,true,false,false,
CAND2-4A3243C9112E,"{""article"":""5"",""celex"":""32021R1119"",""hierarchy"":[""Article 5"",""Adaptation to climate change"",""paragraph 5""],""line_end"":269,""line_start"":269,""paragraph"":""5"",""point"":null,""recital"":null,""subparagraph"":null}",not_candidate,[],[],[],NO,NO,NO,NO,YES,negative,none_or_direct,high,insufficient_evidence,[],[],[],UNCLEAR,UNCLEAR,UNCLEAR,UNCLEAR,NO,insufficient_evidence,none_or_direct,low,candidate,"[""commission""]",[],[],YES,NO,NO,NO,YES,negative,standard_setting,medium,candidate,[],[],[],YES,NO,NO,NO,YES,negative,standard_setting,medium,false,0,false,true,false,false,false,false,false,true,true,false,false,true,false,true,rule_3_insufficient_evidence_in_any_replica | rule_5_relational_result_divergence | rule_7_R_I_T_divergence_non_unanimous_negative
CAND2-EDD56D7845D3,"{""article"":""6"",""celex"":""32021R1119"",""hierarchy"":[""Article 6"",""Assessment of Union progress and measures"",""paragraph 1""],""line_end"":275,""line_start"":275,""paragraph"":""1"",""point"":null,""recital"":null,""subparagraph"":null}",direct_relationship,"[""commission""]",[],"[""member states""]",YES,YES,NO,NO,YES,negative,monitoring_supervision,high,direct_relationship,"[""commission""]",[],"[""member states""]",YES,YES,NO,NO,YES,negative,monitoring_supervision,high,direct_relationship,"[""commission""]",[],"[""member states""]",YES,YES,NO,NO,YES,negative,monitoring_supervision,medium,direct_relationship,"[""commission""]",[],"[""member states""]",YES,YES,NO,NO,YES,negative,monitoring_supervision,high,false,0,false,false,false,false,false,true,true,true,true,true,true,false,false,false,
CAND2-EC26B7CB9612,"{""article"":""6"",""celex"":""32021R1119"",""hierarchy"":[""Article 6"",""Assessment of Union progress and measures"",""paragraph 1"",""point (b)""],""line_end"":278,""line_start"":277,""paragraph"":""1"",""point"":""b"",""recital"":null,""subparagraph"":null}",direct_relationship,"[""commission""]",[],"[""member states""]",YES,YES,NO,NO,YES,negative,monitoring_supervision,high,direct_relationship,"[""commission""]",[],"[""member states""]",YES,YES,NO,NO,YES,negative,monitoring_supervision,high,direct_relationship,"[""commission""]",[],"[""member states""]",YES,YES,NO,NO,YES,negative,monitoring_supervision,high,direct_relationship,"[""commission""]",[],"[""member states""]",YES,YES,NO,NO,YES,negative,monitoring_supervision,high,false,0,false,false,false,false,false,true,true,true,true,true,true,false,true,true,rule_10_random_audit_sample_unanimous_negative
CAND2-7811F95526B7,"{""article"":""6"",""celex"":""32021R1119"",""hierarchy"":[""Article 6"",""Assessment of Union progress and measures"",""paragraph 2""],""line_end"":282,""line_start"":280,""paragraph"":""2"",""point"":null,""recital"":null,""subparagraph"":null}",not_candidate,[],[],[],NO,NO,NO,NO,YES,negative,none_or_direct,high,insufficient_evidence,[],[],[],UNCLEAR,UNCLEAR,UNCLEAR,UNCLEAR,NO,insufficient_evidence,none_or_direct,low,candidate,"[""commission""]",[],[],YES,NO,NO,NO,YES,negative,monitoring_supervision,high,candidate,[],[],[],YES,NO,NO,NO,YES,negative,monitoring_supervision,high,false,0,false,true,false,false,false,false,false,true,true,false,false,true,false,true,rule_3_insufficient_evidence_in_any_replica | rule_5_relational_result_divergence | rule_7_R_I_T_divergence_non_unanimous_negative
CAND2-5E47A052C0DF,"{""article"":""6"",""celex"":""32021R1119"",""hierarchy"":[""Article 6"",""Assessment of Union progress and measures"",""paragraph 3""],""line_end"":284,""line_start"":284,""paragraph"":""3"",""point"":null,""recital"":null,""subparagraph"":null}",not_candidate,[],[],[],NO,NO,NO,NO,YES,negative,none_or_direct,high,not_candidate,[],[],[],NO,NO,NO,NO,YES,negative,none_or_direct,high,direct_relationship,"[""commission""]",[],"[""member states""]",YES,YES,NO,NO,YES,negative,enforcement_support,medium,candidate,[],[],[],YES,NO,NO,NO,YES,negative,enforcement_support,medium,false,0,false,false,false,false,false,true,false,true,false,false,false,true,false,false,
CAND2-90DBC4512D0E,"{""article"":""6"",""celex"":""32021R1119"",""hierarchy"":[""Article 6"",""Assessment of Union progress and measures"",""paragraph 4""],""line_end"":286,""line_start"":286,""paragraph"":""4"",""point"":null,""recital"":null,""subparagraph"":null}",not_candidate,[],[],[],NO,NO,NO,NO,YES,negative,none_or_direct,high,not_candidate,[],[],[],NO,NO,NO,NO,YES,negative,none_or_direct,high,candidate,"[""commission""]",[],[],YES,NO,NO,NO,YES,negative,monitoring_supervision,high,candidate,[],[],[],YES,NO,NO,NO,YES,negative,verification,high,false,0,false,false,false,false,false,true,false,true,true,false,false,true,false,false,
CAND2-610B079BEC92,"{""article"":""7"",""celex"":""32021R1119"",""hierarchy"":[""Article 7"",""Assessment of national measures"",""paragraph 1""],""line_end"":292,""line_start"":292,""paragraph"":""1"",""point"":null,""recital"":null,""subparagraph"":null}",direct_relationship,"[""commission""]",[],"[""member states""]",YES,YES,NO,NO,YES,negative,monitoring_supervision,high,direct_relationship,"[""commission""]",[],"[""member states""]",YES,YES,NO,NO,YES,negative,monitoring_supervision,high,direct_relationship,"[""commission""]",[],"[""member states""]",YES,YES,NO,NO,YES,negative,monitoring_supervision,medium,direct_relationship,"[""commission""]",[],"[""member states""]",YES,YES,NO,NO,YES,negative,monitoring_supervision,high,false,0,false,false,false,false,false,true,true,true,true,true,true,false,false,false,
CAND2-EC28D6A68B17,"{""article"":""7"",""celex"":""32021R1119"",""hierarchy"":[""Article 7"",""Assessment of national measures"",""paragraph 1"",""point (a)""],""line_end"":293,""line_start"":293,""paragraph"":""1"",""point"":""a"",""recital"":null,""subparagraph"":null}",direct_relationship,"[""commission""]",[],"[""member states""]",YES,YES,NO,NO,YES,negative,monitoring_supervision,high,direct_relationship,"[""commission""]",[],"[""member states""]",YES,YES,NO,NO,YES,negative,monitoring_supervision,high,direct_relationship,"[""commission""]",[],"[""member states""]",YES,YES,NO,NO,YES,negative,monitoring_supervision,high,not_candidate,[],[],[],NO,NO,NO,NO,YES,negative,none_or_direct,high,false,0,false,false,false,false,false,true,false,true,false,false,false,true,false,false,
CAND2-D441FFCD4FC3,"{""article"":""7"",""celex"":""32021R1119"",""hierarchy"":[""Article 7"",""Assessment of national measures"",""paragraph 1"",""point (b)""],""line_end"":295,""line_start"":294,""paragraph"":""1"",""point"":""b"",""recital"":null,""subparagraph"":null}",direct_relationship,"[""commission""]",[],"[""member states""]",YES,YES,NO,NO,YES,negative,monitoring_supervision,high,direct_relationship,"[""commission""]",[],"[""member states""]",YES,YES,NO,NO,YES,negative,monitoring_supervision,high,direct_relationship,"[""commission""]",[],"[""member states""]",YES,YES,NO,NO,YES,negative,monitoring_supervision,high,direct_relationship,"[""commission""]",[],"[""member states""]",YES,YES,NO,NO,YES,negative,monitoring_supervision,high,false,0,false,false,false,false,false,true,true,true,true,true,true,false,false,false,
CAND2-66E1F84E584B,"{""article"":""7"",""celex"":""32021R1119"",""hierarchy"":[""Article 7"",""Assessment of national measures"",""paragraph 2""],""line_end"":297,""line_start"":297,""paragraph"":""2"",""point"":null,""recital"":null,""subparagraph"":null}",direct_relationship,"[""commission""]",[],"[""member state""]",YES,YES,NO,NO,YES,negative,enforcement_support,high,direct_relationship,"[""commission""]",[],"[""member state""]",YES,YES,NO,NO,YES,negative,enforcement_support,high,direct_relationship,"[""commission""]",[],"[""member state""]",YES,YES,NO,NO,YES,negative,enforcement_support,high,direct_relationship,"[""commission""]",[],"[""member state (found inconsistent/insufficient)""]",YES,YES,NO,NO,YES,negative,enforcement_support,high,false,0,false,false,false,false,false,true,true,true,false,true,true,true,false,false,
CAND2-9E16D8A0E046,"{""article"":""7"",""celex"":""32021R1119"",""hierarchy"":[""Article 7"",""Assessment of national measures"",""paragraph 3"",""point (a)""],""line_end"":300,""line_start"":300,""paragraph"":""3"",""point"":""a"",""recital"":null,""subparagraph"":null}",direct_relationship,"[""union""]",[],"[""member state concerned""]",YES,YES,NO,NO,YES,negative,reporting,high,direct_relationship,"[""union""]",[],"[""member state concerned""]",YES,YES,NO,NO,YES,negative,reporting,high,direct_relationship,"[""commission""]",[],"[""member state concerned""]",YES,YES,NO,NO,YES,negative,reporting,high,direct_relationship,"[""commission""]",[],"[""member state concerned""]",YES,YES,NO,NO,YES,negative,reporting,high,false,0,false,false,false,false,false,true,false,true,true,true,true,true,false,false,
CAND2-295D4FBD3131,"{""article"":""7"",""celex"":""32021R1119"",""hierarchy"":[""Article 7"",""Assessment of national measures"",""paragraph 3"",""point (b)""],""line_end"":301,""line_start"":301,""paragraph"":""3"",""point"":""b"",""recital"":null,""subparagraph"":null}",direct_relationship,"[""union""]",[],"[""member state concerned""]",YES,YES,NO,NO,YES,negative,reporting,high,direct_relationship,"[""union""]",[],"[""member state concerned""]",YES,YES,NO,NO,YES,negative,reporting,high,direct_relationship,"[""commission""]",[],"[""member state concerned""]",YES,YES,NO,NO,YES,negative,reporting,high,direct_relationship,"[""commission""]",[],"[""member state concerned""]",YES,YES,NO,NO,YES,negative,reporting,medium,false,0,false,false,false,false,false,true,false,true,true,true,true,true,false,false,
CAND2-A8BB17B8CD32,"{""article"":""8"",""celex"":""32021R1119"",""hierarchy"":[""Article 8"",""Common provisions on Commission assessment"",""paragraph 1""],""line_end"":308,""line_start"":308,""paragraph"":""1"",""point"":null,""recital"":null,""subparagraph"":null}",not_candidate,[],[],[],NO,NO,NO,NO,YES,negative,none_or_direct,high,not_candidate,[],[],[],NO,NO,NO,NO,YES,negative,none_or_direct,high,candidate,"[""commission""]",[],[],YES,NO,NO,NO,YES,negative,standard_setting,medium,direct_relationship,"[""commission""]",[],"[""member states""]",YES,YES,NO,NO,YES,negative,monitoring_supervision,medium,false,0,false,false,false,false,false,true,false,true,false,false,false,true,false,false,
CAND2-937128584EE2,"{""article"":""8"",""celex"":""32021R1119"",""hierarchy"":[""Article 8"",""Common provisions on Commission assessment"",""paragraph 2""],""line_end"":310,""line_start"":310,""paragraph"":""2"",""point"":null,""recital"":null,""subparagraph"":null}",not_candidate,[],[],[],NO,NO,NO,NO,YES,negative,none_or_direct,high,not_candidate,[],[],[],NO,NO,NO,NO,YES,negative,none_or_direct,high,candidate,"[""commission""]",[],[],YES,NO,NO,NO,YES,negative,standard_setting,medium,direct_relationship,"[""commission""]",[],"[""member states""]",YES,YES,NO,NO,YES,negative,monitoring_supervision,medium,false,0,false,false,false,false,false,true,false,true,false,false,false,true,true,true,rule_10_random_audit_sample_unanimous_negative
CAND2-958BB6289A36,"{""article"":""8"",""celex"":""32021R1119"",""hierarchy"":[""Article 8"",""Common provisions on Commission assessment"",""paragraph 3""],""line_end"":312,""line_start"":312,""paragraph"":""3"",""point"":null,""recital"":null,""subparagraph"":null}",not_candidate,[],[],[],NO,NO,NO,NO,YES,negative,none_or_direct,high,not_candidate,[],[],[],NO,NO,NO,NO,YES,negative,none_or_direct,high,direct_relationship,"[""commission""]",[],"[""member states""]",YES,YES,NO,NO,YES,negative,monitoring_supervision,high,direct_relationship,"[""commission""]",[],"[""member states""]",YES,YES,NO,NO,YES,negative,monitoring_supervision,high,false,0,false,false,false,false,false,true,false,true,false,false,false,true,false,false,
CAND2-4F0C4C78A5A5,"{""article"":""8"",""celex"":""32021R1119"",""hierarchy"":[""Article 8"",""Common provisions on Commission assessment"",""paragraph 3"",""point (a)""],""line_end"":313,""line_start"":313,""paragraph"":""3"",""point"":""a"",""recital"":null,""subparagraph"":null}",not_candidate,[],[],[],NO,NO,NO,NO,YES,negative,none_or_direct,high,insufficient_evidence,[],[],[],UNCLEAR,UNCLEAR,UNCLEAR,UNCLEAR,NO,insufficient_evidence,none_or_direct,low,direct_relationship,"[""commission""]",[],"[""member states""]",YES,YES,NO,NO,YES,negative,reporting,medium,not_candidate,[],[],[],NO,NO,NO,NO,YES,negative,none_or_direct,high,false,0,false,true,false,false,false,false,false,true,false,false,false,true,false,true,rule_3_insufficient_evidence_in_any_replica | rule_5_relational_result_divergence | rule_7_R_I_T_divergence_non_unanimous_negative
CAND2-465FC96778A7,"{""article"":""8"",""celex"":""32021R1119"",""hierarchy"":[""Article 8"",""Common provisions on Commission assessment"",""paragraph 3"",""point (b)""],""line_end"":314,""line_start"":314,""paragraph"":""3"",""point"":""b"",""recital"":null,""subparagraph"":null}",not_candidate,[],[],[],NO,NO,NO,NO,YES,negative,none_or_direct,high,insufficient_evidence,[],[],[],UNCLEAR,UNCLEAR,UNCLEAR,UNCLEAR,NO,insufficient_evidence,none_or_direct,low,candidate,"[""commission""]","[""advisory board"",""commission's joint research centre"",""eea""]","[""member states""]",YES,YES,YES,YES,YES,positive,monitoring_supervision,medium,candidate,"[""commission""]","[""advisory board"",""commission's joint research centre"",""eea""]","[""member states""]",YES,YES,YES,YES,YES,positive,monitoring_supervision,medium,true,2,false,true,true,true,true,false,false,false,false,false,false,true,false,true,rule_1_positive_in_any_replica | rule_3_insufficient_evidence_in_any_replica | rule_4_D_yes_in_any_replica | rule_5_relational_result_divergence | rule_6_substantive_I_divergence | rule_7_R_I_T_divergence_non_unanimous_negative
CAND2-C5168282A9CE,"{""article"":""8"",""celex"":""32021R1119"",""hierarchy"":[""Article 8"",""Common provisions on Commission assessment"",""paragraph 3"",""point (c)""],""line_end"":315,""line_start"":315,""paragraph"":""3"",""point"":""c"",""recital"":null,""subparagraph"":null}",not_candidate,[],[],[],NO,NO,NO,NO,YES,negative,none_or_direct,high,not_candidate,[],[],[],NO,NO,NO,NO,YES,negative,none_or_direct,high,direct_relationship,"[""commission""]",[],"[""member states""]",YES,YES,UNCLEAR,NO,YES,negative,other_mechanism,medium,candidate,[],[],"[""member states""]",YES,YES,NO,NO,YES,negative,monitoring_supervision,medium,false,0,false,false,false,false,false,true,false,true,false,false,false,true,false,false,
CAND2-8607C66ECE11,"{""article"":""8"",""celex"":""32021R1119"",""hierarchy"":[""Article 8"",""Common provisions on Commission assessment"",""paragraph 3"",""point (d)""],""line_end"":316,""line_start"":316,""paragraph"":""3"",""point"":""d"",""recital"":null,""subparagraph"":null}",not_candidate,[],[],[],NO,NO,NO,NO,YES,negative,none_or_direct,high,not_candidate,[],[],[],NO,NO,NO,NO,YES,negative,none_or_direct,high,candidate,"[""commission""]","[""ipbes"",""ipcc""]","[""member states""]",YES,YES,YES,NO,YES,negative,other_mechanism,high,candidate,[],[],"[""member states""]",YES,YES,NO,NO,YES,negative,monitoring_supervision,medium,false,0,false,false,true,true,false,true,false,false,false,false,false,true,false,true,rule_6_substantive_I_divergence
CAND2-E000728831B2,"{""article"":""8"",""celex"":""32021R1119"",""hierarchy"":[""Article 8"",""Common provisions on Commission assessment"",""paragraph 3"",""point (e)""],""line_end"":317,""line_start"":317,""paragraph"":""3"",""point"":""e"",""recital"":null,""subparagraph"":null}",not_candidate,[],[],[],NO,NO,NO,NO,YES,negative,none_or_direct,high,not_candidate,[],[],[],NO,NO,NO,NO,YES,negative,none_or_direct,high,direct_relationship,"[""commission""]",[],"[""member states""]",YES,YES,NO,NO,YES,negative,other_mechanism,high,not_candidate,[],[],[],NO,NO,NO,NO,YES,negative,none_or_direct,high,false,0,false,false,false,false,false,true,false,true,false,false,false,true,false,false,
CAND2-88A2261C68DE,"{""article"":""8"",""celex"":""32021R1119"",""hierarchy"":[""Article 8"",""Common provisions on Commission assessment"",""paragraph 4""],""line_end"":319,""line_start"":319,""paragraph"":""4"",""point"":null,""recital"":null,""subparagraph"":null}",direct_relationship,"[""union""]",[],"[""eea""]",YES,YES,NO,NO,YES,negative,none_or_direct,high,candidate,"[""commission""]","[""eea""]","[""member states""]",YES,YES,YES,YES,YES,positive,monitoring_supervision,medium,candidate,"[""commission""]","[""eea""]","[""member states""]",YES,YES,YES,YES,YES,positive,monitoring_supervision,high,candidate,"[""commission""]","[""eea""]","[""member states""]",YES,YES,YES,YES,YES,positive,monitoring_supervision,high,true,3,false,false,true,true,true,false,false,false,false,false,false,true,false,true,rule_1_positive_in_any_replica | rule_4_D_yes_in_any_replica | rule_5_relational_result_divergence | rule_6_substantive_I_divergence | rule_7_R_I_T_divergence_non_unanimous_negative
CAND2-DCD349D8BCA7,"{""article"":""9"",""celex"":""32021R1119"",""hierarchy"":[""Article 9"",""Public participation"",""paragraph 1""],""line_end"":325,""line_start"":325,""paragraph"":""1"",""point"":null,""recital"":null,""subparagraph"":null}",direct_relationship,"[""commission""]",[],"[""academia"",""business community"",""citizens"",""civil society"",""social partners""]",YES,YES,NO,NO,YES,negative,coordination,high,direct_relationship,"[""commission""]",[],"[""academia"",""business community"",""citizens"",""civil society"",""social partners""]",YES,YES,NO,NO,YES,negative,coordination,high,candidate,"[""commission""]",[],"[""all parts of society""]",YES,UNCLEAR,NO,NO,YES,negative,coordination,medium,candidate,[],[],[],YES,NO,NO,NO,YES,negative,coordination,high,false,0,false,false,false,false,false,true,false,true,false,false,true,true,false,false,
CAND2-04BA3CF9F1E9,"{""article"":""9"",""celex"":""32021R1119"",""hierarchy"":[""Article 9"",""Public participation"",""paragraph 2""],""line_end"":327,""line_start"":327,""paragraph"":""2"",""point"":null,""recital"":null,""subparagraph"":null}",direct_relationship,"[""commission""]",[],"[""citizens"",""social partners"",""stakeholders""]",YES,YES,NO,NO,YES,negative,information_transmission,high,direct_relationship,"[""commission""]",[],"[""citizens"",""social partners"",""stakeholders""]",YES,YES,NO,NO,YES,negative,information_transmission,high,candidate,"[""commission""]",[],"[""citizens, social partners and stakeholders""]",YES,UNCLEAR,NO,NO,YES,negative,information_transmission,medium,candidate,[],[],[],YES,NO,NO,NO,YES,negative,coordination,high,false,0,false,false,false,false,false,true,false,true,false,false,false,true,false,false,
CAND2-8D92B13ED7AE,"{""article"":""10"",""celex"":""32021R1119"",""hierarchy"":[""Article 10"",""Sectoral roadmaps""],""line_end"":333,""line_start"":333,""paragraph"":null,""point"":null,""recital"":null,""subparagraph"":null}",direct_relationship,"[""commission""]",[],"[""relevant stakeholders"",""sectors of the economy""]",YES,YES,NO,NO,YES,negative,coordination,high,direct_relationship,"[""commission""]",[],"[""relevant stakeholders"",""sectors of the economy""]",YES,YES,NO,NO,YES,negative,coordination,high,direct_relationship,"[""commission""]",[],"[""sectors of the economy""]",YES,YES,NO,NO,YES,negative,coordination,high,direct_relationship,"[""commission""]",[],"[""sectors of the economy""]",YES,YES,NO,NO,YES,negative,monitoring_supervision,medium,false,0,false,false,false,false,false,true,true,true,false,true,false,true,false,false,
CAND2-3E6642A72EB3,"{""article"":""11"",""celex"":""32021R1119"",""hierarchy"":[""Article 11"",""Review""],""line_end"":339,""line_start"":339,""paragraph"":null,""point"":null,""recital"":null,""subparagraph"":null}",direct_relationship,"[""commission""]",[],"[""council"",""european parliament""]",YES,YES,NO,NO,YES,negative,reporting,high,direct_relationship,"[""commission""]",[],"[""council"",""european parliament""]",YES,YES,NO,NO,YES,negative,reporting,high,direct_relationship,"[""european parliament and council""]",[],"[""commission""]",YES,YES,NO,NO,YES,negative,reporting,high,candidate,[],[],[],YES,NO,NO,NO,YES,negative,reporting,high,false,0,false,false,false,false,false,true,false,true,false,false,true,true,false,false,
CAND2-CBC911FFFEDF,"{""article"":""11"",""celex"":""32021R1119"",""hierarchy"":[""Article 11"",""Review"",""point (a)""],""line_end"":341,""line_start"":341,""paragraph"":null,""point"":""a"",""recital"":null,""subparagraph"":null}",not_candidate,[],[],[],NO,NO,NO,NO,YES,negative,none_or_direct,high,not_candidate,[],[],[],NO,NO,NO,NO,YES,negative,none_or_direct,high,candidate,"[""commission""]",[],[],YES,NO,NO,NO,YES,negative,other_mechanism,low,not_candidate,[],[],[],NO,NO,NO,NO,YES,negative,none_or_direct,high,false,0,false,false,false,false,false,true,false,true,true,false,false,true,false,false,
CAND2-431D6B0BD7E3,"{""article"":""11"",""celex"":""32021R1119"",""hierarchy"":[""Article 11"",""Review""],""line_end"":345,""line_start"":345,""paragraph"":null,""point"":null,""recital"":null,""subparagraph"":null}",not_candidate,[],[],[],NO,NO,NO,NO,YES,negative,none_or_direct,high,not_candidate,[],[],[],NO,NO,NO,NO,YES,negative,none_or_direct,high,candidate,"[""commission""]",[],[],YES,NO,NO,NO,YES,negative,standard_setting,low,candidate,[],[],[],YES,NO,NO,NO,YES,negative,standard_setting,high,false,0,false,false,false,false,false,true,false,true,true,false,false,true,false,false,
CAND2-4366F1CEFAE0,"{""article"":""12"",""celex"":""32021R1119"",""hierarchy"":[""Article 12"",""Amendments to Regulation (EC) No 401/2009"",""paragraph 2""],""line_end"":356,""line_start"":356,""paragraph"":""2"",""point"":null,""recital"":null,""subparagraph"":null}",direct_relationship,"[""union""]",[],"[""advisory board members""]",YES,YES,NO,NO,YES,negative,standard_setting,high,direct_relationship,"[""union""]",[],"[""advisory board members""]",YES,YES,NO,NO,YES,negative,standard_setting,high,candidate,[],[],[],NO,NO,NO,NO,YES,negative,standard_setting,high,candidate,[],[],[],NO,NO,NO,NO,YES,negative,standard_setting,high,false,0,false,false,false,false,false,true,false,true,false,false,true,true,false,false,
CAND2-2A5446CEC717,"{""article"":""12"",""celex"":""32021R1119"",""hierarchy"":[""Article 12"",""Amendments to Regulation (EC) No 401/2009"",""paragraph 3""],""line_end"":357,""line_start"":357,""paragraph"":""3"",""point"":null,""recital"":null,""subparagraph"":null}",direct_relationship,"[""management board""]",[],"[""advisory board members""]",YES,YES,NO,NO,YES,negative,standard_setting,high,direct_relationship,"[""management board""]",[],"[""advisory board members""]",YES,YES,NO,NO,YES,negative,standard_setting,high,direct_relationship,"[""management board""]",[],"[""candidates for advisory board membership""]",YES,YES,NO,NO,YES,negative,accreditation,medium,direct_relationship,"[""management board""]",[],"[""candidates for advisory board membership""]",YES,YES,NO,NO,YES,negative,accreditation,medium,false,0,false,false,false,false,false,true,true,true,false,true,false,true,false,false,
CAND2-90DA767B29FC,"{""article"":""12"",""celex"":""32021R1119"",""hierarchy"":[""Article 12"",""Amendments to Regulation (EC) No 401/2009"",""paragraph 3"",""point (b)""],""line_end"":359,""line_start"":359,""paragraph"":""3"",""point"":""b"",""recital"":null,""subparagraph"":null}",not_candidate,[],[],[],NO,NO,NO,NO,YES,negative,none_or_direct,high,not_candidate,[],[],[],NO,NO,NO,NO,YES,negative,none_or_direct,high,direct_relationship,"[""management board""]",[],"[""candidates for advisory board membership""]",YES,YES,NO,NO,YES,negative,accreditation,low,not_candidate,[],[],[],NO,NO,NO,NO,YES,negative,none_or_direct,high,false,0,false,false,false,false,false,true,false,true,false,false,false,true,false,false,
CAND2-A95EB0288DC5,"{""article"":""12"",""celex"":""32021R1119"",""hierarchy"":[""Article 12"",""Amendments to Regulation (EC) No 401/2009"",""paragraph 4""],""line_end"":362,""line_start"":362,""paragraph"":""4"",""point"":null,""recital"":null,""subparagraph"":null}",direct_relationship,"[""union""]",[],"[""advisory board members""]",YES,YES,NO,NO,YES,negative,standard_setting,high,direct_relationship,"[""union""]",[],"[""advisory board members""]",YES,YES,NO,NO,YES,negative,standard_setting,high,candidate,"[""advisory board""]",[],[],YES,NO,NO,NO,YES,negative,none_or_direct,high,candidate,[],[],"[""advisory board members""]",NO,YES,NO,NO,YES,negative,none_or_direct,high,false,0,false,false,false,false,false,true,false,true,false,false,false,true,false,false,
CAND2-CC0ABB8E0765,"{""article"":""12"",""celex"":""32021R1119"",""hierarchy"":[""Article 12"",""Amendments to Regulation (EC) No 401/2009"",""paragraph 5""],""line_end"":363,""line_start"":363,""paragraph"":""5"",""point"":null,""recital"":null,""subparagraph"":null}",not_candidate,[],[],[],NO,NO,NO,NO,YES,negative,none_or_direct,high,direct_relationship,"[""advisory board""]",[],"[""executive director"",""management board""]",YES,YES,NO,NO,YES,negative,information_transmission,high,direct_relationship,"[""management board and executive director""]",[],"[""advisory board via chairperson""]",YES,YES,NO,NO,YES,negative,information_transmission,high,direct_relationship,"[""executive director"",""management board""]",[],"[""advisory board via chairperson""]",YES,YES,NO,NO,YES,negative,coordination,medium,false,0,false,false,false,false,false,true,false,true,false,false,false,true,false,false,
CAND2-474D6A7B8FCA,"{""article"":""12"",""celex"":""32021R1119"",""hierarchy"":[""Article 12"",""Amendments to Regulation (EC) No 401/2009"",""paragraph 5"",""point (2)""],""line_end"":366,""line_start"":365,""paragraph"":""5"",""point"":""2"",""recital"":null,""subparagraph"":null}",not_candidate,[],[],[],NO,NO,NO,NO,YES,negative,none_or_direct,high,not_candidate,[],[],[],NO,NO,NO,NO,YES,negative,none_or_direct,high,candidate,"[""eea""]",[],[],YES,NO,NO,NO,YES,negative,none_or_direct,medium,not_candidate,[],[],[],NO,NO,NO,NO,YES,negative,none_or_direct,high,false,0,false,false,false,false,false,true,false,true,true,false,true,true,true,true,rule_10_random_audit_sample_unanimous_negative
CAND2-78725C040A77,"{""article"":""13"",""celex"":""32021R1119"",""hierarchy"":[""Article 13"",""Amendments to Regulation (EU) 2018/1999"",""point (1)""],""line_end"":374,""line_start"":374,""paragraph"":null,""point"":""1"",""recital"":null,""subparagraph"":null}",not_candidate,[],[],[],NO,NO,NO,NO,YES,negative,none_or_direct,high,not_candidate,[],[],[],NO,NO,NO,NO,YES,negative,none_or_direct,high,not_candidate,[],[],[],NO,NO,NO,NO,NO,negative,none_or_direct,high,not_candidate,[],[],[],NO,NO,NO,NO,YES,negative,none_or_direct,high,false,0,false,false,false,false,false,true,true,true,true,false,true,true,false,false,
CAND2-8D7D5ED06FD0,"{""article"":""13"",""celex"":""32021R1119"",""hierarchy"":[""Article 13"",""Amendments to Regulation (EU) 2018/1999"",""point (a)""],""line_end"":375,""line_start"":375,""paragraph"":null,""point"":""a"",""recital"":null,""subparagraph"":null}",not_candidate,[],[],[],NO,NO,NO,NO,YES,negative,none_or_direct,high,insufficient_evidence,[],[],[],UNCLEAR,UNCLEAR,UNCLEAR,UNCLEAR,NO,insufficient_evidence,none_or_direct,low,candidate,[],[],[],NO,NO,NO,NO,YES,negative,standard_setting,medium,not_candidate,[],[],[],NO,NO,NO,NO,YES,negative,none_or_direct,high,false,0,false,true,false,false,false,false,true,true,true,false,false,true,false,true,rule_3_insufficient_evidence_in_any_replica | rule_5_relational_result_divergence
CAND2-E269DC5EED3A,"{""article"":""13"",""celex"":""32021R1119"",""hierarchy"":[""Article 13"",""Amendments to Regulation (EU) 2018/1999"",""point (7)""],""line_end"":378,""line_start"":378,""paragraph"":null,""point"":""7"",""recital"":null,""subparagraph"":null}",not_candidate,[],[],[],NO,NO,NO,NO,YES,negative,none_or_direct,high,not_candidate,[],[],[],NO,NO,NO,NO,YES,negative,none_or_direct,high,not_candidate,[],[],[],NO,NO,NO,NO,NO,negative,none_or_direct,high,not_candidate,[],[],[],NO,NO,NO,NO,YES,negative,none_or_direct,high,false,0,false,false,false,false,false,true,true,true,true,false,true,true,false,false,
CAND2-06C85DCA5897,"{""article"":""13"",""celex"":""32021R1119"",""hierarchy"":[""Article 13"",""Amendments to Regulation (EU) 2018/1999"",""point (f)""],""line_end"":381,""line_start"":381,""paragraph"":null,""point"":""f"",""recital"":null,""subparagraph"":null}",not_candidate,[],[],[],NO,NO,NO,NO,YES,negative,none_or_direct,high,not_candidate,[],[],[],NO,NO,NO,NO,YES,negative,none_or_direct,high,direct_relationship,"[""commission""]",[],"[""member states""]",YES,YES,NO,NO,YES,negative,standard_setting,medium,not_candidate,[],[],[],NO,NO,NO,NO,YES,negative,none_or_direct,high,false,0,false,false,false,false,false,true,false,true,false,false,false,true,false,false,
CAND2-4463F3ADEC6D,"{""article"":""13"",""celex"":""32021R1119"",""hierarchy"":[""Article 13"",""Amendments to Regulation (EU) 2018/1999"",""point (5)""],""line_end"":389,""line_start"":386,""paragraph"":null,""point"":""5"",""recital"":null,""subparagraph"":null}",direct_relationship,"[""union""]",[],"[""member state""]",YES,YES,NO,NO,YES,negative,coordination,high,direct_relationship,"[""union""]",[],"[""member state""]",YES,YES,NO,NO,YES,negative,coordination,high,candidate,[],[],"[""member states""]",NO,YES,NO,NO,YES,negative,coordination,high,candidate,[],[],"[""member states""]",NO,YES,NO,NO,YES,negative,coordination,high,false,0,false,false,false,false,false,true,false,true,false,false,true,true,false,false,
CAND2-290564FC113D,"{""article"":""13"",""celex"":""32021R1119"",""hierarchy"":[""Article 13"",""Amendments to Regulation (EU) 2018/1999"",""point (a)""],""line_end"":393,""line_start"":392,""paragraph"":null,""point"":""a"",""recital"":null,""subparagraph"":null}",direct_relationship,"[""union""]",[],"[""member state""]",YES,YES,NO,NO,YES,negative,reporting,high,direct_relationship,"[""union""]",[],"[""member state""]",YES,YES,NO,NO,YES,negative,reporting,high,direct_relationship,"[""commission""]",[],"[""member states""]",YES,YES,NO,NO,YES,negative,reporting,high,direct_relationship,"[""commission""]",[],"[""member states""]",YES,YES,NO,NO,YES,negative,reporting,high,false,0,false,false,false,false,false,true,false,true,false,true,true,true,false,false,
CAND2-A3E2EAA5D77D,"{""article"":""13"",""celex"":""32021R1119"",""hierarchy"":[""Article 13"",""Amendments to Regulation (EU) 2018/1999"",""point (a)""],""line_end"":399,""line_start"":399,""paragraph"":null,""point"":""a"",""recital"":null,""subparagraph"":null}",not_candidate,[],[],[],NO,NO,NO,NO,YES,negative,none_or_direct,high,not_candidate,[],[],[],NO,NO,NO,NO,YES,negative,none_or_direct,high,direct_relationship,"[""commission""]",[],"[""member states""]",YES,YES,NO,NO,YES,negative,reporting,medium,not_candidate,[],[],[],NO,NO,NO,NO,YES,negative,none_or_direct,high,false,0,false,false,false,false,false,true,false,true,false,false,false,true,false,false,
CAND2-27E84BD23730,"{""article"":""13"",""celex"":""32021R1119"",""hierarchy"":[""Article 13"",""Amendments to Regulation (EU) 2018/1999"",""point (b)""],""line_end"":400,""line_start"":400,""paragraph"":null,""point"":""b"",""recital"":null,""subparagraph"":null}",candidate,"[""commission""]","[""energy union committee""]",[],YES,UNCLEAR,YES,YES,YES,conditional,standard_setting,medium,candidate,"[""commission""]","[""energy union committee""]",[],YES,UNCLEAR,YES,YES,YES,conditional,standard_setting,low,candidate,"[""commission""]","[""energy union committee""]","[""member states""]",YES,YES,YES,YES,YES,positive,delegated_implementation,medium,candidate,"[""commission""]","[""energy union committee""]","[""member states""]",YES,YES,YES,YES,YES,positive,standard_setting,medium,true,2,true,false,true,true,true,false,true,true,false,false,false,true,false,true,rule_1_positive_in_any_replica | rule_2_conditional_in_any_replica | rule_4_D_yes_in_any_replica | rule_5_relational_result_divergence | rule_7_R_I_T_divergence_non_unanimous_negative
CAND2-D6FFF8586396,"{""article"":""13"",""celex"":""32021R1119"",""hierarchy"":[""Article 13"",""Amendments to Regulation (EU) 2018/1999"",""point (b)""],""line_end"":403,""line_start"":403,""paragraph"":null,""point"":""b"",""recital"":null,""subparagraph"":null}",not_candidate,[],[],[],NO,NO,NO,NO,YES,negative,none_or_direct,high,not_candidate,[],[],[],NO,NO,NO,NO,YES,negative,none_or_direct,high,direct_relationship,"[""commission""]",[],"[""member states""]",YES,YES,NO,NO,YES,negative,monitoring_supervision,high,not_candidate,[],[],[],NO,NO,NO,NO,YES,negative,none_or_direct,high,false,0,false,false,false,false,false,true,false,true,false,false,false,true,false,false,
CAND2-84FD60C2FE3B,"{""article"":""13"",""celex"":""32021R1119"",""hierarchy"":[""Article 13"",""Amendments to Regulation (EU) 2018/1999"",""point (9)""],""line_end"":408,""line_start"":405,""paragraph"":null,""point"":""9"",""recital"":null,""subparagraph"":null}",direct_relationship,"[""commission""]",[],"[""council"",""european parliament""]",YES,YES,NO,NO,YES,negative,reporting,high,direct_relationship,"[""commission""]",[],"[""council"",""european parliament""]",YES,YES,NO,NO,YES,negative,reporting,high,direct_relationship,"[""european parliament and council""]",[],"[""commission""]",YES,YES,NO,NO,YES,negative,reporting,high,candidate,[],[],[],YES,NO,NO,NO,YES,negative,reporting,high,false,0,false,false,false,false,false,true,false,true,false,false,true,true,false,false,
CAND2-0235CD5AC705,"{""article"":""13"",""celex"":""32021R1119"",""hierarchy"":[""Article 13"",""Amendments to Regulation (EU) 2018/1999"",""point (1)""],""line_end"":417,""line_start"":417,""paragraph"":null,""point"":""1"",""recital"":null,""subparagraph"":null}",not_candidate,[],[],[],NO,NO,NO,NO,YES,negative,none_or_direct,high,not_candidate,[],[],[],NO,NO,NO,NO,YES,negative,none_or_direct,high,direct_relationship,"[""commission""]",[],"[""member states""]",YES,YES,NO,NO,YES,negative,standard_setting,medium,not_candidate,[],[],[],NO,NO,NO,NO,YES,negative,none_or_direct,high,false,0,false,false,false,false,false,true,false,true,false,false,false,true,false,false,
