"QA_ID","CASE_ID","SOURCE_TYPE","PRIORITY","QUEUE_REASON","LUNA_SELFREVIEW_ERROR_TYPES","TERRA_ERROR_TYPES","LUNA_SELFREVIEW_CONFIDENCE","TERRA_CONFIDENCE","LUNA_SELFREVIEW_ABSTAIN","TERRA_ABSTAIN","STATUS"
"QA2B-004","D1_GDPR","OPERATIVE_ARTICLE","PRIORITY_1_CROSS_MODEL_ERROR","Shared substantive errors: ACTOR_EXTRACTION_ERROR;ACTION_EXTRACTION_ERROR;OBJECT_EXTRACTION_ERROR;COUNTERPART_EXTRACTION_ERROR;RECIPIENT_EXTRACTION_ERROR","ACTOR_EXTRACTION_ERROR;ACTION_EXTRACTION_ERROR;OBJECT_EXTRACTION_ERROR;COUNTERPART_EXTRACTION_ERROR;RECIPIENT_EXTRACTION_ERROR;AMBIGUITY_FALSE_NEGATIVE","ACTOR_EXTRACTION_ERROR;ACTION_EXTRACTION_ERROR;OBJECT_EXTRACTION_ERROR;COUNTERPART_EXTRACTION_ERROR;RECIPIENT_EXTRACTION_ERROR","LOW","LOW","YES","YES","OPEN_FOR_RESEARCHER_DIAGNOSTIC"
"QA2B-006","D1_GDPR","OPERATIVE_ARTICLE","PRIORITY_1_CROSS_MODEL_ERROR","Shared substantive errors: OBJECT_EXTRACTION_ERROR","OBJECT_EXTRACTION_ERROR","OBJECT_EXTRACTION_ERROR","MEDIUM","MEDIUM","NO","NO","OPEN_FOR_RESEARCHER_DIAGNOSTIC"
"QA2B-008","D1_GDPR","OPERATIVE_ARTICLE","PRIORITY_1_CROSS_MODEL_ERROR","Shared substantive errors: COUNTERPART_EXTRACTION_ERROR;RECIPIENT_EXTRACTION_ERROR","COUNTERPART_EXTRACTION_ERROR;RECIPIENT_EXTRACTION_ERROR","COUNTERPART_EXTRACTION_ERROR;RECIPIENT_EXTRACTION_ERROR","MEDIUM","MEDIUM","NO","NO","OPEN_FOR_RESEARCHER_DIAGNOSTIC"
"QA2B-009","D1_GDPR","OPERATIVE_ARTICLE","PRIORITY_1_CROSS_MODEL_ERROR","Shared substantive errors: COUNTERPART_EXTRACTION_ERROR;RECIPIENT_EXTRACTION_ERROR","COUNTERPART_EXTRACTION_ERROR;RECIPIENT_EXTRACTION_ERROR","COUNTERPART_EXTRACTION_ERROR;RECIPIENT_EXTRACTION_ERROR","MEDIUM","MEDIUM","NO","NO","OPEN_FOR_RESEARCHER_DIAGNOSTIC"
"QA2B-010","D1_GDPR","OPERATIVE_ARTICLE","PRIORITY_1_CROSS_MODEL_ERROR","Shared substantive errors: ACTION_EXTRACTION_ERROR;OBJECT_EXTRACTION_ERROR","ACTION_EXTRACTION_ERROR;OBJECT_EXTRACTION_ERROR","ACTION_EXTRACTION_ERROR;OBJECT_EXTRACTION_ERROR","MEDIUM","MEDIUM","NO","NO","OPEN_FOR_RESEARCHER_DIAGNOSTIC"
"QA2B-011","D1_GDPR","OPERATIVE_ARTICLE","PRIORITY_1_CROSS_MODEL_ERROR","Shared substantive errors: OBJECT_EXTRACTION_ERROR;RECIPIENT_EXTRACTION_ERROR","OBJECT_EXTRACTION_ERROR;RECIPIENT_EXTRACTION_ERROR;SOURCE_EXCERPT_ERROR;AMBIGUITY_FALSE_NEGATIVE","OBJECT_EXTRACTION_ERROR;RECIPIENT_EXTRACTION_ERROR;SOURCE_EXCERPT_ERROR","MEDIUM","LOW","NO","YES","OPEN_FOR_RESEARCHER_DIAGNOSTIC"
"QA2B-012","D1_GDPR","OPERATIVE_ARTICLE","PRIORITY_1_CROSS_MODEL_ERROR","Shared substantive errors: ACTOR_EXTRACTION_ERROR;COUNTERPART_EXTRACTION_ERROR;RECIPIENT_EXTRACTION_ERROR","ACTOR_EXTRACTION_ERROR;COUNTERPART_EXTRACTION_ERROR;RECIPIENT_EXTRACTION_ERROR","ACTOR_EXTRACTION_ERROR;COUNTERPART_EXTRACTION_ERROR;RECIPIENT_EXTRACTION_ERROR","MEDIUM","MEDIUM","NO","NO","OPEN_FOR_RESEARCHER_DIAGNOSTIC"
"QA2B-014","D1_GDPR","OPERATIVE_ARTICLE","PRIORITY_2_HIGH_STAKES_DISAGREEMENT","Actor, action or source-pointer disagreement.","ACTION_EXTRACTION_ERROR;OBJECT_EXTRACTION_ERROR","","MEDIUM","HIGH","NO","NO","OPEN_FOR_RESEARCHER_DIAGNOSTIC"
"QA2B-015","D1_GDPR","OPERATIVE_ARTICLE","PRIORITY_1_CROSS_MODEL_ERROR","Shared substantive errors: COUNTERPART_EXTRACTION_ERROR;RECIPIENT_EXTRACTION_ERROR","COUNTERPART_EXTRACTION_ERROR;RECIPIENT_EXTRACTION_ERROR","COUNTERPART_EXTRACTION_ERROR;RECIPIENT_EXTRACTION_ERROR","LOW","MEDIUM","YES","NO","OPEN_FOR_RESEARCHER_DIAGNOSTIC"
"QA2B-016","D1_GDPR","OPERATIVE_ARTICLE","PRIORITY_4_SINGLE_MODEL_FLAG","Single-model substantive error signal.","AMBIGUITY_FALSE_POSITIVE","","LOW","HIGH","YES","NO","OPEN_FOR_RESEARCHER_DIAGNOSTIC"
"QA2B-017","D1_GDPR","OPERATIVE_ARTICLE","PRIORITY_1_CROSS_MODEL_ERROR","Shared substantive errors: ACTOR_EXTRACTION_ERROR;OBJECT_EXTRACTION_ERROR;COUNTERPART_EXTRACTION_ERROR;RECIPIENT_EXTRACTION_ERROR","ACTOR_EXTRACTION_ERROR;OBJECT_EXTRACTION_ERROR;COUNTERPART_EXTRACTION_ERROR;RECIPIENT_EXTRACTION_ERROR","ACTOR_EXTRACTION_ERROR;OBJECT_EXTRACTION_ERROR;COUNTERPART_EXTRACTION_ERROR;RECIPIENT_EXTRACTION_ERROR","LOW","LOW","YES","YES","OPEN_FOR_RESEARCHER_DIAGNOSTIC"
"QA2B-018","D1_GDPR","OPERATIVE_ARTICLE","PRIORITY_1_CROSS_MODEL_ERROR","Shared substantive errors: ACTOR_EXTRACTION_ERROR;OBJECT_EXTRACTION_ERROR;COUNTERPART_EXTRACTION_ERROR;RECIPIENT_EXTRACTION_ERROR","ACTOR_EXTRACTION_ERROR;OBJECT_EXTRACTION_ERROR;COUNTERPART_EXTRACTION_ERROR;RECIPIENT_EXTRACTION_ERROR","ACTOR_EXTRACTION_ERROR;OBJECT_EXTRACTION_ERROR;COUNTERPART_EXTRACTION_ERROR;RECIPIENT_EXTRACTION_ERROR","LOW","LOW","YES","YES","OPEN_FOR_RESEARCHER_DIAGNOSTIC"
"QA2B-019","D1_GDPR","OPERATIVE_ARTICLE","PRIORITY_1_CROSS_MODEL_ERROR","Shared substantive errors: ACTOR_EXTRACTION_ERROR;ACTION_EXTRACTION_ERROR;COUNTERPART_EXTRACTION_ERROR;RECIPIENT_EXTRACTION_ERROR","ACTOR_EXTRACTION_ERROR;ACTION_EXTRACTION_ERROR;COUNTERPART_EXTRACTION_ERROR;RECIPIENT_EXTRACTION_ERROR","ACTOR_EXTRACTION_ERROR;ACTION_EXTRACTION_ERROR;COUNTERPART_EXTRACTION_ERROR;RECIPIENT_EXTRACTION_ERROR","LOW","LOW","YES","YES","OPEN_FOR_RESEARCHER_DIAGNOSTIC"
"QA2B-020","D1_GDPR","OPERATIVE_ARTICLE","PRIORITY_1_CROSS_MODEL_ERROR","Shared substantive errors: OBJECT_EXTRACTION_ERROR;OVER_EXTRACTION","OBJECT_EXTRACTION_ERROR;OVER_EXTRACTION","OBJECT_EXTRACTION_ERROR;OVER_EXTRACTION","LOW","LOW","YES","YES","OPEN_FOR_RESEARCHER_DIAGNOSTIC"
"QA2B-023","D1_GDPR","RECITAL","PRIORITY_1_CROSS_MODEL_ERROR","Shared substantive errors: COUNTERPART_EXTRACTION_ERROR;RECIPIENT_EXTRACTION_ERROR","COUNTERPART_EXTRACTION_ERROR;RECIPIENT_EXTRACTION_ERROR","COUNTERPART_EXTRACTION_ERROR;RECIPIENT_EXTRACTION_ERROR","MEDIUM","MEDIUM","NO","NO","OPEN_FOR_RESEARCHER_DIAGNOSTIC"
"QA2B-024","D1_GDPR","RECITAL","PRIORITY_4_SINGLE_MODEL_FLAG","Single-model substantive error signal.","COUNTERPART_EXTRACTION_ERROR;RECIPIENT_EXTRACTION_ERROR","","LOW","HIGH","YES","NO","OPEN_FOR_RESEARCHER_DIAGNOSTIC"
"QA2B-025","D1_GDPR","RECITAL","PRIORITY_1_CROSS_MODEL_ERROR","Shared substantive errors: ACTOR_EXTRACTION_ERROR;ACTION_EXTRACTION_ERROR;OBJECT_EXTRACTION_ERROR;COUNTERPART_EXTRACTION_ERROR;RECIPIENT_EXTRACTION_ERROR","ACTOR_EXTRACTION_ERROR;ACTION_EXTRACTION_ERROR;OBJECT_EXTRACTION_ERROR;COUNTERPART_EXTRACTION_ERROR;RECIPIENT_EXTRACTION_ERROR","ACTOR_EXTRACTION_ERROR;ACTION_EXTRACTION_ERROR;OBJECT_EXTRACTION_ERROR;COUNTERPART_EXTRACTION_ERROR;RECIPIENT_EXTRACTION_ERROR","LOW","LOW","YES","YES","OPEN_FOR_RESEARCHER_DIAGNOSTIC"
"QA2B-026","D1_GDPR","RECITAL","PRIORITY_1_CROSS_MODEL_ERROR","Shared substantive errors: ACTOR_EXTRACTION_ERROR;OBJECT_EXTRACTION_ERROR;COUNTERPART_EXTRACTION_ERROR;RECIPIENT_EXTRACTION_ERROR","ACTOR_EXTRACTION_ERROR;OBJECT_EXTRACTION_ERROR;COUNTERPART_EXTRACTION_ERROR;RECIPIENT_EXTRACTION_ERROR","ACTOR_EXTRACTION_ERROR;OBJECT_EXTRACTION_ERROR;COUNTERPART_EXTRACTION_ERROR;RECIPIENT_EXTRACTION_ERROR","LOW","LOW","YES","YES","OPEN_FOR_RESEARCHER_DIAGNOSTIC"
"QA2B-027","D1_GDPR","RECITAL","PRIORITY_4_SINGLE_MODEL_FLAG","Single-model substantive error signal.","RECIPIENT_EXTRACTION_ERROR;COUNTERPART_EXTRACTION_ERROR","","LOW","HIGH","YES","NO","OPEN_FOR_RESEARCHER_DIAGNOSTIC"
"QA2B-030","D1_GDPR","RECITAL","PRIORITY_1_CROSS_MODEL_ERROR","Shared substantive errors: OBJECT_EXTRACTION_ERROR;COUNTERPART_EXTRACTION_ERROR;RECIPIENT_EXTRACTION_ERROR","OBJECT_EXTRACTION_ERROR;COUNTERPART_EXTRACTION_ERROR;RECIPIENT_EXTRACTION_ERROR;SOURCE_EXCERPT_ERROR","OBJECT_EXTRACTION_ERROR;COUNTERPART_EXTRACTION_ERROR;RECIPIENT_EXTRACTION_ERROR;SOURCE_EXCERPT_ERROR","LOW","LOW","YES","YES","OPEN_FOR_RESEARCHER_DIAGNOSTIC"
"QA2B-031","D2_DSA","OPERATIVE_ARTICLE","PRIORITY_1_CROSS_MODEL_ERROR","Shared substantive errors: OBJECT_EXTRACTION_ERROR","OBJECT_EXTRACTION_ERROR;COUNTERPART_EXTRACTION_ERROR;RECIPIENT_EXTRACTION_ERROR","OBJECT_EXTRACTION_ERROR","MEDIUM","MEDIUM","NO","NO","OPEN_FOR_RESEARCHER_DIAGNOSTIC"
"QA2B-033","D2_DSA","OPERATIVE_ARTICLE","PRIORITY_1_CROSS_MODEL_ERROR","Shared substantive errors: ACTION_EXTRACTION_ERROR","ACTION_EXTRACTION_ERROR","ACTION_EXTRACTION_ERROR","MEDIUM","MEDIUM","NO","NO","OPEN_FOR_RESEARCHER_DIAGNOSTIC"
"QA2B-034","D2_DSA","OPERATIVE_ARTICLE","PRIORITY_1_CROSS_MODEL_ERROR","Shared substantive errors: RECIPIENT_EXTRACTION_ERROR","RECIPIENT_EXTRACTION_ERROR;SOURCE_EXCERPT_ERROR","RECIPIENT_EXTRACTION_ERROR;SOURCE_EXCERPT_ERROR","MEDIUM","MEDIUM","NO","NO","OPEN_FOR_RESEARCHER_DIAGNOSTIC"
"QA2B-035","D2_DSA","OPERATIVE_ARTICLE","PRIORITY_1_CROSS_MODEL_ERROR","Shared substantive errors: COUNTERPART_EXTRACTION_ERROR;RECIPIENT_EXTRACTION_ERROR","COUNTERPART_EXTRACTION_ERROR;RECIPIENT_EXTRACTION_ERROR","COUNTERPART_EXTRACTION_ERROR;RECIPIENT_EXTRACTION_ERROR","MEDIUM","MEDIUM","NO","NO","OPEN_FOR_RESEARCHER_DIAGNOSTIC"
"QA2B-036","D2_DSA","OPERATIVE_ARTICLE","PRIORITY_1_CROSS_MODEL_ERROR","Shared substantive errors: COUNTERPART_EXTRACTION_ERROR;RECIPIENT_EXTRACTION_ERROR","COUNTERPART_EXTRACTION_ERROR;RECIPIENT_EXTRACTION_ERROR","COUNTERPART_EXTRACTION_ERROR;RECIPIENT_EXTRACTION_ERROR","MEDIUM","MEDIUM","NO","NO","OPEN_FOR_RESEARCHER_DIAGNOSTIC"
"QA2B-039","D2_DSA","OPERATIVE_ARTICLE","PRIORITY_1_CROSS_MODEL_ERROR","Shared substantive errors: ACTION_EXTRACTION_ERROR","ACTION_EXTRACTION_ERROR;SOURCE_EXCERPT_ERROR","ACTION_EXTRACTION_ERROR;SOURCE_EXCERPT_ERROR","MEDIUM","MEDIUM","NO","NO","OPEN_FOR_RESEARCHER_DIAGNOSTIC"
"QA2B-040","D2_DSA","OPERATIVE_ARTICLE","PRIORITY_1_CROSS_MODEL_ERROR","Shared substantive errors: ACTOR_EXTRACTION_ERROR;OBJECT_EXTRACTION_ERROR","ACTOR_EXTRACTION_ERROR;OBJECT_EXTRACTION_ERROR;SOURCE_EXCERPT_ERROR","ACTOR_EXTRACTION_ERROR;OBJECT_EXTRACTION_ERROR;SOURCE_EXCERPT_ERROR","LOW","LOW","YES","YES","OPEN_FOR_RESEARCHER_DIAGNOSTIC"
"QA2B-042","D2_DSA","OPERATIVE_ARTICLE","PRIORITY_1_CROSS_MODEL_ERROR","Shared substantive errors: COUNTERPART_EXTRACTION_ERROR;RECIPIENT_EXTRACTION_ERROR","COUNTERPART_EXTRACTION_ERROR;RECIPIENT_EXTRACTION_ERROR","COUNTERPART_EXTRACTION_ERROR;RECIPIENT_EXTRACTION_ERROR","MEDIUM","MEDIUM","NO","NO","OPEN_FOR_RESEARCHER_DIAGNOSTIC"
"QA2B-044","D2_DSA","OPERATIVE_ARTICLE","PRIORITY_4_SINGLE_MODEL_FLAG","Single-model substantive error signal.","COUNTERPART_EXTRACTION_ERROR","","MEDIUM","HIGH","NO","NO","OPEN_FOR_RESEARCHER_DIAGNOSTIC"
"QA2B-045","D2_DSA","OPERATIVE_ARTICLE","PRIORITY_1_CROSS_MODEL_ERROR","Shared substantive errors: COUNTERPART_EXTRACTION_ERROR;RECIPIENT_EXTRACTION_ERROR","COUNTERPART_EXTRACTION_ERROR;RECIPIENT_EXTRACTION_ERROR","COUNTERPART_EXTRACTION_ERROR;RECIPIENT_EXTRACTION_ERROR","LOW","MEDIUM","YES","NO","OPEN_FOR_RESEARCHER_DIAGNOSTIC"
"QA2B-046","D2_DSA","OPERATIVE_ARTICLE","PRIORITY_1_CROSS_MODEL_ERROR","Shared substantive errors: COUNTERPART_EXTRACTION_ERROR;RECIPIENT_EXTRACTION_ERROR","ACTOR_EXTRACTION_ERROR;COUNTERPART_EXTRACTION_ERROR;RECIPIENT_EXTRACTION_ERROR","COUNTERPART_EXTRACTION_ERROR;RECIPIENT_EXTRACTION_ERROR","LOW","LOW","YES","YES","OPEN_FOR_RESEARCHER_DIAGNOSTIC"
"QA2B-049","D2_DSA","OPERATIVE_ARTICLE","PRIORITY_4_SINGLE_MODEL_FLAG","Single-model substantive error signal.","COUNTERPART_EXTRACTION_ERROR;RECIPIENT_EXTRACTION_ERROR","","LOW","HIGH","YES","NO","OPEN_FOR_RESEARCHER_DIAGNOSTIC"
"QA2B-050","D2_DSA","OPERATIVE_ARTICLE","PRIORITY_1_CROSS_MODEL_ERROR","Shared substantive errors: COUNTERPART_EXTRACTION_ERROR","COUNTERPART_EXTRACTION_ERROR","COUNTERPART_EXTRACTION_ERROR","LOW","MEDIUM","YES","NO","OPEN_FOR_RESEARCHER_DIAGNOSTIC"
"QA2B-051","D2_DSA","RECITAL","PRIORITY_1_CROSS_MODEL_ERROR","Shared substantive errors: OBJECT_EXTRACTION_ERROR","OBJECT_EXTRACTION_ERROR","OBJECT_EXTRACTION_ERROR","MEDIUM","MEDIUM","NO","NO","OPEN_FOR_RESEARCHER_DIAGNOSTIC"
"QA2B-052","D2_DSA","RECITAL","PRIORITY_1_CROSS_MODEL_ERROR","Shared substantive errors: OBJECT_EXTRACTION_ERROR;COUNTERPART_EXTRACTION_ERROR;RECIPIENT_EXTRACTION_ERROR","OBJECT_EXTRACTION_ERROR;COUNTERPART_EXTRACTION_ERROR;RECIPIENT_EXTRACTION_ERROR","OBJECT_EXTRACTION_ERROR;COUNTERPART_EXTRACTION_ERROR;RECIPIENT_EXTRACTION_ERROR","MEDIUM","MEDIUM","NO","NO","OPEN_FOR_RESEARCHER_DIAGNOSTIC"
"QA2B-053","D2_DSA","RECITAL","PRIORITY_1_CROSS_MODEL_ERROR","Shared substantive errors: COUNTERPART_EXTRACTION_ERROR;RECIPIENT_EXTRACTION_ERROR","COUNTERPART_EXTRACTION_ERROR;RECIPIENT_EXTRACTION_ERROR","COUNTERPART_EXTRACTION_ERROR;RECIPIENT_EXTRACTION_ERROR","MEDIUM","MEDIUM","NO","NO","OPEN_FOR_RESEARCHER_DIAGNOSTIC"
"QA2B-054","D2_DSA","RECITAL","PRIORITY_1_CROSS_MODEL_ERROR","Shared substantive errors: ACTOR_EXTRACTION_ERROR;ACTION_EXTRACTION_ERROR;OBJECT_EXTRACTION_ERROR;COUNTERPART_EXTRACTION_ERROR;RECIPIENT_EXTRACTION_ERROR","ACTOR_EXTRACTION_ERROR;ACTION_EXTRACTION_ERROR;OBJECT_EXTRACTION_ERROR;COUNTERPART_EXTRACTION_ERROR;RECIPIENT_EXTRACTION_ERROR","ACTOR_EXTRACTION_ERROR;ACTION_EXTRACTION_ERROR;OBJECT_EXTRACTION_ERROR;COUNTERPART_EXTRACTION_ERROR;RECIPIENT_EXTRACTION_ERROR","LOW","LOW","YES","YES","OPEN_FOR_RESEARCHER_DIAGNOSTIC"
"QA2B-055","D2_DSA","RECITAL","PRIORITY_4_SINGLE_MODEL_FLAG","Single-model substantive error signal.","COUNTERPART_EXTRACTION_ERROR;RECIPIENT_EXTRACTION_ERROR","","LOW","HIGH","YES","NO","OPEN_FOR_RESEARCHER_DIAGNOSTIC"
"QA2B-056","D2_DSA","RECITAL","PRIORITY_1_CROSS_MODEL_ERROR","Shared substantive errors: COUNTERPART_EXTRACTION_ERROR;RECIPIENT_EXTRACTION_ERROR","COUNTERPART_EXTRACTION_ERROR;RECIPIENT_EXTRACTION_ERROR;SOURCE_EXCERPT_ERROR","COUNTERPART_EXTRACTION_ERROR;RECIPIENT_EXTRACTION_ERROR;SOURCE_EXCERPT_ERROR","LOW","LOW","YES","YES","OPEN_FOR_RESEARCHER_DIAGNOSTIC"
"QA2B-058","D2_DSA","RECITAL","PRIORITY_1_CROSS_MODEL_ERROR","Shared substantive errors: COUNTERPART_EXTRACTION_ERROR;RECIPIENT_EXTRACTION_ERROR","COUNTERPART_EXTRACTION_ERROR;RECIPIENT_EXTRACTION_ERROR;SOURCE_EXCERPT_ERROR","COUNTERPART_EXTRACTION_ERROR;RECIPIENT_EXTRACTION_ERROR;SOURCE_EXCERPT_ERROR","LOW","LOW","YES","YES","OPEN_FOR_RESEARCHER_DIAGNOSTIC"
"QA2B-060","D2_DSA","RECITAL","PRIORITY_1_CROSS_MODEL_ERROR","Shared substantive errors: COUNTERPART_EXTRACTION_ERROR;RECIPIENT_EXTRACTION_ERROR","COUNTERPART_EXTRACTION_ERROR;RECIPIENT_EXTRACTION_ERROR","COUNTERPART_EXTRACTION_ERROR;RECIPIENT_EXTRACTION_ERROR","LOW","MEDIUM","YES","NO","OPEN_FOR_RESEARCHER_DIAGNOSTIC"
"QA2B-062","D3_AI_ACT","OPERATIVE_ARTICLE","PRIORITY_1_CROSS_MODEL_ERROR","Shared substantive errors: COUNTERPART_EXTRACTION_ERROR","COUNTERPART_EXTRACTION_ERROR","COUNTERPART_EXTRACTION_ERROR","MEDIUM","MEDIUM","NO","NO","OPEN_FOR_RESEARCHER_DIAGNOSTIC"
"QA2B-063","D3_AI_ACT","OPERATIVE_ARTICLE","PRIORITY_1_CROSS_MODEL_ERROR","Shared substantive errors: COUNTERPART_EXTRACTION_ERROR","COUNTERPART_EXTRACTION_ERROR","COUNTERPART_EXTRACTION_ERROR","MEDIUM","MEDIUM","NO","NO","OPEN_FOR_RESEARCHER_DIAGNOSTIC"
"QA2B-064","D3_AI_ACT","OPERATIVE_ARTICLE","PRIORITY_1_CROSS_MODEL_ERROR","Shared substantive errors: OBJECT_EXTRACTION_ERROR","ACTOR_EXTRACTION_ERROR;ACTION_EXTRACTION_ERROR;OBJECT_EXTRACTION_ERROR;SOURCE_EXCERPT_ERROR","OBJECT_EXTRACTION_ERROR;SOURCE_EXCERPT_ERROR","LOW","LOW","YES","YES","OPEN_FOR_RESEARCHER_DIAGNOSTIC"
"QA2B-067","D3_AI_ACT","OPERATIVE_ARTICLE","PRIORITY_1_CROSS_MODEL_ERROR","Shared substantive errors: COUNTERPART_EXTRACTION_ERROR;RECIPIENT_EXTRACTION_ERROR","COUNTERPART_EXTRACTION_ERROR;RECIPIENT_EXTRACTION_ERROR","COUNTERPART_EXTRACTION_ERROR;RECIPIENT_EXTRACTION_ERROR","MEDIUM","MEDIUM","NO","NO","OPEN_FOR_RESEARCHER_DIAGNOSTIC"
"QA2B-068","D3_AI_ACT","OPERATIVE_ARTICLE","PRIORITY_1_CROSS_MODEL_ERROR","Shared substantive errors: COUNTERPART_EXTRACTION_ERROR;RECIPIENT_EXTRACTION_ERROR","COUNTERPART_EXTRACTION_ERROR;RECIPIENT_EXTRACTION_ERROR","COUNTERPART_EXTRACTION_ERROR;RECIPIENT_EXTRACTION_ERROR","MEDIUM","MEDIUM","NO","NO","OPEN_FOR_RESEARCHER_DIAGNOSTIC"
"QA2B-070","D3_AI_ACT","OPERATIVE_ARTICLE","PRIORITY_1_CROSS_MODEL_ERROR","Shared substantive errors: COUNTERPART_EXTRACTION_ERROR","COUNTERPART_EXTRACTION_ERROR","COUNTERPART_EXTRACTION_ERROR","MEDIUM","MEDIUM","NO","NO","OPEN_FOR_RESEARCHER_DIAGNOSTIC"
"QA2B-071","D3_AI_ACT","OPERATIVE_ARTICLE","PRIORITY_1_CROSS_MODEL_ERROR","Shared substantive errors: ACTOR_EXTRACTION_ERROR;OBJECT_EXTRACTION_ERROR;COUNTERPART_EXTRACTION_ERROR;RECIPIENT_EXTRACTION_ERROR","ACTOR_EXTRACTION_ERROR;OBJECT_EXTRACTION_ERROR;COUNTERPART_EXTRACTION_ERROR;RECIPIENT_EXTRACTION_ERROR","ACTOR_EXTRACTION_ERROR;OBJECT_EXTRACTION_ERROR;COUNTERPART_EXTRACTION_ERROR;RECIPIENT_EXTRACTION_ERROR","LOW","LOW","YES","YES","OPEN_FOR_RESEARCHER_DIAGNOSTIC"
"QA2B-072","D3_AI_ACT","OPERATIVE_ARTICLE","PRIORITY_1_CROSS_MODEL_ERROR","Shared substantive errors: ACTOR_EXTRACTION_ERROR;ACTION_EXTRACTION_ERROR;OBJECT_EXTRACTION_ERROR;COUNTERPART_EXTRACTION_ERROR;RECIPIENT_EXTRACTION_ERROR","ACTOR_EXTRACTION_ERROR;ACTION_EXTRACTION_ERROR;OBJECT_EXTRACTION_ERROR;COUNTERPART_EXTRACTION_ERROR;RECIPIENT_EXTRACTION_ERROR;SOURCE_EXCERPT_ERROR","ACTOR_EXTRACTION_ERROR;ACTION_EXTRACTION_ERROR;OBJECT_EXTRACTION_ERROR;COUNTERPART_EXTRACTION_ERROR;RECIPIENT_EXTRACTION_ERROR;SOURCE_EXCERPT_ERROR","LOW","LOW","YES","YES","OPEN_FOR_RESEARCHER_DIAGNOSTIC"
"QA2B-073","D3_AI_ACT","OPERATIVE_ARTICLE","PRIORITY_1_CROSS_MODEL_ERROR","Shared substantive errors: OBJECT_EXTRACTION_ERROR;COUNTERPART_EXTRACTION_ERROR;RECIPIENT_EXTRACTION_ERROR","OBJECT_EXTRACTION_ERROR;COUNTERPART_EXTRACTION_ERROR;RECIPIENT_EXTRACTION_ERROR","OBJECT_EXTRACTION_ERROR;COUNTERPART_EXTRACTION_ERROR;RECIPIENT_EXTRACTION_ERROR","LOW","LOW","YES","YES","OPEN_FOR_RESEARCHER_DIAGNOSTIC"
"QA2B-074","D3_AI_ACT","OPERATIVE_ARTICLE","PRIORITY_1_CROSS_MODEL_ERROR","Shared substantive errors: COUNTERPART_EXTRACTION_ERROR;RECIPIENT_EXTRACTION_ERROR","ACTION_EXTRACTION_ERROR;COUNTERPART_EXTRACTION_ERROR;RECIPIENT_EXTRACTION_ERROR","COUNTERPART_EXTRACTION_ERROR;RECIPIENT_EXTRACTION_ERROR","LOW","LOW","YES","YES","OPEN_FOR_RESEARCHER_DIAGNOSTIC"
"QA2B-075","D3_AI_ACT","OPERATIVE_ARTICLE","PRIORITY_4_SINGLE_MODEL_FLAG","Single-model substantive error signal.","AMBIGUITY_FALSE_POSITIVE","","LOW","HIGH","YES","NO","OPEN_FOR_RESEARCHER_DIAGNOSTIC"
"QA2B-076","D3_AI_ACT","OPERATIVE_ARTICLE","PRIORITY_1_CROSS_MODEL_ERROR","Shared substantive errors: COUNTERPART_EXTRACTION_ERROR;RECIPIENT_EXTRACTION_ERROR","COUNTERPART_EXTRACTION_ERROR;RECIPIENT_EXTRACTION_ERROR","COUNTERPART_EXTRACTION_ERROR;RECIPIENT_EXTRACTION_ERROR","LOW","LOW","YES","YES","OPEN_FOR_RESEARCHER_DIAGNOSTIC"
"QA2B-077","D3_AI_ACT","OPERATIVE_ARTICLE","PRIORITY_1_CROSS_MODEL_ERROR","Shared substantive errors: ACTOR_EXTRACTION_ERROR;COUNTERPART_EXTRACTION_ERROR;RECIPIENT_EXTRACTION_ERROR","ACTOR_EXTRACTION_ERROR;COUNTERPART_EXTRACTION_ERROR;RECIPIENT_EXTRACTION_ERROR","ACTOR_EXTRACTION_ERROR;COUNTERPART_EXTRACTION_ERROR;RECIPIENT_EXTRACTION_ERROR","LOW","LOW","YES","YES","OPEN_FOR_RESEARCHER_DIAGNOSTIC"
"QA2B-078","D3_AI_ACT","RECITAL","PRIORITY_1_CROSS_MODEL_ERROR","Shared substantive errors: COUNTERPART_EXTRACTION_ERROR;RECIPIENT_EXTRACTION_ERROR","COUNTERPART_EXTRACTION_ERROR;RECIPIENT_EXTRACTION_ERROR;SOURCE_EXCERPT_ERROR","COUNTERPART_EXTRACTION_ERROR;RECIPIENT_EXTRACTION_ERROR;SOURCE_EXCERPT_ERROR","MEDIUM","MEDIUM","NO","NO","OPEN_FOR_RESEARCHER_DIAGNOSTIC"
"QA2B-081","D3_AI_ACT","RECITAL","PRIORITY_1_CROSS_MODEL_ERROR","Shared substantive errors: COUNTERPART_EXTRACTION_ERROR;RECIPIENT_EXTRACTION_ERROR","COUNTERPART_EXTRACTION_ERROR;RECIPIENT_EXTRACTION_ERROR","COUNTERPART_EXTRACTION_ERROR;RECIPIENT_EXTRACTION_ERROR","MEDIUM","MEDIUM","NO","NO","OPEN_FOR_RESEARCHER_DIAGNOSTIC"
"QA2B-082","D3_AI_ACT","RECITAL","PRIORITY_1_CROSS_MODEL_ERROR","Shared substantive errors: COUNTERPART_EXTRACTION_ERROR;RECIPIENT_EXTRACTION_ERROR","COUNTERPART_EXTRACTION_ERROR;RECIPIENT_EXTRACTION_ERROR;SOURCE_EXCERPT_ERROR","COUNTERPART_EXTRACTION_ERROR;RECIPIENT_EXTRACTION_ERROR;SOURCE_EXCERPT_ERROR","LOW","LOW","YES","YES","OPEN_FOR_RESEARCHER_DIAGNOSTIC"
"QA2B-083","D3_AI_ACT","RECITAL","PRIORITY_1_CROSS_MODEL_ERROR","Shared substantive errors: ACTOR_EXTRACTION_ERROR;ACTION_EXTRACTION_ERROR;OBJECT_EXTRACTION_ERROR;COUNTERPART_EXTRACTION_ERROR;RECIPIENT_EXTRACTION_ERROR","ACTOR_EXTRACTION_ERROR;ACTION_EXTRACTION_ERROR;OBJECT_EXTRACTION_ERROR;COUNTERPART_EXTRACTION_ERROR;RECIPIENT_EXTRACTION_ERROR","ACTOR_EXTRACTION_ERROR;ACTION_EXTRACTION_ERROR;OBJECT_EXTRACTION_ERROR;COUNTERPART_EXTRACTION_ERROR;RECIPIENT_EXTRACTION_ERROR","LOW","LOW","YES","YES","OPEN_FOR_RESEARCHER_DIAGNOSTIC"
"QA2B-084","D3_AI_ACT","RECITAL","PRIORITY_1_CROSS_MODEL_ERROR","Shared substantive errors: ACTOR_EXTRACTION_ERROR;ACTION_EXTRACTION_ERROR;OBJECT_EXTRACTION_ERROR;COUNTERPART_EXTRACTION_ERROR;RECIPIENT_EXTRACTION_ERROR","ACTOR_EXTRACTION_ERROR;ACTION_EXTRACTION_ERROR;OBJECT_EXTRACTION_ERROR;COUNTERPART_EXTRACTION_ERROR;RECIPIENT_EXTRACTION_ERROR","ACTOR_EXTRACTION_ERROR;ACTION_EXTRACTION_ERROR;OBJECT_EXTRACTION_ERROR;COUNTERPART_EXTRACTION_ERROR;RECIPIENT_EXTRACTION_ERROR","LOW","LOW","YES","YES","OPEN_FOR_RESEARCHER_DIAGNOSTIC"
"QA2B-085","D3_AI_ACT","RECITAL","PRIORITY_1_CROSS_MODEL_ERROR","Shared substantive errors: ACTOR_EXTRACTION_ERROR;ACTION_EXTRACTION_ERROR;OBJECT_EXTRACTION_ERROR;COUNTERPART_EXTRACTION_ERROR;RECIPIENT_EXTRACTION_ERROR","ACTOR_EXTRACTION_ERROR;ACTION_EXTRACTION_ERROR;OBJECT_EXTRACTION_ERROR;COUNTERPART_EXTRACTION_ERROR;RECIPIENT_EXTRACTION_ERROR","ACTOR_EXTRACTION_ERROR;ACTION_EXTRACTION_ERROR;OBJECT_EXTRACTION_ERROR;COUNTERPART_EXTRACTION_ERROR;RECIPIENT_EXTRACTION_ERROR","LOW","LOW","YES","YES","OPEN_FOR_RESEARCHER_DIAGNOSTIC"
"QA2B-086","D3_AI_ACT","RECITAL","PRIORITY_1_CROSS_MODEL_ERROR","Shared substantive errors: OBJECT_EXTRACTION_ERROR","ACTOR_EXTRACTION_ERROR;ACTION_EXTRACTION_ERROR;OBJECT_EXTRACTION_ERROR","OBJECT_EXTRACTION_ERROR","LOW","LOW","YES","YES","OPEN_FOR_RESEARCHER_DIAGNOSTIC"
"QA2B-087","D3_AI_ACT","RECITAL","PRIORITY_4_SINGLE_MODEL_FLAG","Single-model substantive error signal.","AMBIGUITY_FALSE_POSITIVE","","LOW","HIGH","YES","NO","OPEN_FOR_RESEARCHER_DIAGNOSTIC"
"QA2B-088","D3_AI_ACT","ANNEX","PRIORITY_1_CROSS_MODEL_ERROR","Shared substantive errors: COUNTERPART_EXTRACTION_ERROR;RECIPIENT_EXTRACTION_ERROR","ACTOR_EXTRACTION_ERROR;COUNTERPART_EXTRACTION_ERROR;RECIPIENT_EXTRACTION_ERROR;SOURCE_EXCERPT_ERROR","COUNTERPART_EXTRACTION_ERROR;RECIPIENT_EXTRACTION_ERROR;SOURCE_EXCERPT_ERROR","LOW","LOW","YES","YES","OPEN_FOR_RESEARCHER_DIAGNOSTIC"
"QA2B-089","D3_AI_ACT","ANNEX","PRIORITY_1_CROSS_MODEL_ERROR","Shared substantive errors: ACTOR_EXTRACTION_ERROR;ACTION_EXTRACTION_ERROR;OBJECT_EXTRACTION_ERROR;COUNTERPART_EXTRACTION_ERROR;RECIPIENT_EXTRACTION_ERROR","ACTOR_EXTRACTION_ERROR;ACTION_EXTRACTION_ERROR;OBJECT_EXTRACTION_ERROR;COUNTERPART_EXTRACTION_ERROR;RECIPIENT_EXTRACTION_ERROR;SOURCE_EXCERPT_ERROR","ACTOR_EXTRACTION_ERROR;ACTION_EXTRACTION_ERROR;OBJECT_EXTRACTION_ERROR;COUNTERPART_EXTRACTION_ERROR;RECIPIENT_EXTRACTION_ERROR;SOURCE_EXCERPT_ERROR","LOW","LOW","YES","YES","OPEN_FOR_RESEARCHER_DIAGNOSTIC"
"QA2B-090","D3_AI_ACT","ANNEX","PRIORITY_1_CROSS_MODEL_ERROR","Shared substantive errors: COUNTERPART_EXTRACTION_ERROR;RECIPIENT_EXTRACTION_ERROR","COUNTERPART_EXTRACTION_ERROR;RECIPIENT_EXTRACTION_ERROR;SOURCE_EXCERPT_ERROR","COUNTERPART_EXTRACTION_ERROR;RECIPIENT_EXTRACTION_ERROR;SOURCE_EXCERPT_ERROR","LOW","LOW","YES","YES","OPEN_FOR_RESEARCHER_DIAGNOSTIC"
