candidate_id,location,canonical_excerpt,RA_decision,RA_confidence,RA_rationale_concise,anonymized_ABCD_results,trigger_reasons,researcher_decision,researcher_final_result,researcher_note
CAND2-F9C7B65B0C4D,Recital 3,"(3) The Intergovernmental Panel on Climate Change (IPCC) provides in its 2018 Special Report on the impacts of global warming of 1,5 °C above pre-industrial levels and related global greenhouse gas emission pathways, in the context of strengthening the global response to the threat of climate cha...",negative,high,"The IPCC and IPBES appear as scientific reference sources for the state of knowledge. Codebook section 6 excludes an actor cited as example or reference without a focal regulatory action. Their reports are objects, not actors. Located evidence - 32021R1119 | Recital 3 (act.md lines 31-31): ""(3) The Intergovernmental Panel on Climate Change (IPCC) provides in its 2018 Special Report on the impac...",A:negative; B:negative; C:negative; D:negative,r10_random_audit_sample_unanimous_negative,,,
CAND2-5E4EA665A85E,Recital 5,"(5) It is necessary to address the growing climate-related risks to health, including more frequent and intense heatwaves, wildfires and floods, food and water safety and security threats, and the emergence and spread of infectious diseases. As announced in its communication of 24 February 2021 e...",negative,high,"Descriptive recital recording a Commission initiative already launched. No obligation, no regulated actor, no mediating third actor. Located evidence - 32021R1119 | Recital 5 (act.md lines 39-39): ""(5) It is necessary to address the growing climate-related risks to health, including more frequent and intense heatwaves, wildfires and floods, food "". Conditions A-E = NO/NO/NO/NO/YES; relational_r...",A:negative; B:negative; C:negative; D:negative,r10_random_audit_sample_unanimous_negative,,,
CAND2-EACA0173738F,Recital 12,"(12) The Union has in place a regulatory framework to achieve the 2030 greenhouse gas emission reduction target agreed in 2014, before the entry into force of the Paris Agreement. The legislation implementing that target consists, inter alia, of Directive 2003/87/EC of the European Parliament and...",negative,high,"Bibliographic recital listing existing Union legislation. Codebook section 6 excludes historical or bibliographic mentions without an analysable relation. The cited acts are external and not reproduced in the corpus. Located evidence - 32021R1119 | Recital 12 (act.md lines 67-67): ""(12) The Union has in place a regulatory framework to achieve the 2030 greenhouse gas emission reduction target ag...",A:negative; B:negative; C:negative; D:negative,r10_random_audit_sample_unanimous_negative,,,
CAND2-558133B800C4,Recital 33,"(33) The relevant programmes established under the Multiannual Financial Framework provide for the screening of projects to ensure that such projects are resilient to the potential adverse impacts of climate change through a climate vulnerability and risk assessment, including through relevant ad...",negative,high,"Describes screening built into MFF programmes. Programmes are instruments and projects are objects; no actor is identified as performing or receiving a regulatory action, so no relation can be reconstructed. Located evidence - 32021R1119 | Recital 33 (act.md lines 151-151): ""(33) The relevant programmes established under the Multiannual Financial Framework provide for the screening of projects ...",A:negative; B:negative; C:negative; D:negative,r10_random_audit_sample_unanimous_negative,,,
CAND2-AB84F16B6A72,Recital 37,"(37) The Commission should ensure a robust and objective assessment based on the most up-to-date scientific, technical and socioeconomic findings, and representative of a broad range of independent expertise, and base its assessment on relevant information including information submitted and repo...",negative,medium,"Recital mirror of Article 8(3)(b) and 8(4). The EEA and the Advisory Board are analytically distinct third actors (condition C YES), but the recital places them on the regulator's side: their reports are one input among several (alongside Copernicus data and IPCC/IPBES reports) and the EEA should assist the Commission. Assisting R in the preparation of R's own assessment is not mediating betwee...",A:negative; B:negative; C:negative; D:conditional,r2_conditional_in_any_replica;r4_D_yes_in_any_replica;r5_relational_result_divergence;r6_I_label_divergence;r7_RIT_divergence_non_unanimous_negative,,,
CAND2-71E7A98F944E,Art. 3 (1),1. The European Scientific Advisory Board on Climate Change established under Article 10a of Regulation (EC) No 401/2009 (the ‘Advisory Board’) shall serve as a point of reference for the Union on scientific knowledge relating to climate change by virtue of its independence and scientific and tec...,negative,high,"Role-attribution provision. Serving as a point of reference on scientific knowledge is an epistemic function, not a regulatory one: the Advisory Board is given no power, duty or action toward any regulated party, and no party is made subject to it. Codebook section 6 excludes advice or service without a mediating function between R and T. The Board's constitutive provision (Article 10a of Regul...",A:negative; B:insufficient_evidence; C:negative; D:negative,r3_insufficient_evidence_in_any_replica;r5_relational_result_divergence;r7_RIT_divergence_non_unanimous_negative,,,
CAND2-D6ED62ADF0C5,Art. 3 (2) pt.(b),"- (b) providing scientific advice and issuing reports on existing and proposed Union measures, climate targets and indicative greenhouse gas budgets, and their coherence with the objectives of this Regulation and the Union’s international commitments under the Paris Agreement;",negative,high,"This is the strongest candidate for an advisory function inside Article 3, and it still fails. The Board provides advice and issues reports on Union measures; the addressee is the Union itself, no obligation is created for any regulated party, the reports bind nobody, and the Board is given no power over any actor. Advice addressed to the regulator sits on the regulator's side of the relation a...",A:negative; B:insufficient_evidence; C:negative; D:negative,r3_insufficient_evidence_in_any_replica;r5_relational_result_divergence;r7_RIT_divergence_non_unanimous_negative,,,
CAND2-082F5C3C3784,Art. 3 (3),"3. The Advisory Board shall be guided in its work by the best available and most recent scientific evidence, including the latest reports of the IPCC, IPBES and other international bodies. It shall follow a fully transparent process and make its reports publicly available. It may take into accoun...",negative,high,"Binding transparency and publication duties bearing on the Advisory Board itself. The Board is therefore an actor subject to the relation (T), not a mediator; no authority distinct from it is identified as directing the duty. The faculty to take into account the work of national climate advisory bodies is discretionary and epistemic, and those bodies remain sources of work product, not actors i...",A:negative; B:negative; C:negative; D:negative,r10_random_audit_sample_unanimous_negative,,,
CAND2-11BF388480EA,Art. 3 (4),"4. In the context of enhancing the role of science in the field of climate policy, each Member State is invited to establish a national climate advisory body, responsible for providing expert scientific advice on climate policy to the relevant national authorities as prescribed by the Member Stat...",negative,medium,"ARTICLE 3(4) - national climate advisory body. R. Article 3(4) has two limbs and only the second is binding: 'Where a Member State decides to establish such an advisory body, it shall inform the EEA thereof.' In that focal relation the only institutional counterpart named is the European Environment Agency, which is the designated addressee of a mandatory notification; R is therefore the EEA. R...",A:negative; B:positive; C:negative; D:negative,r1_positive_in_any_replica;r4_D_yes_in_any_replica;r5_relational_result_divergence;r6_I_label_divergence;r7_RIT_divergence_non_unanimous_negative,,,
CAND2-81FF544AFB12,Art. 4 (3),"3. With a view to achieving the climate-neutrality objective set out in Article 2(1) of this Regulation, a Union-wide climate target for 2040 shall be set. To that end, at the latest within six months of the first global stocktake referred to in Article 14 of the Paris Agreement, the Commission s...",negative,high,"Target-setting mandate addressed to the Commission. The objects are a target, an impact assessment and assessment conclusions; no actor is made subject to the focal relation, so the triad cannot be constituted. Located evidence - 32021R1119 | Article 4 > Intermediate Union climate targets > paragraph 3 (act.md lines 234-234): ""3. With a view to achieving the climate-neutrality objective set out...",A:negative; B:negative; C:negative; D:negative,r10_random_audit_sample_unanimous_negative,,,
CAND2-D64B4FFA6C04,Art. 4 (4),"4. When making its legislative proposal for the Union 2040 climate target as referred to in paragraph 3, the Commission shall, at the same time, publish in a separate report the projected indicative Union greenhouse gas budget for the 2030-2050 period, defined as the indicative total volume of ne...",negative,high,"Publication duty on the Commission. The Advisory Board appears only as the source of advice the Commission must take into account: its advice is an input, hence an object, and the Board performs no function toward any regulated actor. Because no T is identifiable, the triad cannot be constituted and no intermediary may be recorded. Located evidence - 32021R1119 | Article 4 > Intermediate Union ...",A:negative; B:negative; C:negative; D:negative,r6_I_label_divergence,,,
CAND2-4A3243C9112E,Art. 5 (5),"5. By 30 July 2022, the Commission shall adopt guidelines setting out common principles and practices for the identification, classification and prudential management of material physical climate risks when planning, developing, executing and monitoring projects and programmes for projects.",negative,high,"Guideline-adoption duty. The provision identifies no addressee: projects and programmes are objects, and no class of actors is named as bound by the guidelines within the corpus. No third actor appears. Located evidence - 32021R1119 | Article 5 > Adaptation to climate change > paragraph 5 (act.md lines 269-269): ""5. By 30 July 2022, the Commission shall adopt guidelines setting out common princ...",A:negative; B:insufficient_evidence; C:negative; D:negative,r3_insufficient_evidence_in_any_replica;r5_relational_result_divergence;r7_RIT_divergence_non_unanimous_negative,,,
CAND2-EC26B7CB9612,Art. 6 (1) pt.(b),"- (b) the collective progress made by all Member States on adaptation as referred to in Article 5 of this Regulation. The Commission shall submit the conclusions of that assessment, together with the State of the Energy Union report prepared in the respective calendar year in accordance with Arti...",negative,high,"Direct supervisory and reporting relation. The Member States are the assessed actors; the European Parliament and the Council receive the conclusions and are recorded as oversight authorities, not as T. No mediating third actor. Located evidence - 32021R1119 | Article 6 > Assessment of Union progress and measures > paragraph 1 > point (b) (act.md lines 277-278): ""- (b) the collective progress m...",A:negative; B:negative; C:negative; D:negative,r10_random_audit_sample_unanimous_negative,,,
CAND2-7811F95526B7,Art. 6 (2),"2. By 30 September 2023, and every five years thereafter, the Commission shall review: - (a) the consistency of Union measures with the climate-neutrality objective set out in Article 2(1); - (b) the consistency of Union measures with ensuring progress on adaptation as referred to in Article 5.",negative,high,"The review bears on Union measures, which are objects, not actors. Unlike Article 7, no Member State or other actor is made subject to this focal relation, so condition B fails and the triad cannot be constituted. Located evidence - 32021R1119 | Article 6 > Assessment of Union progress and measures > paragraph 2 (act.md lines 280-282): ""2. By 30 September 2023, and every five years thereafter, ...",A:negative; B:insufficient_evidence; C:negative; D:negative,r3_insufficient_evidence_in_any_replica;r5_relational_result_divergence;r7_RIT_divergence_non_unanimous_negative,,,
CAND2-4F0C4C78A5A5,Art. 8 (3) pt.(a),- (a) information submitted and reported under Regulation (EU) 2018/1999;,negative,medium,"The information reported under Regulation (EU) 2018/1999 is, on the corpus's own showing (Article 7(1)(a) and Article 7(3)(b)), Member State information. The flow therefore runs directly from the Member States to the Commission. The information is an object; no third actor handles it. Located evidence - 32021R1119 | Article 8 > Common provisions on Commission assessment > paragraph 3 > point (a...",A:negative; B:insufficient_evidence; C:negative; D:negative,r3_insufficient_evidence_in_any_replica;r5_relational_result_divergence;r7_RIT_divergence_non_unanimous_negative,,,
CAND2-465FC96778A7,Art. 8 (3) pt.(b),"- (b) reports of the EEA, the Advisory Board and the Commission’s Joint Research Centre;",negative,medium,"ARTICLE 8(3)(b) - reports of the EEA, the Advisory Board and the Commission's Joint Research Centre. R. The chapeau of Article 8(3) states that 'the Commission shall base its assessments referred to in Articles 6 and 7 on at least the following', so the Commission is the authority exercising the focal function. T. Point (b) alone names no target; the smallest juridically sufficient unit is the ...",A:negative; B:insufficient_evidence; C:positive; D:positive,r1_positive_in_any_replica;r3_insufficient_evidence_in_any_replica;r4_D_yes_in_any_replica;r5_relational_result_divergence;r6_I_label_divergence;r7_RIT_divergence_non_unanimous_negative;r9_RA_diverges_all_or_largest_grouping,,,
CAND2-8607C66ECE11,Art. 8 (3) pt.(d),"- (d) the best available and most recent scientific evidence, including the latest reports of the IPCC, IPBES and other international bodies; and",negative,medium,"Coded in strict parallel with point (b), which is the point of the exercise. The IPCC and the IPBES are actors analytically distinct from the Commission and the Member States, so condition C is YES; but they are international scientific bodies wholly outside the Union regulatory architecture, subject to no duty under this act and holding no power over anyone, so condition D is unambiguously NO....",A:negative; B:negative; C:negative; D:negative,r6_I_label_divergence,,,
CAND2-88A2261C68DE,Art. 8 (4),"4. The EEA shall assist the Commission in the preparation of the assessments referred to in Articles 6 and 7, in accordance with its annual work programme.",negative,medium,"ARTICLE 8(4) - the EEA assisting the Commission. R. The provision is a single sentence: 'The EEA shall assist the Commission in the preparation of the assessments referred to in Articles 6 and 7, in accordance with its annual work programme.' The obligation runs from the EEA to the Commission. The Commission is the authority that owns and conducts the assessments (Articles 6(1) and 7(1) both re...",A:negative; B:positive; C:positive; D:positive,r1_positive_in_any_replica;r4_D_yes_in_any_replica;r5_relational_result_divergence;r6_I_label_divergence;r7_RIT_divergence_non_unanimous_negative;r9_RA_diverges_all_or_largest_grouping,,,
CAND2-3E6642A72EB3,Art. 11,"Within six months of each global stocktake referred to in Article 14 of the Paris Agreement, the Commission shall submit a report to the European Parliament and to the Council, together with the conclusions of the assessments referred to in Articles 6 and 7 of this Regulation, on the operation of...",negative,high,"Inter-institutional accountability relation: the actor subject to the duty is the Commission, and the institutions in whose favour it runs are the European Parliament and the Council. Coding the report recipients as T would violate the rule that T is the actor subject to the relation. The relation is bilateral and direct; the report is the instrument. Located evidence - 32021R1119 | Article 11 ...",A:negative; B:negative; C:negative; D:negative,r10_random_audit_sample_unanimous_negative,,,
CAND2-8D7D5ED06FD0,Art. 13 pt.(a),"- ‘(a) implement strategies and measures designed to meet the objectives and targets of the Energy Union and the long-term Union greenhouse gas emissions commitments consistent with the Paris Agreement, in particular the Union’s climate-neutrality objective set out in Article 2(1) of Regulation (...",insufficient_evidence,low,"This is the single unit in the universe whose grammatical subject is missing from the corpus. The fragment is one limb of the objectives clause of Article 1(1) of Regulation (EU) 2018/1999; the chapeau that identifies who is to implement the strategies and measures is not reproduced. Nothing in the supplied text permits a responsible determination of R, T, of any third actor, or of a mediating ...",A:negative; B:insufficient_evidence; C:negative; D:negative,r3_insufficient_evidence_in_any_replica;r5_relational_result_divergence;r8_RA_confidence_low;r9_RA_diverges_all_or_largest_grouping,,,
CAND2-4463F3ADEC6D,Art. 13 pt.(5),"- (5) Article 11 is replaced by the following: ### ‘Article 11 #### Multilevel climate and energy dialogue Each Member State shall establish a multilevel climate and energy dialogue pursuant to national rules, in which local authorities, civil society organisations, business community, investors ...",negative,high,"The duty falls on each Member State to set up a dialogue; no authority distinct from the duty-bearer is named. Local authorities, civil society organisations, the business community, investors, other stakeholders and the general public are participants in a process, which codebook section 6 expressly excludes from intermediation: they are given no regulatory function between a regulator and a r...",A:negative; B:negative; C:negative; D:negative,r10_random_audit_sample_unanimous_negative,,,
CAND2-27E84BD23730,Art. 13 pt.(b),"- (b) in paragraph 4, the first subparagraph is replaced by the following: ‘The Commission, assisted by the Energy Union Committee referred to in point (b) of Article 44(1), shall adopt implementing acts to set out the structure, format, technical details and process for the information referred ...",negative,medium,"ARTICLE 13, POINT (b) - the Commission 'assisted by the Energy Union Committee' (amended Article 17(4) of Regulation (EU) 2018/1999). R. Explicit on the face of the text: 'The Commission ... shall adopt implementing acts to set out the structure, format, technical details and process for the information'. The adopting power is attributed to the Commission alone. T. The implementing acts govern ...",A:conditional; B:conditional; C:positive; D:positive,r1_positive_in_any_replica;r2_conditional_in_any_replica;r4_D_yes_in_any_replica;r5_relational_result_divergence;r7_RIT_divergence_non_unanimous_negative;r9_RA_diverges_all_or_largest_grouping,,,
