absolute_path,sha256,size_bytes,firewall_status,role
C:\Users\Adm\Downloads\R2_DAVID_VALIDATION_PACKAGE_v1_3.zip,DEAC81729038E5B8DB771D5A5FCC7CE11A2E6A88565CA9A0D7A1C8F033AAA954,135190,CLOSED_UNTIL_PHASE_9,pilotA_candidate: package for David (zip contains method note .docx + v1_3 researcher-adjudicated .xlsx)
C:\Users\Adm\Downloads\R2_calibration_regulatory_intermediation_v1_2_audited.xlsx,5A3D669BB8C89BB7C81B36ABEE60BB228F9BF42F242497411C9743EE10E2AAEE,243495,CLOSED_UNTIL_PHASE_9,pilotA_candidate: v1.2 audited calibration workbook
C:\Users\Adm\Downloads\R2_calibration_regulatory_intermediation_v0_2_descriptive.xlsx,6F7BD3B5CCF3C1FABECA70C711D5932B27A7DB33D7A4DD5D8794B6B3089B9601,229253,CLOSED_UNTIL_PHASE_9,pilotA_candidate: v0.2 descriptive calibration workbook
C:\Users\Adm\Downloads\R2_METHOD_REPORT_TAXONOMY_CALIBRATION_v1_2.docx,FD9421045577E856F217F52E37EDC2A3973047309ED45E724F2484ACD30E28AF,46510,CLOSED_UNTIL_PHASE_9,"pilotA_candidate: method report, Taxonomy calibration v1.2"
C:\Users\Adm\OneDrive\ICM-Gov\05_PROJETOS\prj-intermediaries\PILOT_v1.4_POST_DAVID_MECHANISM_RECALIBRATION\PILOT_v1.4_RECALIBRATED.xlsx,47EF299474E6AD3BC4D8B146C7CC9E3E1409BB7C7F472E8E749219237FE1B93C,50559,CLOSED_UNTIL_PHASE_9,post-David v1.4 recalibration - NOT Pilot A (later attempt)
C:\Users\Adm\OneDrive\ICM-Gov\05_PROJETOS\prj-intermediaries\PILOT_v1.4_POST_DAVID_MECHANISM_RECALIBRATION\PILOT_v1.4_METHOD_NOTE.md,B180B6408DECFCC52948431A5A005BC72F0A3C684C395467E67C6CA92488BC2B,5417,CLOSED_UNTIL_PHASE_9,post-David v1.4 recalibration - NOT Pilot A (later attempt)
C:\Users\Adm\OneDrive\ICM-Gov\05_PROJETOS\prj-intermediaries\PILOT_v1.4_POST_DAVID_MECHANISM_RECALIBRATION\PILOT_v1.4_CHANGELOG.md,9A6D9C8996EFD70FE0C370488BECDDD1A2BB4E3043A82CCD2A62E9FB5006EEAA,10915,CLOSED_UNTIL_PHASE_9,post-David v1.4 recalibration - NOT Pilot A (later attempt)
C:\Users\Adm\OneDrive\ICM-Gov\05_PROJETOS\prj-intermediaries\PILOT_v1.4_POST_DAVID_MECHANISM_RECALIBRATION\PILOT_v1.4_MECHANISM_CODEBOOK.md,DA3EB614E32D153969F25CE91153274A86CF584E6FACF434365C6A385BB53D0C,3207,CLOSED_UNTIL_PHASE_9,post-David v1.4 recalibration - NOT Pilot A (later attempt)
C:\Users\Adm\OneDrive\ICM-Gov\05_PROJETOS\prj-intermediaries\PILOT_v1.4_POST_DAVID_MECHANISM_RECALIBRATION\PILOT_v1.4_VALIDATION_REPORT.md,0BB62501870B2788D08F4F1C4CBEB9616145945620F6B3D88849DC56465D66F3,2207,CLOSED_UNTIL_PHASE_9,post-David v1.4 recalibration - NOT Pilot A (later attempt)
C:\Users\Adm\OneDrive\ICM-Gov\05_PROJETOS\prj-intermediaries\build_pilot_v14.py,0CDEA03C0F78574C471212550E57F84025FA3AD67DFE977C69A65902E0940524,69221,CLOSED_UNTIL_PHASE_9,post-David v1.4 build script
C:\Users\Adm\Downloads\PROJECT_LEARNING_LOG_PRJ_DAVID_LEVI_FAUR.md,08E44F0B3026B1546877FAA6766E7A2978A51E6209F46C249E31C695B936B2A4,36633,CLOSED_PENDING_RESEARCHER_DESIGNATION,project learning log (may hold David feedback / Pilot A narrative)
C:\Users\Adm\Downloads\Meeting Briefing — David Levi-Faur.pdf,089C4526A3629EEF66FFE71E6EA47AC780D0114B919A1588577C30AD0150618D,95545,CLOSED_PENDING_RESEARCHER_DESIGNATION,meeting briefing
C:\PROJETOS\GITHUB\git-PRJ-REGULATORY-INTERMEDIARIES--Prf-David\Before_R2\Estudos Preliminares e testes\PoC 01\Entrega-04\data\screening_hits_v4.csv,B0AEB61B7FC7E7DE66865F45ABBE230B89AEAB67ADF13A89A18B81B6BE80AAE0,509569,CLOSED_UNTIL_PHASE_9,legacy PoC Entrega-04 output (5 acts incl. Taxonomy)
C:\PROJETOS\GITHUB\git-PRJ-REGULATORY-INTERMEDIARIES--Prf-David\Before_R2\Estudos Preliminares e testes\PoC 01\Entrega-04\data\candidate_adjudications_v4.csv,1F3589B9E381FCCCC6B781987C9D7679A4B9C83DD7628083BDE900B303A6AB23,12302,CLOSED_UNTIL_PHASE_9,legacy PoC Entrega-04 output (5 acts incl. Taxonomy)
C:\PROJETOS\GITHUB\git-PRJ-REGULATORY-INTERMEDIARIES--Prf-David\Before_R2\Estudos Preliminares e testes\PoC 01\Entrega-04\data\rit_relationships_v4.csv,00E5F225810E7288101F925F14CBB76D0A69F556BB573A4B9E293E5438B84ACA,5671,CLOSED_UNTIL_PHASE_9,legacy PoC Entrega-04 output (5 acts incl. Taxonomy)
C:\PROJETOS\GITHUB\git-PRJ-REGULATORY-INTERMEDIARIES--Prf-David\Before_R2\Estudos Preliminares e testes\PoC 01\Entrega-04\data\semantic_candidates_v4.csv,0E94B4B14BEEECFB253C2F1A242FCC0330B671439DBA80208F77B866B1274AE3,5249,CLOSED_UNTIL_PHASE_9,legacy PoC Entrega-04 output (5 acts incl. Taxonomy)
C:\PROJETOS\GITHUB\git-PRJ-REGULATORY-INTERMEDIARIES--Prf-David\Before_R2\Estudos Preliminares e testes\PoC 01\Entrega-04\data\ai_runs_v4.csv,B6B7E01988E5D95218B134739982C067C6C165BFCCFD970DF5C1A48AD8C389E5,244773,CLOSED_UNTIL_PHASE_9,legacy PoC Entrega-04 output (5 acts incl. Taxonomy)
C:\PROJETOS\GITHUB\git-PRJ-REGULATORY-INTERMEDIARIES--Prf-David\Before_R2\Estudos Preliminares e testes\PoC 01\Entrega-04\data\human_review_v4.csv,FC96306645DAFC1374BDCCA28CF4892A018E2203E14C9419D7F66C3BED42682F,6323,CLOSED_UNTIL_PHASE_9,legacy PoC Entrega-04 output (5 acts incl. Taxonomy)
C:\PROJETOS\GITHUB\git-PRJ-REGULATORY-INTERMEDIARIES--Prf-David\Before_R2\Estudos Preliminares e testes\PoC 01\Entrega-04\data\relationship_mechanisms_v4.csv,E5AA14EDDE4675CBD4364B23BED22E1C56326EFEDBB32F846803E1F056091257,1022,CLOSED_UNTIL_PHASE_9,legacy PoC Entrega-04 output (5 acts incl. Taxonomy)
C:\PROJETOS\GITHUB\git-PRJ-REGULATORY-INTERMEDIARIES--Prf-David\Before_R2\Estudos Preliminares e testes\PoC 01\Entrega-04\data\actors_v4.csv,B47B18FCA2710D468192AAB94041CE96D4A4032F45B80D75411522E1BA6324CE,3427,CLOSED_UNTIL_PHASE_9,legacy PoC Entrega-04 output (5 acts incl. Taxonomy)
