addendum_id,absolute_path,size_bytes,sha256,role,source_tier,firewall_status,notes
B001,C:\PROJETOS\GITHUB\git-PRJ-REGULATORY-INTERMEDIARIES--Prf-David\WORK_2_1\PILOT_R2_1\00_source\32020R0852\act_official_legacy_PilotA_2026-09-06.xhtml,339583,B006E305A02AF1DF8DDC03D33E1AF067378D8A5818AF53B3B6F6A7F03FB531F2,legal_source_xhtml (copy of legacy taxonomy_raw.html),T1_AUTHORITATIVE_LEGAL_SOURCE,OPEN_LEGAL_TEXT,Byte-identical to Entrega-04 taxonomy_raw.html; hash matches CELEX_MANIFEST_v4
B002,C:\PROJETOS\GITHUB\git-PRJ-REGULATORY-INTERMEDIARIES--Prf-David\WORK_2_1\PILOT_R2_1\00_source\32020R0852\act_official_fresh_2026-09-19.xhtml,337514,9CF32A280DFDE87851A89FC1E9C358B9166CA1349FA9FFD578D3AE2638F8E5A6,legal_source_xhtml (fresh CELLAR acquisition),T1_AUTHORITATIVE_LEGAL_SOURCE,OPEN_LEGAL_TEXT,"Fresh download 2026-09-19; markup differs, extracted text identical to legacy copy"
B003,C:\PROJETOS\GITHUB\git-PRJ-REGULATORY-INTERMEDIARIES--Prf-David\WORK_2_1\PILOT_R2_1\00_source\32020R0852\headers_fresh.txt,659,DEBD66435632BE2F496758B15710A8F8D8EE8DBE7DE6C7CAF1FA91DDE1F12D88,acquisition_http_headers,T2_PROVENANCE_MANIFEST,OPEN_PROVENANCE,303 -> cellar e5ba36a8-b454-11ea-bb7a-01aa75ed71a1.0006.03/DOC_1
B004,C:\PROJETOS\GITHUB\git-PRJ-REGULATORY-INTERMEDIARIES--Prf-David\Before_R2\Estudos Preliminares e testes\PoC 01\Entrega-04\data\raw_html\taxonomy_raw.html,339583,B006E305A02AF1DF8DDC03D33E1AF067378D8A5818AF53B3B6F6A7F03FB531F2,legal_source_xhtml (original location),T1_AUTHORITATIVE_LEGAL_SOURCE,OPEN_LEGAL_TEXT,Original in PoC 01/Entrega-04; not modified
B005,C:\PROJETOS\GITHUB\git-PRJ-REGULATORY-INTERMEDIARIES--Prf-David\Before_R2\Estudos Preliminares e testes\PoC 01\Entrega-04\data\CELEX_MANIFEST_v4.json,7103,E5CF841E9824E54AC96B0F1E4E23B8504EB659412104556E14C91751C3CBF17D,legacy_source_manifest,T2_PROVENANCE_MANIFEST,OPEN_PROVENANCE_ONLY_TAXONOMY_ENTRY_READ,Only provenance fields were read (acts list printed; other acts are not Taxonomy)
B006,C:\Users\Adm\Downloads\WORK_2_1_PILOT_R2_1_OPERATIONAL_PROMPT.md,24735,3612575E7DF03D775E5F8A8F487D00C2BE101DF05BAEAD90A0AF7A4894429F51,operational_prompt_original,T4_METHODOLOGY_DOC,OPEN_PROVENANCE,Identical to '(1)' copy and to the provenance copy in namespace
B007,C:\Users\Adm\Downloads\WORK_2_1_PILOT_R2_1_OPERATIONAL_PROMPT (1).md,24735,3612575E7DF03D775E5F8A8F487D00C2BE101DF05BAEAD90A0AF7A4894429F51,operational_prompt_duplicate,T4_METHODOLOGY_DOC,OPEN_PROVENANCE,Duplicate
B008,C:\PROJETOS\GITHUB\git-PRJ-REGULATORY-INTERMEDIARIES--Prf-David\WORK_2_1\PILOT_R2_1\PROVENANCE_WORK_2_1_OPERATIONAL_PROMPT_VERBATIM.md,24735,3612575E7DF03D775E5F8A8F487D00C2BE101DF05BAEAD90A0AF7A4894429F51,operational_prompt_provenance_copy,T4_METHODOLOGY_DOC,OPEN_PROVENANCE,Byte-exact copy of original; replaces the retyped version I wrote earlier in this session
B009,C:\Users\Adm\Downloads\R2_DAVID_VALIDATION_PACKAGE_v1_3.zip,135190,DEAC81729038E5B8DB771D5A5FCC7CE11A2E6A88565CA9A0D7A1C8F033AAA954,pilotA_candidate: package for David (zip contains method note .docx + v1_3 researcher-adjudicated .xlsx),T5_PRIOR_CODING_OUTPUT,CLOSED_UNTIL_PHASE_9,"Not opened; zip: member names listed only, not extracted"
B010,C:\Users\Adm\Downloads\R2_calibration_regulatory_intermediation_v1_2_audited.xlsx,243495,5A3D669BB8C89BB7C81B36ABEE60BB228F9BF42F242497411C9743EE10E2AAEE,pilotA_candidate: v1.2 audited calibration workbook,T5_PRIOR_CODING_OUTPUT,CLOSED_UNTIL_PHASE_9,Not opened
B011,C:\Users\Adm\Downloads\R2_calibration_regulatory_intermediation_v0_2_descriptive.xlsx,229253,6F7BD3B5CCF3C1FABECA70C711D5932B27A7DB33D7A4DD5D8794B6B3089B9601,pilotA_candidate: v0.2 descriptive calibration workbook,T5_PRIOR_CODING_OUTPUT,CLOSED_UNTIL_PHASE_9,Not opened
B012,C:\Users\Adm\Downloads\R2_METHOD_REPORT_TAXONOMY_CALIBRATION_v1_2.docx,46510,FD9421045577E856F217F52E37EDC2A3973047309ED45E724F2484ACD30E28AF,"pilotA_candidate: method report, Taxonomy calibration v1.2",T5_PRIOR_CODING_OUTPUT,CLOSED_UNTIL_PHASE_9,Not opened
B013,C:\Users\Adm\OneDrive\ICM-Gov\05_PROJETOS\prj-intermediaries\PILOT_v1.4_POST_DAVID_MECHANISM_RECALIBRATION\PILOT_v1.4_RECALIBRATED.xlsx,50559,47EF299474E6AD3BC4D8B146C7CC9E3E1409BB7C7F472E8E749219237FE1B93C,post-David v1.4 recalibration - NOT Pilot A (later attempt),T5_PRIOR_CODING_OUTPUT,CLOSED_UNTIL_PHASE_9,Not opened (xlsx: sheet names + boolean token check only; method note: matched by token file-list only)
B014,C:\Users\Adm\OneDrive\ICM-Gov\05_PROJETOS\prj-intermediaries\PILOT_v1.4_POST_DAVID_MECHANISM_RECALIBRATION\PILOT_v1.4_METHOD_NOTE.md,5417,B180B6408DECFCC52948431A5A005BC72F0A3C684C395467E67C6CA92488BC2B,post-David v1.4 recalibration - NOT Pilot A (later attempt),T5_PRIOR_CODING_OUTPUT,CLOSED_UNTIL_PHASE_9,Not opened (xlsx: sheet names + boolean token check only; method note: matched by token file-list only)
B015,C:\Users\Adm\OneDrive\ICM-Gov\05_PROJETOS\prj-intermediaries\PILOT_v1.4_POST_DAVID_MECHANISM_RECALIBRATION\PILOT_v1.4_CHANGELOG.md,10915,9A6D9C8996EFD70FE0C370488BECDDD1A2BB4E3043A82CCD2A62E9FB5006EEAA,post-David v1.4 recalibration - NOT Pilot A (later attempt),T5_PRIOR_CODING_OUTPUT,CLOSED_UNTIL_PHASE_9,Not opened (xlsx: sheet names + boolean token check only; method note: matched by token file-list only)
B016,C:\Users\Adm\OneDrive\ICM-Gov\05_PROJETOS\prj-intermediaries\PILOT_v1.4_POST_DAVID_MECHANISM_RECALIBRATION\PILOT_v1.4_MECHANISM_CODEBOOK.md,3207,DA3EB614E32D153969F25CE91153274A86CF584E6FACF434365C6A385BB53D0C,post-David v1.4 recalibration - NOT Pilot A (later attempt),T5_PRIOR_CODING_OUTPUT,CLOSED_UNTIL_PHASE_9,Not opened (xlsx: sheet names + boolean token check only; method note: matched by token file-list only)
B017,C:\Users\Adm\OneDrive\ICM-Gov\05_PROJETOS\prj-intermediaries\PILOT_v1.4_POST_DAVID_MECHANISM_RECALIBRATION\PILOT_v1.4_VALIDATION_REPORT.md,2207,0BB62501870B2788D08F4F1C4CBEB9616145945620F6B3D88849DC56465D66F3,post-David v1.4 recalibration - NOT Pilot A (later attempt),T5_PRIOR_CODING_OUTPUT,CLOSED_UNTIL_PHASE_9,Not opened (xlsx: sheet names + boolean token check only; method note: matched by token file-list only)
B018,C:\Users\Adm\OneDrive\ICM-Gov\05_PROJETOS\prj-intermediaries\build_pilot_v14.py,69221,0CDEA03C0F78574C471212550E57F84025FA3AD67DFE977C69A65902E0940524,post-David v1.4 build script,T7_SCRIPT_OR_TEST,CLOSED_UNTIL_PHASE_9,Not opened; untracked in its own git repo
B019,C:\Users\Adm\Downloads\PROJECT_LEARNING_LOG_PRJ_DAVID_LEVI_FAUR.md,36633,08E44F0B3026B1546877FAA6766E7A2978A51E6209F46C249E31C695B936B2A4,project learning log (may hold David feedback / Pilot A narrative),T6_COMMUNICATION_NOTE,CLOSED_PENDING_RESEARCHER_DESIGNATION,Not opened
B020,C:\Users\Adm\Downloads\Meeting Briefing — David Levi-Faur.pdf,95545,089C4526A3629EEF66FFE71E6EA47AC780D0114B919A1588577C30AD0150618D,meeting briefing,T6_COMMUNICATION_NOTE,CLOSED_PENDING_RESEARCHER_DESIGNATION,Not opened
B021,C:\PROJETOS\GITHUB\git-PRJ-REGULATORY-INTERMEDIARIES--Prf-David\Before_R2\Estudos Preliminares e testes\PoC 01\Entrega-04\data\screening_hits_v4.csv,509569,B0AEB61B7FC7E7DE66865F45ABBE230B89AEAB67ADF13A89A18B81B6BE80AAE0,legacy PoC Entrega-04 output (5 acts incl. Taxonomy),T5_PRIOR_CODING_OUTPUT,CLOSED_UNTIL_PHASE_9,Not opened
B022,C:\PROJETOS\GITHUB\git-PRJ-REGULATORY-INTERMEDIARIES--Prf-David\Before_R2\Estudos Preliminares e testes\PoC 01\Entrega-04\data\candidate_adjudications_v4.csv,12302,1F3589B9E381FCCCC6B781987C9D7679A4B9C83DD7628083BDE900B303A6AB23,legacy PoC Entrega-04 output (5 acts incl. Taxonomy),T5_PRIOR_CODING_OUTPUT,CLOSED_UNTIL_PHASE_9,Not opened
B023,C:\PROJETOS\GITHUB\git-PRJ-REGULATORY-INTERMEDIARIES--Prf-David\Before_R2\Estudos Preliminares e testes\PoC 01\Entrega-04\data\rit_relationships_v4.csv,5671,00E5F225810E7288101F925F14CBB76D0A69F556BB573A4B9E293E5438B84ACA,legacy PoC Entrega-04 output (5 acts incl. Taxonomy),T5_PRIOR_CODING_OUTPUT,CLOSED_UNTIL_PHASE_9,Not opened
B024,C:\PROJETOS\GITHUB\git-PRJ-REGULATORY-INTERMEDIARIES--Prf-David\Before_R2\Estudos Preliminares e testes\PoC 01\Entrega-04\data\semantic_candidates_v4.csv,5249,0E94B4B14BEEECFB253C2F1A242FCC0330B671439DBA80208F77B866B1274AE3,legacy PoC Entrega-04 output (5 acts incl. Taxonomy),T5_PRIOR_CODING_OUTPUT,CLOSED_UNTIL_PHASE_9,Not opened
B025,C:\PROJETOS\GITHUB\git-PRJ-REGULATORY-INTERMEDIARIES--Prf-David\Before_R2\Estudos Preliminares e testes\PoC 01\Entrega-04\data\ai_runs_v4.csv,244773,B6B7E01988E5D95218B134739982C067C6C165BFCCFD970DF5C1A48AD8C389E5,legacy PoC Entrega-04 output (5 acts incl. Taxonomy),T5_PRIOR_CODING_OUTPUT,CLOSED_UNTIL_PHASE_9,Not opened
B026,C:\PROJETOS\GITHUB\git-PRJ-REGULATORY-INTERMEDIARIES--Prf-David\Before_R2\Estudos Preliminares e testes\PoC 01\Entrega-04\data\human_review_v4.csv,6323,FC96306645DAFC1374BDCCA28CF4892A018E2203E14C9419D7F66C3BED42682F,legacy PoC Entrega-04 output (5 acts incl. Taxonomy),T5_PRIOR_CODING_OUTPUT,CLOSED_UNTIL_PHASE_9,Not opened
B027,C:\PROJETOS\GITHUB\git-PRJ-REGULATORY-INTERMEDIARIES--Prf-David\Before_R2\Estudos Preliminares e testes\PoC 01\Entrega-04\data\relationship_mechanisms_v4.csv,1022,E5AA14EDDE4675CBD4364B23BED22E1C56326EFEDBB32F846803E1F056091257,legacy PoC Entrega-04 output (5 acts incl. Taxonomy),T5_PRIOR_CODING_OUTPUT,CLOSED_UNTIL_PHASE_9,Not opened
B028,C:\PROJETOS\GITHUB\git-PRJ-REGULATORY-INTERMEDIARIES--Prf-David\Before_R2\Estudos Preliminares e testes\PoC 01\Entrega-04\data\actors_v4.csv,3427,B47B18FCA2710D468192AAB94041CE96D4A4032F45B80D75411522E1BA6324CE,legacy PoC Entrega-04 output (5 acts incl. Taxonomy),T5_PRIOR_CODING_OUTPUT,CLOSED_UNTIL_PHASE_9,Not opened
