case_id;celex;relation_id;relation_type;confidence;R;I;T;mechanism;mediating_function;action;object;source_location;operative_anchor_location;evidence_quote;contextual_support;third_actor_test;external_context_required;coder_note;provenance;PESQUISADOR: APPROVE / CHANGE / EXCLUDE / UNRESOLVED;correction;researcher_note
case_01;32021R1119;REL_C01_001;direct;high;European Parliament and Council (Union legislature, acting through this Regulation) (regulator);;"Member States (target); relevant Union institutions (target)";none_or_direct;;"establishing a binding Union-wide climate-neutrality objective for 2050; setting a binding intermediate 2030 net emission-reduction target";Union-wide greenhouse gas emissions and removals regulated in Union law;"Article 2(1)-(2); Article 4(1)";"Article 2(2); Article 4(1)";[NOT_RECOVERED: source file corrupted after this field's capture -- see docs/methodology/PRODUCTION_CHANGELOG.md v1.2 integrity note];[NOT_RECOVERED: source file corrupted after this field's capture -- see docs/methodology/PRODUCTION_CHANGELOG.md v1.2 integrity note];;False;"[reviewer_attention: routine] Foundational duty-creating provision; both Member States and 'relevant Union institutions' are addressees of the obligation, with the Regulation itself functioning as R. No third actor performs a mediating function here. [coder_note truncated in recovery -- original file corrupted before the full text was captured; core fields above are complete]";"v1.1_R2_consolidated_matrix; researcher-approved as-is (APROVE); reconstructed from a pre-corruption read of R2_HUMAN_VALIDATION_relations.csv";APPROVE;;
case_01;32021R1119;REL_C01_002;direct;high;European Commission (regulator);;Member States (target);none_or_direct;;"adopting a Union strategy on adaptation to climate change; requiring Member States to adopt consistent national adaptation strategies and plans";adaptive capacity, resilience and vulnerability to climate change;Article 5(1)-(4);"Article 5(2); Article 5(4)";[NOT_RECOVERED: source file corrupted after this field's capture -- see docs/methodology/PRODUCTION_CHANGELOG.md v1.2 integrity note];[NOT_RECOVERED: source file corrupted after this field's capture -- see docs/methodology/PRODUCTION_CHANGELOG.md v1.2 integrity note];;False;"[reviewer_attention: routine] Direct standard-setting relation: the Commission's Union strategy functions as a template Member States must take into consideration when adopting national strategies. Civil-society consultation is informational, not a mediating function. [coder_note truncated in recovery -- original file corrupted before the full text was captured; core fields above are complete]";"v1.1_R2_consolidated_matrix; researcher-approved as-is (APROVE); reconstructed from a pre-corruption read of R2_HUMAN_VALIDATION_relations.csv";APPROVE;;
case_01;32021R1119;REL_C01_003;intermediated;high;European Commission (regulator);"European Environment Agency (EEA) (intermediary (reporting and assistance)); European Scientific Advisory Board on Climate Change (Advisory Board) (intermediary (scientific reporting))";Member States (target);reporting;"providing scientific and technical reports that the Commission must base its assessments on; assisting the Commission in preparing the assessments";"assessing collective progress and consistency of measures with the climate-neutrality and adaptation objectives; issuing recommendations to individual Member States";Member States' national measures and collective progress towards the climate-neutrality and adaptation objectives;"Article 6; Article 7; Article 8";"Article 8(3)(b); Article 8(4)";[NOT_RECOVERED: source file corrupted after this field's capture -- see docs/methodology/PRODUCTION_CHANGELOG.md v1.2 integrity note];[NOT_RECOVERED: source file corrupted after this field's capture -- see docs/methodology/PRODUCTION_CHANGELOG.md v1.2 integrity note];"distinction:YES; function:YES; regulatory_integration:YES; evidence:YES; counterfactual:YES";False;"[reviewer_attention: conceptual_boundary] The Commission's Joint Research Centre (JRC), also named in Article 8(3)(b), is excluded from I because it fails the distinctness test: it is the Commission's own in-house research service, not an analytically separate actor. [coder_note truncated in recovery -- original file corrupted before the full text was captured; core fields above are complete]";"v1.1_R2_consolidated_matrix; researcher-approved as-is (APROVE); reconstructed from a pre-corruption read of R2_HUMAN_VALIDATION_relations.csv";APPROVE;;
case_01;32021R1119;REL_C01_004;uncertain;low;European Commission (regulator (facilitator));;sectors of the economy (undertakings choosing to prepare voluntary roadmaps) (target (voluntary participant));coordination;;engaging with and monitoring the development of voluntary sectoral roadmaps;indicative voluntary roadmaps towards the climate-neutrality objective;Article 10;Article 10;[NOT_RECOVERED: source file corrupted after this field's capture -- see docs/methodology/PRODUCTION_CHANGELOG.md v1.2 integrity note];[NOT_RECOVERED: source file corrupted after this field's capture -- see docs/methodology/PRODUCTION_CHANGELOG.md v1.2 integrity note];;False;"[reviewer_attention: conceptual_boundary] Genuinely ambiguous whether 'sectors of the economy' choosing a wholly voluntary process constitutes a regulated target in the RIT sense, or whether this is facilitative soft-law coordination outside the construct. [coder_note truncated in recovery -- original file corrupted before the full text was captured; core fields above are complete]";"v1.1_R2_consolidated_matrix; researcher-approved as-is (APROVE); reconstructed from a pre-corruption read of R2_HUMAN_VALIDATION_relations.csv";APPROVE;;
case_01;32021R1119;REL_C01_005;not_supported;not_assessed;European Commission (considered regulator);;;none_or_direct;;engaging with society for exchange of best practice;public participation and awareness on climate action;Article 9;;[NOT_RECOVERED: source file corrupted after this field's capture -- see docs/methodology/PRODUCTION_CHANGELOG.md v1.2 integrity note];[NOT_RECOVERED: source file corrupted after this field's capture -- see docs/methodology/PRODUCTION_CHANGELOG.md v1.2 integrity note];;False;"[reviewer_attention: routine] No actor-specific regulatory relationship: 'all parts of society', social partners, academia, the business community, citizens and civil society are named as participants in an open engagement process, not as a regulated target. [coder_note truncated in recovery -- original file corrupted before the full text was captured; core fields above are complete]";"v1.1_R2_consolidated_matrix; researcher-approved as-is (APROVE); reconstructed from a pre-corruption read of R2_HUMAN_VALIDATION_relations.csv";APPROVE;;
case_01;32021R1119;REL_C01_006;not_supported;not_assessed;European Commission (considered regulator);;;none_or_direct;;self-assessing consistency of its own draft measures and legislative proposals;the Commission's own draft measures and legislative proposals;Article 6(4);;[NOT_RECOVERED: source file corrupted after this field's capture -- see docs/methodology/PRODUCTION_CHANGELOG.md v1.2 integrity note];[NOT_RECOVERED: source file corrupted after this field's capture -- see docs/methodology/PRODUCTION_CHANGELOG.md v1.2 integrity note];;False;"[reviewer_attention: routine] The Commission assesses its own forthcoming proposals for internal consistency with the climate-neutrality objective; the 'object' (draft measures) is not an actor, so no external target is regulated by this provision. [coder_note truncated in recovery -- original file corrupted before the full text was captured; core fields above are complete]";"v1.1_R2_consolidated_matrix; researcher-approved as-is (APROVE); reconstructed from a pre-corruption read of R2_HUMAN_VALIDATION_relations.csv";APPROVE;;
case_02;32023R0956;REL_C02_001;intermediated;high;"European Commission (regulator (oversight of declaration review)); Member State competent authorities (regulator (compliance determination))";accredited verifiers (intermediary (verification));authorised CBAM declarants (target);verification;independently verifying the declarant's declared embedded emissions against the Annex VI verification principles;reviewing and determining the correctness of the CBAM declaration's declared embedded emissions;embedded greenhouse gas emissions declared in the CBAM declaration;"Article 6(2)(d); Article 8";"Article 6(2)(d); Article 8(1)-(3)";[NOT_RECOVERED: source file corrupted after this field's capture -- see docs/methodology/PRODUCTION_CHANGELOG.md v1.2 integrity note];[NOT_RECOVERED: source file corrupted after this field's capture -- see docs/methodology/PRODUCTION_CHANGELOG.md v1.2 integrity note];"distinction:YES; function:YES; regulatory_integration:YES; evidence:YES; counterfactual:YES";False;"[reviewer_attention: routine] The clearest verification-type intermediary in this Act. See REL_C02_002 for the upstream accreditation layer that qualifies verifiers. [coder_note truncated in recovery -- original file corrupted before the full text was captured; core fields above are complete]";"v1.1_R2_consolidated_matrix; researcher-approved as-is (APROVE); reconstructed from a pre-corruption read of R2_HUMAN_VALIDATION_relations.csv";APPROVE;;
case_02;32023R0956;REL_C02_002;intermediated;medium;European Commission (regulator (sets and oversees accreditation conditions by delegated act));national accreditation bodies (intermediary (accreditation));verifiers (target (of the accreditation function));accreditation;accrediting persons as qualified verifiers, and exercising control, oversight and withdrawal of that accreditation;specifying and overseeing the conditions for granting, controlling and withdrawing accreditation of verifiers;verifiers' qualification to perform embedded-emissions verification;Article 18;Article 18(1)-(3);[NOT_RECOVERED: source file corrupted after this field's capture -- see docs/methodology/PRODUCTION_CHANGELOG.md v1.2 integrity note];[NOT_RECOVERED: source file corrupted after this field's capture -- see docs/methodology/PRODUCTION_CHANGELOG.md v1.2 integrity note];"distinction:YES; function:YES; regulatory_integration:YES; evidence:YES; counterfactual:YES";True;"[reviewer_attention: source_limit] T here is 'verifiers' rather than the declarant -- the same actor type occupies I in REL_C02_001 and T in this relation, illustrating the RIT framework's relational roles. [coder_note truncated in recovery -- original file corrupted before the full text was captured; core fields above are complete]";"v1.1_R2_consolidated_matrix; researcher-approved as-is (APROVE); reconstructed from a pre-corruption read of R2_HUMAN_VALIDATION_relations.csv";APPROVE;;
case_02;32023R0956;REL_C02_003;intermediated;high;"European Commission (regulator); Member State competent authorities (regulator)";customs authorities (intermediary (border control and information transmission));authorised CBAM declarants / importers (target);information_transmission;"preventing importation by non-authorised persons; communicating import data that feeds the Commission's risk analysis and review of CBAM declarations";reviewing CBAM declarations and conducting risk-based controls on compliance;compliance of imports with the authorised-declarant and declaration requirements;"Article 25; Article 33";"Article 25(1)-(4); Article 33(1)-(3)";[NOT_RECOVERED: source file corrupted after this field's capture -- see docs/methodology/PRODUCTION_CHANGELOG.md v1.2 integrity note];[NOT_RECOVERED: source file corrupted after this field's capture -- see docs/methodology/PRODUCTION_CHANGELOG.md v1.2 integrity note];"distinction:YES; function:YES; regulatory_integration:YES; evidence:YES; counterfactual:YES";False;[reviewer_attention: routine] Parallel provisions apply during the transitional period (Article 33).;"v1.1_R2_consolidated_matrix; researcher-approved as-is (APROVE); reconstructed from a pre-corruption read of R2_HUMAN_VALIDATION_relations.csv";APPROVE;;
case_02;32023R0956;REL_C02_004;direct;high;"European Commission (regulator); Member State competent authorities (regulator)";;authorised CBAM declarants (target);none_or_direct;;authorising, registering, reviewing declarations, and managing certificate purchase/surrender/repurchase/cancellation;compliance with authorisation, declaration and certificate-surrender obligations;Articles 4-6, 14, 16-17, 19-24;"Article 4; Article 17; Article 19; Article 22";[NOT_RECOVERED: source file corrupted after this field's capture -- see docs/methodology/PRODUCTION_CHANGELOG.md v1.2 integrity note];[NOT_RECOVERED: source file corrupted after this field's capture -- see docs/methodology/PRODUCTION_CHANGELOG.md v1.2 integrity note];;False;"[reviewer_attention: routine] Core compliance architecture bundling declaration, registry and certificate-lifecycle obligations. The Commission and Member State competent authorities are treated as joint/parallel regulators. [coder_note truncated in recovery -- original file corrupted before the full text was captured; core fields above are complete]";"v1.1_R2_consolidated_matrix; researcher-approved as-is (APROVE); reconstructed from a pre-corruption read of R2_HUMAN_VALIDATION_relations.csv";APPROVE;;
case_02;32023R0956;REL_C02_005;direct;high;Member State competent authorities (regulator);;"authorised CBAM declarants (target); persons introducing goods without authorisation (target)";none_or_direct;;imposing and securing payment of penalties for non-compliance;failure to surrender CBAM certificates or unauthorised importation;Article 26;Article 26(1)-(6);[NOT_RECOVERED: source file corrupted after this field's capture -- see docs/methodology/PRODUCTION_CHANGELOG.md v1.2 integrity note];[NOT_RECOVERED: source file corrupted after this field's capture -- see docs/methodology/PRODUCTION_CHANGELOG.md v1.2 integrity note];;False;"[reviewer_attention: routine] The Commission's preliminary calculation (Article 26(4), cross-referencing Article 19) is the same joint-regulator preliminary-input pattern already captured in REL_C02_004, not a separate intermediary. [coder_note truncated in recovery -- original file corrupted before the full text was captured; core fields above are complete]";"v1.1_R2_consolidated_matrix; researcher-approved as-is (APROVE); reconstructed from a pre-corruption read of R2_HUMAN_VALIDATION_relations.csv";APPROVE;;
case_02;32023R0956;REL_C02_006;direct;high;European Commission (regulator);;operators of installations in third countries (target);none_or_direct;;registering operators and installations and requiring them to determine and verify embedded emissions;embedded emissions of goods produced at third-country installations;Article 10;Article 10(1)-(8);[NOT_RECOVERED: source file corrupted after this field's capture -- see docs/methodology/PRODUCTION_CHANGELOG.md v1.2 integrity note];[NOT_RECOVERED: source file corrupted after this field's capture -- see docs/methodology/PRODUCTION_CHANGELOG.md v1.2 integrity note];;False;"[reviewer_attention: routine] Operators are a distinct regulated actor from declarants; their voluntary disclosure of verified information to declarants (Article 10(7)) is a procedural detail between two independently regulated actors. [coder_note truncated in recovery -- original file corrupted before the full text was captured; core fields above are complete]";"v1.1_R2_consolidated_matrix; researcher-approved as-is (APROVE); reconstructed from a pre-corruption read of R2_HUMAN_VALIDATION_relations.csv";APPROVE;;
case_02;32023R0956;REL_C02_007;direct;medium;European Commission (regulator);;third countries or territories seeking electricity-market exemption (target);none_or_direct;;assessing third countries' roadmaps and reports and granting or withdrawing electricity-market exemption from the CBAM;third countries' progress on electricity-market and climate-policy alignment conditions;Article 2(6)-(9);Article 2(6)-(9);[NOT_RECOVERED: source file corrupted after this field's capture -- see docs/methodology/PRODUCTION_CHANGELOG.md v1.2 integrity note];[NOT_RECOVERED: source file corrupted after this field's capture -- see docs/methodology/PRODUCTION_CHANGELOG.md v1.2 integrity note];;False;"[reviewer_attention: conceptual_boundary] A third country/territory is treated here as a T-like jurisdictional actor based on self-reporting (roadmap, biennial reports) directly to the Commission; no third-party intermediary is involved. [coder_note truncated in recovery -- original file corrupted before the full text was captured; core fields above are complete]";"v1.1_R2_consolidated_matrix; researcher-approved as-is (APROVE); reconstructed from a pre-corruption read of R2_HUMAN_VALIDATION_relations.csv";APPROVE;;
case_02;32023R0956;REL_C02_008;uncertain;medium;European Commission (regulator);Member States, affected/benefited parties, and interested parties such as environmental organisations and NGOs (candidate intermediary (notification channel));producers, exporters, importers or traders engaged in practices of circumvention (target);information_transmission;submitting formally-structured notifications that trigger a mandatory Commission investigation;monitoring and investigating practices of circumvention;practices of circumvention of the CBAM obligations;Article 27(3)-(5);Article 27(4)-(5);[NOT_RECOVERED: source file corrupted after this field's capture -- see docs/methodology/PRODUCTION_CHANGELOG.md v1.2 integrity note];[NOT_RECOVERED: source file corrupted after this field's capture -- see docs/methodology/PRODUCTION_CHANGELOG.md v1.2 integrity note];"distinction:YES; function:YES; regulatory_integration:YES; evidence:YES; counterfactual:UNCLEAR";False;"[reviewer_attention: conceptual_boundary] More institutionalised than ordinary lobbying or an NGO publication (formal content requirements, mandatory triggered response), but functionally closer to a complaint/tip channel than an intermediary -- compare REL_C03_004 (Case 03, Article 31), coded intermediated on a denser textual basis. See uncertainty case_03-U09 for the researcher-approved methodological comparison of the two. [coder_note truncated in recovery -- original file corrupted before the full text was captured; core fields above are complete]";"v1.1_R2_consolidated_matrix; researcher-approved as-is (APROVE); reconstructed from a pre-corruption read of R2_HUMAN_VALIDATION_relations.csv";APPROVE;;
case_03;32023R1115;REL_C03_001;direct;high;"Member State competent authorities (regulator); European Commission (regulator (supporting/publishing role))";;"operators (target); traders (including non-SME traders treated as operators) (target)";none_or_direct;;"prohibiting non-compliant placement/export; requiring due diligence, checks, corrective action and penalties";deforestation-free status, legality, and due-diligence-statement coverage of relevant commodities and products;"Article 3; Article 4; Article 5; Articles 8-13; Article 16; Article 18; Articles 22, 24, 25";"Article 3; Article 4(1)-(2); Article 16(1)";[NOT_RECOVERED: source file corrupted after this field's capture -- see docs/methodology/PRODUCTION_CHANGELOG.md v1.2 integrity note];[NOT_RECOVERED: source file corrupted after this field's capture -- see docs/methodology/PRODUCTION_CHANGELOG.md v1.2 integrity note];;False;"[reviewer_attention: routine] Core prohibition-and-due-diligence architecture. The Commission and competent authorities are treated as joint/parallel regulators, consistent with the same finding in Case 02. [coder_note truncated in recovery -- original file corrupted before the full text was captured; core fields above are complete]";"v1.1_R2_consolidated_matrix; researcher-approved as-is (APROVE); reconstructed from a pre-corruption read of R2_HUMAN_VALIDATION_relations.csv";APPROVE;;
case_03;32023R1115;REL_C03_002;intermediated;high;"Member State competent authorities (regulator); European Commission (regulator)";customs authorities (intermediary (border control and information transmission));"operators (target); traders (target)";information_transmission;"gatekeeping physical entry/exit of goods; transmitting risk-relevant customs data to competent authorities and the Commission";"examining customs declarations and due-diligence-statement status; suspending or allowing release for free circulation or export";compliance status of relevant products entering or leaving the market;"Article 26; Article 27; Article 28";"Article 26(3)-(9); Article 27";[NOT_RECOVERED: source file corrupted after this field's capture -- see docs/methodology/PRODUCTION_CHANGELOG.md v1.2 integrity note];[NOT_RECOVERED: source file corrupted after this field's capture -- see docs/methodology/PRODUCTION_CHANGELOG.md v1.2 integrity note];"distinction:YES; function:YES; regulatory_integration:YES; evidence:YES; counterfactual:YES";False;"[reviewer_attention: routine] Article 26(1) also disapplies Chapter VII of Regulation (EU) 2019/1020 for this Act's controls, confirming this Regulation's own bespoke customs-cooperation architecture rather than reliance on the general market-surveillance regime. [coder_note truncated in recovery -- original file corrupted before the full text was captured; core fields above are complete]";"v1.1_R2_consolidated_matrix; researcher-approved as-is (APROVE); reconstructed from a pre-corruption read of R2_HUMAN_VALIDATION_relations.csv";APPROVE;;
case_03;32023R1115;REL_C03_003;direct;medium;European Commission (regulator);;Member States and third countries or parts thereof (target);none_or_direct;;"classifying countries by deforestation risk; engaging in cooperation and dialogue with producer countries";a country's or territory's deforestation and forest-degradation risk profile;"Article 29; Article 30";"Article 29(1)-(8); Article 30(1)";[NOT_RECOVERED: source file corrupted after this field's capture -- see docs/methodology/PRODUCTION_CHANGELOG.md v1.2 integrity note];[NOT_RECOVERED: source file corrupted after this field's capture -- see docs/methodology/PRODUCTION_CHANGELOG.md v1.2 integrity note];;False;"[reviewer_attention: conceptual_boundary] Two distinct sub-mechanisms bundled here: Article 29's compliance-consequential risk classification and Article 30's cooperative partnership-building (softer, foreign-policy in character). [coder_note truncated in recovery -- original file corrupted before the full text was captured; core fields above are complete]";"v1.1_R2_consolidated_matrix; researcher-approved as-is (APROVE); reconstructed from a pre-corruption read of R2_HUMAN_VALIDATION_relations.csv";APPROVE;;
case_03;32023R1115;REL_C03_004;intermediated;high;Member State competent authorities (regulator);natural or legal persons submitting substantiated concerns (intermediary (information transmission));"operators (target); traders (target)";information_transmission;submitting formally defined, evidence-based concerns that legally trigger a mandatory competent-authority assessment and feed the risk-based check-selection and interim-measures criteria;assessing substantiated concerns and taking necessary steps including checks, hearings and interim measures;potential non-compliance of operators or traders;"Article 31; Article 16(12); Article 23(a)";Article 31(1)-(2);[NOT_RECOVERED: source file corrupted after this field's capture -- see docs/methodology/PRODUCTION_CHANGELOG.md v1.2 integrity note];[NOT_RECOVERED: source file corrupted after this field's capture -- see docs/methodology/PRODUCTION_CHANGELOG.md v1.2 integrity note];"distinction:YES; function:YES; regulatory_integration:YES; evidence:YES; counterfactual:YES";False;"[reviewer_attention: conceptual_boundary] Compare Case 02 (CBAM) Article 27(4) circumvention-notification channel, coded uncertain there: the same general mechanism type (third-party complaint/tip) receives a different classification here because of denser institutionalization (dedicated provisions, formal definition, mandatory assessment deadline, whistleblower protection, explicit access-to-justice link). See uncertainty case_03-U09. [coder_note truncated in recovery -- original file corrupted before the full text was captured; core fields above are complete]";"v1.1_R2_consolidated_matrix; researcher-approved as-is (APROVE); reconstructed from a pre-corruption read of R2_HUMAN_VALIDATION_relations.csv";APPROVE;;
case_03;32023R1115;REL_C03_005;uncertain;medium;Member State competent authorities (regulator);certification or other third-party verified schemes (candidate intermediary (supplementary risk-assessment input));operators (target);certification;supplying complementary compliance evidence that operators may optionally use in their own risk assessment;conducting operator risk assessment;compliance evidence considered within an operator's own risk assessment;Article 10(2)(n);Article 10(2)(n);[NOT_RECOVERED: source file corrupted after this field's capture -- see docs/methodology/PRODUCTION_CHANGELOG.md v1.2 integrity note];[NOT_RECOVERED: source file corrupted after this field's capture -- see docs/methodology/PRODUCTION_CHANGELOG.md v1.2 integrity note];"distinction:YES; function:YES; regulatory_integration:UNCLEAR; evidence:YES; counterfactual:UNCLEAR";False;"[reviewer_attention: conceptual_boundary] Distinctive structural variant: I here supports T's own compliance self-assessment rather than mediating R's assessment of T, unlike the FLEGT-licensing mechanism in REL_C03_006. [coder_note truncated in recovery -- original file corrupted before the full text was captured; core fields above are complete]";"v1.1_R2_consolidated_matrix; researcher-approved as-is (APROVE); reconstructed from a pre-corruption read of R2_HUMAN_VALIDATION_relations.csv";APPROVE;;
case_03;32023R1115;REL_C03_006;intermediated;high;Member State competent authorities (regulator);FLEGT licensing authorities/scheme (operating under Regulation (EC) No 2173/2005 Voluntary Partnership Agreements) (intermediary (certification));operators and traders of FLEGT-licensed wood products (target);certification;issuing FLEGT licenses that are automatically and mandatorily deemed to satisfy the Article 3, point (b), legality requirement;determining whether a relevant product satisfies the legality requirement of Article 3, point (b);legality of wood products under the relevant legislation of the country of production;Article 10(3);Article 10(3);[NOT_RECOVERED: source file corrupted after this field's capture -- see docs/methodology/PRODUCTION_CHANGELOG.md v1.2 integrity note];[NOT_RECOVERED: source file corrupted after this field's capture -- see docs/methodology/PRODUCTION_CHANGELOG.md v1.2 integrity note];"distinction:YES; function:YES; regulatory_integration:YES; evidence:YES; counterfactual:YES";True;"[reviewer_attention: routine] A clean, easily overlooked certification-type intermediary anchored in a single paragraph. The detailed FLEGT/VPA licensing regime itself lives in Regulation (EC) No 2173/2005, not reproduced in this corpus. [coder_note truncated in recovery -- original file corrupted before the full text was captured; core fields above are complete]";"v1.1_R2_consolidated_matrix; researcher-approved as-is (APROVE); reconstructed from a pre-corruption read of R2_HUMAN_VALIDATION_relations.csv";APPROVE;;
case_01;32021R1119;REL_C01_007;intermediated;medium;European Commission (regulator (preparing the Union 2040 climate target and indicative GHG budget));European Scientific Advisory Board on Climate Change (Advisory Board) (intermediary (scientific opinion feeding the future target/budget));Member States (target (eventual addressees of the climate-neutrality trajectory and targets shaped by this process));standard_setting;providing an opinion the Commission must take into account when preparing the indicative Union greenhouse gas budget and when proposing the Union 2040 climate target;"publishing the projected indicative Union greenhouse gas budget for 2030-2050; proposing the Union 2040 climate target";"the indicative Union greenhouse gas budget; the proposed Union 2040 climate target";"Article 4(4); Article 4(5)(a)";Article 4(4);The projected indicative Union greenhouse gas budget shall be based on the best available science, take into account the advice of the Advisory Board as well as, where adopted, the relevant Union legislation implementing the Union 2030 climate target.;;"distinction:YES; function:YES; regulatory_integration:YES; evidence:YES; counterfactual:YES";False;[reviewer_attention: conceptual_boundary] Added per researcher override of the v1.1 rejection (uncertainty case_01-U01). v1.1 had excluded this on the ground that assisting the Commission prepare its own future legislative proposal is not yet mediation toward a target's conduct. Researcher ruling (v1.2 guidance point 2): the Advisory Board's opinion demonstrably shapes the outcome even at this pre-norm stage, so it counts as intermediation in a broader sense. Confidence kept at medium and flagged conceptual_boundary because T (Member States) is reconstructed prospectively, not yet under an operative obligation from this specific provision.;promoted_from_uncertainty_log case_01-U01 (researcher decision: ALTERAR);APPROVE;;Pesquisador (case_01-U01): 'Atua indiretamente no resultado sendo um ator intermediario em sentido mais amplo.' (Acts indirectly on the outcome, being an intermediary actor in a broader sense.)
case_01;32021R1119;REL_C01_008;intermediated;medium;European Commission (regulator (adopts implementing acts on Member State reporting format));Energy Union Committee (intermediary (comitology committee assisting the Commission's implementing-act adoption));Member States (target (subject to the resulting reporting structure/format/process));delegated_implementation;assisting the Commission's adoption of implementing acts that set the structure, format, technical details and process for Member States' progress reporting;adopting implementing acts setting the structure, format, technical details and process for the information Member States must report;the structure, format, technical details and process for Member States' progress-reporting information under Article 17 of Regulation (EU) 2018/1999;Article 13, point (b) (amending Article 17(4) of Regulation (EU) 2018/1999);Article 13, point (b);The Commission, assisted by the Energy Union Committee referred to in point (b) of Article 44(1), shall adopt implementing acts to set out the structure, format, technical details and process for the information referred to in paragraphs 1 and 2 of this Article, including a methodology for the reporting on the phasing out of energy subsidies, in particular for fossil fuels, pursuant to point (d) of Article 25.;;"distinction:YES; function:YES; regulatory_integration:YES; evidence:YES; counterfactual:YES";True;"[reviewer_attention: conceptual_boundary] Added per researcher override of the v1.1 rejection (uncertainty case_01-U09). v1.1 had excluded this as Member-State oversight/co-regulation of the Commission's implementing power. Researcher ruling (v1.2 guidance point 1): a comitology committee assisting adoption of a binding act that governs Member States' reporting obligations is a legitimate intermediary. T reconstructed via this Regulation's own Article 7(3)(b) cross-reference to Article 17 progress reporting, not imported from Regulation (EU) 2018/1999 itself; the Committee's own composition/voting procedure under Article 44(1) is external and not reproduced in this corpus (external_context_required=true) but does not change the T reconstruction.";promoted_from_uncertainty_log case_01-U09 (researcher decision: ALTERAR);APPROVE;;Pesquisador (case_01-U09): 'Ha relacao de intermediacao.' (There is an intermediation relation.)
case_02;32023R0956;REL_C02_009;intermediated;medium;European Commission (regulator (adopts implementing acts across the CBAM regime));CBAM Committee (intermediary (comitology committee assisting the Commission's implementing-act adoption));Authorised CBAM declarants (target (subject to the resulting implementing acts, e.g. verification, calculation, accreditation, registry rules));delegated_implementation;assisting the Commission's adoption, via the Article 29(2) examination procedure, of the implementing acts governing declarants' verification, calculation, accreditation and registry obligations across the Regulation;adopting implementing acts under the examination procedure across multiple articles of this Regulation;the substantive and procedural rules implementing declarants' embedded-emissions, verification, certificate and registry obligations;Article 29 (referenced by, inter alia, Articles 5, 7, 8, 10, 15, 18, 21, 22);Article 29(1)-(2);The Commission shall be assisted by the CBAM Committee. That committee shall be a committee within the meaning of Regulation (EU) No 182/2011.;;"distinction:YES; function:YES; regulatory_integration:YES; evidence:YES; counterfactual:YES";True;"[reviewer_attention: conceptual_boundary] Added per researcher override of the v1.1 rejection (uncertainty case_02-U01), on the same v1.2 guidance point 1 basis as REL_C01_008. Article 29(2)'s examination procedure backs a wide range of implementing acts across the Act (verification methodology, calculation, accreditation conditions, registry, price publication); T is stated as authorised CBAM declarants as the class most consistently and directly affected, though some of the backed implementing acts more narrowly target verifiers or accreditation bodies -- flagged for researcher attention as a breadth simplification. The Committee's composition/voting procedure under Regulation (EU) No 182/2011 is external and not reproduced in this corpus (external_context_required=true).";promoted_from_uncertainty_log case_02-U01 (researcher decision: ALTERAR);APPROVE;;Pesquisador (case_02-U01): 'Ha relacao de intermediacao.' (There is an intermediation relation.)
case_02;32023R0956;REL_C02_010;intermediated;medium;European Commission (regulator (adopts delegated acts under Articles 2(10), 2(11), 18(3), 20(6), 27(6)));Experts designated by each Member State (intermediary (consulted opinion feeding delegated-act preparation));Authorised CBAM declarants / operators affected by the resulting delegated acts (target);standard_setting;providing expert input the Commission must consult before adopting a delegated act, per the Inter-institutional Agreement of 13 April 2016 on Better Law-Making;adopting delegated acts extending scope, refining calculation/verification rules, or addressing circumvention;the substantive content of the resulting delegated acts;Article 28(5);Article 28(5);Before adopting a delegated act, the Commission shall consult experts designated by each Member State in accordance with the principles laid down in the Inter-institutional Agreement of 13 April 2016 on Better Law-Making.;;"distinction:YES; function:YES; regulatory_integration:YES; evidence:YES; counterfactual:UNCLEAR";False;"[reviewer_attention: conceptual_boundary] Added per researcher override of the v1.1 rejection (uncertainty case_02-U02), on the same v1.2 guidance point 2 basis as REL_C01_007 (Advisory Board). Researcher: the experts act as intermediaries by giving an opinion that can influence the outcome. Confidence kept medium; counterfactual kept UNCLEAR (not YES) because Article 28(5) consultation is a generic procedural requirement of the 2016 Better Law-Making agreement applied here, not a CBAM-specific evidentiary chain -- weaker than REL_C01_007's direct textual tie to the budget's content.";promoted_from_uncertainty_log case_02-U02 (researcher decision: ALTERAR);APPROVE;;Pesquisador (case_02-U02): 'Os peritos atuam como intermediarios fazendo parecer opinativo que pode influenciar o resultado.' (The experts act as intermediaries by giving an opinion that can influence the outcome.)
case_03;32023R1115;REL_C03_007;intermediated;medium;European Commission (regulator (adopts implementing acts across the EUDR regime));Comitology committee, Article 36 (intermediary (comitology committee assisting the Commission's implementing-act adoption));"Operators (target); Traders (target)";delegated_implementation;assisting the Commission's adoption, via the Article 36(2) examination procedure, of implementing acts governing customs registration, country risk classification, and the information system;adopting implementing acts under the examination procedure across multiple articles of this Regulation;"customs registration systems; country/territory risk classification; the Article 33 information system's technical and data-exchange arrangements";Article 36 (referenced by, inter alia, Articles 29, 33);Article 36(1)-(2);The Commission shall be assisted by a committee. That committee shall be a committee within the meaning of Regulation (EU) No 182/2011;;"distinction:YES; function:YES; regulatory_integration:YES; evidence:YES; counterfactual:YES";True;[reviewer_attention: conceptual_boundary] Added per researcher override of the v1.1 rejection (uncertainty case_03-U05), on the same v1.2 guidance point 1 basis as REL_C01_008/REL_C02_009. Article 36(2) backs the country risk-classification implementing acts (Article 29) and the information-system implementing acts (Article 33), both of which shape operators' and traders' compliance obligations (e.g. enhanced scrutiny for high-risk-country sourcing). The committee's composition/voting procedure under Regulation (EU) No 182/2011 is external and not reproduced in this corpus (external_context_required=true).;promoted_from_uncertainty_log case_03-U05 (researcher decision: ALTERAR);APPROVE;;Pesquisador (case_03-U05): 'O comite e um ator intermediario.' (The committee is an intermediary actor.)
