"METRIC","VALUE","NOTE"
"TOTAL_B1_CASES_AUDITED","143","All four batches; Action judgment only."
"ORIGINAL_B1_ACTION_CORRECTION_COUNT","87","Historical figure as frozen in the batch outputs. Not overwritten."
"SENSITIVITY_ADJUSTED_ACTION_CORRECTION_COUNT","63","Descriptive recount under the full LEGAL_ACTION + LEGAL_VERB + MODALITY view."
"ACTION_DECISIONS_CHANGED","26","Verdict flips in either direction."
"ACTION_DECISIONS_CHANGED_NO_TO_YES","25",""
"ACTION_DECISIONS_CHANGED_YES_TO_NO","1",""
"RESULT_B1_ACTION_JUDGMENT_STABLE","66","Verdict and stated basis both hold."
"RESULT_B1_ACTION_JUDGMENT_CHANGES","26",""
"RESULT_B1_ACTION_JUDGMENT_PARTIALLY_CHANGES","16","Verdict holds; part of the stated basis dissolves."
"RESULT_ACTION_REPRESENTATION_NOT_MATERIAL","35","B1-04, already scored against the full representation."
"RESULT_UNCERTAIN_REQUIRES_HUMAN","0",""
"DEFECT_DECISIONS_POTENTIALLY_AFFECTED","1","Cases where Action was the sole basis for ADVANCED_DEFECT_PRESENT."
"DEFECT_DECISIONS_STABLE","142",""
"AFFECTED_RECORD_IDS","EXT-000840",""
"HISTORICAL_DEFECT_YES","111","Frozen B1 figure, not overwritten."
"HISTORICAL_DEFECT_PARTIALLY","15","Frozen B1 figure, not overwritten."
"HISTORICAL_DEFECT_NO","17","Frozen B1 figure, not overwritten."
"SENSITIVITY_ADJUSTED_DEFECT_YES","111","Descriptive only."
"SENSITIVITY_ADJUSTED_DEFECT_PARTIALLY","14","EXT-000840 moves from PARTIALLY toward NO. Descriptive only."
"SENSITIVITY_ADJUSTED_DEFECT_NO","18","Descriptive only."
"TERRA_ORIGINAL_ACTION_CORRECTIONS","57","B1-01 to B1-03."
"TERRA_ADJUSTED_ACTION_CORRECTIONS","33","B1-01 to B1-03, recounted."
"CLAUDE_ACTION_CORRECTIONS_UNCHANGED","30","B1-04 already used the full representation; no adjustment applies."
