relation_id,case_id,act_title,celex,relation_status,R_actor,I_actor,T_actor,relation_type,regulatory_action,regulated_object_or_behavior,intermediary_function,intermediation_orientation,mechanism,operative_anchor_location,operative_evidence_quote,contextual_support_location,contextual_support_quote,third_actor_test_summary,confidence,researcher_decision,researcher_rationale,human_decision,human_decision_source,human_rationale,decision_date,source_record_id,source_file,source_artifact_status,provenance,human_review_required
REL_C01_001,case_01,Regulation (EU) 2021/1119 — European Climate Law,32021R1119,RESEARCHER_APPROVED,"European Parliament and Council (Union legislature, acting through this Regulation) (regulator)",,Member States (target); relevant Union institutions (target),direct,establishing a binding Union-wide climate-neutrality objective for 2050; setting a binding intermediate 2030 net emission-reduction target,Union-wide greenhouse gas emissions and removals regulated in Union law,,,none_or_direct,Article 2(2); Article 4(1),[NOT_RECOVERED: source file corrupted after this field's capture -- see docs/methodology/PRODUCTION_CHANGELOG.md v1.2 integrity note],NOT_RECOVERED,[NOT_RECOVERED: source file corrupted after this field's capture -- see docs/methodology/PRODUCTION_CHANGELOG.md v1.2 integrity note],,high,APPROVE,NOT_RECORDED,APPROVE,cases/R2_HUMAN_VALIDATION_relations.csv:REL_C01_001 (surviving decision cell),NOT_RECORDED,NOT_RECORDED,REL_C01_001,cases/R2_HUMAN_VALIDATION_relations.csv; cases/FINAL_DATASET_FOR_HUMAN_REVIEW.csv,reconstructed_from_session_and_surviving_decisions,v1.1_R2_consolidated_matrix; researcher-approved as-is (APROVE); reconstructed from a pre-corruption read of R2_HUMAN_VALIDATION_relations.csv,NO
REL_C01_002,case_01,Regulation (EU) 2021/1119 — European Climate Law,32021R1119,RESEARCHER_APPROVED,European Commission (regulator),,Member States (target),direct,adopting a Union strategy on adaptation to climate change; requiring Member States to adopt consistent national adaptation strategies and plans,"adaptive capacity, resilience and vulnerability to climate change",,,none_or_direct,Article 5(2); Article 5(4),[NOT_RECOVERED: source file corrupted after this field's capture -- see docs/methodology/PRODUCTION_CHANGELOG.md v1.2 integrity note],NOT_RECOVERED,[NOT_RECOVERED: source file corrupted after this field's capture -- see docs/methodology/PRODUCTION_CHANGELOG.md v1.2 integrity note],,high,APPROVE,NOT_RECORDED,APPROVE,cases/R2_HUMAN_VALIDATION_relations.csv:REL_C01_002 (surviving decision cell),NOT_RECORDED,NOT_RECORDED,REL_C01_002,cases/R2_HUMAN_VALIDATION_relations.csv; cases/FINAL_DATASET_FOR_HUMAN_REVIEW.csv,reconstructed_from_session_and_surviving_decisions,v1.1_R2_consolidated_matrix; researcher-approved as-is (APROVE); reconstructed from a pre-corruption read of R2_HUMAN_VALIDATION_relations.csv,NO
REL_C01_003,case_01,Regulation (EU) 2021/1119 — European Climate Law,32021R1119,RESEARCHER_APPROVED,European Commission (regulator),European Environment Agency (EEA) (intermediary (reporting and assistance)); European Scientific Advisory Board on Climate Change (Advisory Board) (intermediary (scientific reporting)),Member States (target),intermediated,assessing collective progress and consistency of measures with the climate-neutrality and adaptation objectives; issuing recommendations to individual Member States,Member States' national measures and collective progress towards the climate-neutrality and adaptation objectives,providing scientific and technical reports that the Commission must base its assessments on; assisting the Commission in preparing the assessments,regulator-facing,reporting,Article 8(3)(b); Article 8(4),[NOT_RECOVERED: source file corrupted after this field's capture -- see docs/methodology/PRODUCTION_CHANGELOG.md v1.2 integrity note],NOT_RECOVERED,[NOT_RECOVERED: source file corrupted after this field's capture -- see docs/methodology/PRODUCTION_CHANGELOG.md v1.2 integrity note],distinction:YES; function:YES; regulatory_integration:YES; evidence:YES; counterfactual:YES,high,APPROVE,NOT_RECORDED,APPROVE,cases/R2_HUMAN_VALIDATION_relations.csv:REL_C01_003 (surviving decision cell),NOT_RECORDED,NOT_RECORDED,REL_C01_003,cases/R2_HUMAN_VALIDATION_relations.csv; cases/FINAL_DATASET_FOR_HUMAN_REVIEW.csv,reconstructed_from_session_and_surviving_decisions,v1.1_R2_consolidated_matrix; researcher-approved as-is (APROVE); reconstructed from a pre-corruption read of R2_HUMAN_VALIDATION_relations.csv,NO
REL_C01_004,case_01,Regulation (EU) 2021/1119 — European Climate Law,32021R1119,UNCERTAIN,European Commission (regulator (facilitator)),,sectors of the economy (undertakings choosing to prepare voluntary roadmaps) (target (voluntary participant)),uncertain,engaging with and monitoring the development of voluntary sectoral roadmaps,indicative voluntary roadmaps towards the climate-neutrality objective,,,coordination,Article 10,[NOT_RECOVERED: source file corrupted after this field's capture -- see docs/methodology/PRODUCTION_CHANGELOG.md v1.2 integrity note],NOT_RECOVERED,[NOT_RECOVERED: source file corrupted after this field's capture -- see docs/methodology/PRODUCTION_CHANGELOG.md v1.2 integrity note],,low,APPROVE,NOT_RECORDED,APPROVE,cases/R2_HUMAN_VALIDATION_relations.csv:REL_C01_004 (surviving decision cell),NOT_RECORDED,NOT_RECORDED,REL_C01_004,cases/R2_HUMAN_VALIDATION_relations.csv; cases/FINAL_DATASET_FOR_HUMAN_REVIEW.csv,reconstructed_from_session_and_surviving_decisions,v1.1_R2_consolidated_matrix; researcher-approved as-is (APROVE); reconstructed from a pre-corruption read of R2_HUMAN_VALIDATION_relations.csv,YES
REL_C01_005,case_01,Regulation (EU) 2021/1119 — European Climate Law,32021R1119,NOT_SUPPORTED_RESEARCHER_CONFIRMED,European Commission (considered regulator),,,not_supported,engaging with society for exchange of best practice,public participation and awareness on climate action,,,none_or_direct,,[NOT_RECOVERED: source file corrupted after this field's capture -- see docs/methodology/PRODUCTION_CHANGELOG.md v1.2 integrity note],NOT_RECOVERED,[NOT_RECOVERED: source file corrupted after this field's capture -- see docs/methodology/PRODUCTION_CHANGELOG.md v1.2 integrity note],,not_assessed,APPROVE,NOT_RECORDED,APPROVE,cases/R2_HUMAN_VALIDATION_relations.csv:REL_C01_005 (surviving decision cell),NOT_RECORDED,NOT_RECORDED,REL_C01_005,cases/R2_HUMAN_VALIDATION_relations.csv; cases/FINAL_DATASET_FOR_HUMAN_REVIEW.csv,reconstructed_from_session_and_surviving_decisions,v1.1_R2_consolidated_matrix; researcher-approved as-is (APROVE); reconstructed from a pre-corruption read of R2_HUMAN_VALIDATION_relations.csv,NO
REL_C01_006,case_01,Regulation (EU) 2021/1119 — European Climate Law,32021R1119,NOT_SUPPORTED_RESEARCHER_CONFIRMED,European Commission (considered regulator),,,not_supported,self-assessing consistency of its own draft measures and legislative proposals,the Commission's own draft measures and legislative proposals,,,none_or_direct,,[NOT_RECOVERED: source file corrupted after this field's capture -- see docs/methodology/PRODUCTION_CHANGELOG.md v1.2 integrity note],NOT_RECOVERED,[NOT_RECOVERED: source file corrupted after this field's capture -- see docs/methodology/PRODUCTION_CHANGELOG.md v1.2 integrity note],,not_assessed,APPROVE,NOT_RECORDED,APPROVE,cases/R2_HUMAN_VALIDATION_relations.csv:REL_C01_006 (surviving decision cell),NOT_RECORDED,NOT_RECORDED,REL_C01_006,cases/R2_HUMAN_VALIDATION_relations.csv; cases/FINAL_DATASET_FOR_HUMAN_REVIEW.csv,reconstructed_from_session_and_surviving_decisions,v1.1_R2_consolidated_matrix; researcher-approved as-is (APROVE); reconstructed from a pre-corruption read of R2_HUMAN_VALIDATION_relations.csv,NO
REL_C02_001,case_02,Regulation (EU) 2023/956 — Carbon Border Adjustment Mechanism (CBAM),32023R0956,RESEARCHER_APPROVED,European Commission (regulator (oversight of declaration review)); Member State competent authorities (regulator (compliance determination)),accredited verifiers (intermediary (verification)),authorised CBAM declarants (target),intermediated,reviewing and determining the correctness of the CBAM declaration's declared embedded emissions,embedded greenhouse gas emissions declared in the CBAM declaration,independently verifying the declarant's declared embedded emissions against the Annex VI verification principles,bidirectional,verification,Article 6(2)(d); Article 8(1)-(3),[NOT_RECOVERED: source file corrupted after this field's capture -- see docs/methodology/PRODUCTION_CHANGELOG.md v1.2 integrity note],NOT_RECOVERED,[NOT_RECOVERED: source file corrupted after this field's capture -- see docs/methodology/PRODUCTION_CHANGELOG.md v1.2 integrity note],distinction:YES; function:YES; regulatory_integration:YES; evidence:YES; counterfactual:YES,high,APPROVE,NOT_RECORDED,APPROVE,cases/R2_HUMAN_VALIDATION_relations.csv:REL_C02_001 (surviving decision cell),NOT_RECORDED,NOT_RECORDED,REL_C02_001,cases/R2_HUMAN_VALIDATION_relations.csv; cases/FINAL_DATASET_FOR_HUMAN_REVIEW.csv,reconstructed_from_session_and_surviving_decisions,v1.1_R2_consolidated_matrix; researcher-approved as-is (APROVE); reconstructed from a pre-corruption read of R2_HUMAN_VALIDATION_relations.csv,NO
REL_C02_002,case_02,Regulation (EU) 2023/956 — Carbon Border Adjustment Mechanism (CBAM),32023R0956,RESEARCHER_APPROVED,European Commission (regulator (sets and oversees accreditation conditions by delegated act)),national accreditation bodies (intermediary (accreditation)),verifiers (target (of the accreditation function)),intermediated,"specifying and overseeing the conditions for granting, controlling and withdrawing accreditation of verifiers",verifiers' qualification to perform embedded-emissions verification,"accrediting persons as qualified verifiers, and exercising control, oversight and withdrawal of that accreditation",target-facing,accreditation,Article 18(1)-(3),[NOT_RECOVERED: source file corrupted after this field's capture -- see docs/methodology/PRODUCTION_CHANGELOG.md v1.2 integrity note],NOT_RECOVERED,[NOT_RECOVERED: source file corrupted after this field's capture -- see docs/methodology/PRODUCTION_CHANGELOG.md v1.2 integrity note],distinction:YES; function:YES; regulatory_integration:YES; evidence:YES; counterfactual:YES,medium,APPROVE,NOT_RECORDED,APPROVE,cases/R2_HUMAN_VALIDATION_relations.csv:REL_C02_002 (surviving decision cell),NOT_RECORDED,NOT_RECORDED,REL_C02_002,cases/R2_HUMAN_VALIDATION_relations.csv; cases/FINAL_DATASET_FOR_HUMAN_REVIEW.csv,reconstructed_from_session_and_surviving_decisions,v1.1_R2_consolidated_matrix; researcher-approved as-is (APROVE); reconstructed from a pre-corruption read of R2_HUMAN_VALIDATION_relations.csv,NO
REL_C02_003,case_02,Regulation (EU) 2023/956 — Carbon Border Adjustment Mechanism (CBAM),32023R0956,RESEARCHER_APPROVED,European Commission (regulator); Member State competent authorities (regulator),customs authorities (intermediary (border control and information transmission)),authorised CBAM declarants / importers (target),intermediated,reviewing CBAM declarations and conducting risk-based controls on compliance,compliance of imports with the authorised-declarant and declaration requirements,preventing importation by non-authorised persons; communicating import data that feeds the Commission's risk analysis and review of CBAM declarations,bidirectional,information_transmission,Article 25(1)-(4); Article 33(1)-(3),[NOT_RECOVERED: source file corrupted after this field's capture -- see docs/methodology/PRODUCTION_CHANGELOG.md v1.2 integrity note],NOT_RECOVERED,[NOT_RECOVERED: source file corrupted after this field's capture -- see docs/methodology/PRODUCTION_CHANGELOG.md v1.2 integrity note],distinction:YES; function:YES; regulatory_integration:YES; evidence:YES; counterfactual:YES,high,APPROVE,NOT_RECORDED,APPROVE,cases/R2_HUMAN_VALIDATION_relations.csv:REL_C02_003 (surviving decision cell),NOT_RECORDED,NOT_RECORDED,REL_C02_003,cases/R2_HUMAN_VALIDATION_relations.csv; cases/FINAL_DATASET_FOR_HUMAN_REVIEW.csv,reconstructed_from_session_and_surviving_decisions,v1.1_R2_consolidated_matrix; researcher-approved as-is (APROVE); reconstructed from a pre-corruption read of R2_HUMAN_VALIDATION_relations.csv,NO
REL_C02_004,case_02,Regulation (EU) 2023/956 — Carbon Border Adjustment Mechanism (CBAM),32023R0956,RESEARCHER_APPROVED,European Commission (regulator); Member State competent authorities (regulator),,authorised CBAM declarants (target),direct,"authorising, registering, reviewing declarations, and managing certificate purchase/surrender/repurchase/cancellation","compliance with authorisation, declaration and certificate-surrender obligations",,,none_or_direct,Article 4; Article 17; Article 19; Article 22,[NOT_RECOVERED: source file corrupted after this field's capture -- see docs/methodology/PRODUCTION_CHANGELOG.md v1.2 integrity note],NOT_RECOVERED,[NOT_RECOVERED: source file corrupted after this field's capture -- see docs/methodology/PRODUCTION_CHANGELOG.md v1.2 integrity note],,high,APPROVE,NOT_RECORDED,APPROVE,cases/R2_HUMAN_VALIDATION_relations.csv:REL_C02_004 (surviving decision cell),NOT_RECORDED,NOT_RECORDED,REL_C02_004,cases/R2_HUMAN_VALIDATION_relations.csv; cases/FINAL_DATASET_FOR_HUMAN_REVIEW.csv,reconstructed_from_session_and_surviving_decisions,v1.1_R2_consolidated_matrix; researcher-approved as-is (APROVE); reconstructed from a pre-corruption read of R2_HUMAN_VALIDATION_relations.csv,NO
REL_C02_005,case_02,Regulation (EU) 2023/956 — Carbon Border Adjustment Mechanism (CBAM),32023R0956,RESEARCHER_APPROVED,Member State competent authorities (regulator),,authorised CBAM declarants (target); persons introducing goods without authorisation (target),direct,imposing and securing payment of penalties for non-compliance,failure to surrender CBAM certificates or unauthorised importation,,,none_or_direct,Article 26(1)-(6),[NOT_RECOVERED: source file corrupted after this field's capture -- see docs/methodology/PRODUCTION_CHANGELOG.md v1.2 integrity note],NOT_RECOVERED,[NOT_RECOVERED: source file corrupted after this field's capture -- see docs/methodology/PRODUCTION_CHANGELOG.md v1.2 integrity note],,high,APPROVE,NOT_RECORDED,APPROVE,cases/R2_HUMAN_VALIDATION_relations.csv:REL_C02_005 (surviving decision cell),NOT_RECORDED,NOT_RECORDED,REL_C02_005,cases/R2_HUMAN_VALIDATION_relations.csv; cases/FINAL_DATASET_FOR_HUMAN_REVIEW.csv,reconstructed_from_session_and_surviving_decisions,v1.1_R2_consolidated_matrix; researcher-approved as-is (APROVE); reconstructed from a pre-corruption read of R2_HUMAN_VALIDATION_relations.csv,NO
REL_C02_006,case_02,Regulation (EU) 2023/956 — Carbon Border Adjustment Mechanism (CBAM),32023R0956,RESEARCHER_APPROVED,European Commission (regulator),,operators of installations in third countries (target),direct,registering operators and installations and requiring them to determine and verify embedded emissions,embedded emissions of goods produced at third-country installations,,,none_or_direct,Article 10(1)-(8),[NOT_RECOVERED: source file corrupted after this field's capture -- see docs/methodology/PRODUCTION_CHANGELOG.md v1.2 integrity note],NOT_RECOVERED,[NOT_RECOVERED: source file corrupted after this field's capture -- see docs/methodology/PRODUCTION_CHANGELOG.md v1.2 integrity note],,high,APPROVE,NOT_RECORDED,APPROVE,cases/R2_HUMAN_VALIDATION_relations.csv:REL_C02_006 (surviving decision cell),NOT_RECORDED,NOT_RECORDED,REL_C02_006,cases/R2_HUMAN_VALIDATION_relations.csv; cases/FINAL_DATASET_FOR_HUMAN_REVIEW.csv,reconstructed_from_session_and_surviving_decisions,v1.1_R2_consolidated_matrix; researcher-approved as-is (APROVE); reconstructed from a pre-corruption read of R2_HUMAN_VALIDATION_relations.csv,NO
REL_C02_007,case_02,Regulation (EU) 2023/956 — Carbon Border Adjustment Mechanism (CBAM),32023R0956,RESEARCHER_APPROVED,European Commission (regulator),,third countries or territories seeking electricity-market exemption (target),direct,assessing third countries' roadmaps and reports and granting or withdrawing electricity-market exemption from the CBAM,third countries' progress on electricity-market and climate-policy alignment conditions,,,none_or_direct,Article 2(6)-(9),[NOT_RECOVERED: source file corrupted after this field's capture -- see docs/methodology/PRODUCTION_CHANGELOG.md v1.2 integrity note],NOT_RECOVERED,[NOT_RECOVERED: source file corrupted after this field's capture -- see docs/methodology/PRODUCTION_CHANGELOG.md v1.2 integrity note],,medium,APPROVE,NOT_RECORDED,APPROVE,cases/R2_HUMAN_VALIDATION_relations.csv:REL_C02_007 (surviving decision cell),NOT_RECORDED,NOT_RECORDED,REL_C02_007,cases/R2_HUMAN_VALIDATION_relations.csv; cases/FINAL_DATASET_FOR_HUMAN_REVIEW.csv,reconstructed_from_session_and_surviving_decisions,v1.1_R2_consolidated_matrix; researcher-approved as-is (APROVE); reconstructed from a pre-corruption read of R2_HUMAN_VALIDATION_relations.csv,NO
REL_C02_008,case_02,Regulation (EU) 2023/956 — Carbon Border Adjustment Mechanism (CBAM),32023R0956,UNCERTAIN,European Commission (regulator),"Member States, affected/benefited parties, and interested parties such as environmental organisations and NGOs (candidate intermediary (notification channel))","producers, exporters, importers or traders engaged in practices of circumvention (target)",uncertain,monitoring and investigating practices of circumvention,practices of circumvention of the CBAM obligations,submitting formally-structured notifications that trigger a mandatory Commission investigation,,information_transmission,Article 27(4)-(5),[NOT_RECOVERED: source file corrupted after this field's capture -- see docs/methodology/PRODUCTION_CHANGELOG.md v1.2 integrity note],NOT_RECOVERED,[NOT_RECOVERED: source file corrupted after this field's capture -- see docs/methodology/PRODUCTION_CHANGELOG.md v1.2 integrity note],distinction:YES; function:YES; regulatory_integration:YES; evidence:YES; counterfactual:UNCLEAR,medium,APPROVE,NOT_RECORDED,APPROVE,cases/R2_HUMAN_VALIDATION_relations.csv:REL_C02_008 (surviving decision cell),NOT_RECORDED,NOT_RECORDED,REL_C02_008,cases/R2_HUMAN_VALIDATION_relations.csv; cases/FINAL_DATASET_FOR_HUMAN_REVIEW.csv,reconstructed_from_session_and_surviving_decisions,v1.1_R2_consolidated_matrix; researcher-approved as-is (APROVE); reconstructed from a pre-corruption read of R2_HUMAN_VALIDATION_relations.csv,YES
REL_C03_001,case_03,Regulation (EU) 2023/1115 — Deforestation-free products Regulation (EUDR),32023R1115,RESEARCHER_APPROVED,Member State competent authorities (regulator); European Commission (regulator (supporting/publishing role)),,operators (target); traders (including non-SME traders treated as operators) (target),direct,"prohibiting non-compliant placement/export; requiring due diligence, checks, corrective action and penalties","deforestation-free status, legality, and due-diligence-statement coverage of relevant commodities and products",,,none_or_direct,Article 3; Article 4(1)-(2); Article 16(1),[NOT_RECOVERED: source file corrupted after this field's capture -- see docs/methodology/PRODUCTION_CHANGELOG.md v1.2 integrity note],NOT_RECOVERED,[NOT_RECOVERED: source file corrupted after this field's capture -- see docs/methodology/PRODUCTION_CHANGELOG.md v1.2 integrity note],,high,APPROVE,NOT_RECORDED,APPROVE,cases/R2_HUMAN_VALIDATION_relations.csv:REL_C03_001 (surviving decision cell),NOT_RECORDED,NOT_RECORDED,REL_C03_001,cases/R2_HUMAN_VALIDATION_relations.csv; cases/FINAL_DATASET_FOR_HUMAN_REVIEW.csv,reconstructed_from_session_and_surviving_decisions,v1.1_R2_consolidated_matrix; researcher-approved as-is (APROVE); reconstructed from a pre-corruption read of R2_HUMAN_VALIDATION_relations.csv,NO
REL_C03_002,case_03,Regulation (EU) 2023/1115 — Deforestation-free products Regulation (EUDR),32023R1115,RESEARCHER_APPROVED,Member State competent authorities (regulator); European Commission (regulator),customs authorities (intermediary (border control and information transmission)),operators (target); traders (target),intermediated,examining customs declarations and due-diligence-statement status; suspending or allowing release for free circulation or export,compliance status of relevant products entering or leaving the market,gatekeeping physical entry/exit of goods; transmitting risk-relevant customs data to competent authorities and the Commission,bidirectional,information_transmission,Article 26(3)-(9); Article 27,[NOT_RECOVERED: source file corrupted after this field's capture -- see docs/methodology/PRODUCTION_CHANGELOG.md v1.2 integrity note],NOT_RECOVERED,[NOT_RECOVERED: source file corrupted after this field's capture -- see docs/methodology/PRODUCTION_CHANGELOG.md v1.2 integrity note],distinction:YES; function:YES; regulatory_integration:YES; evidence:YES; counterfactual:YES,high,APPROVE,NOT_RECORDED,APPROVE,cases/R2_HUMAN_VALIDATION_relations.csv:REL_C03_002 (surviving decision cell),NOT_RECORDED,NOT_RECORDED,REL_C03_002,cases/R2_HUMAN_VALIDATION_relations.csv; cases/FINAL_DATASET_FOR_HUMAN_REVIEW.csv,reconstructed_from_session_and_surviving_decisions,v1.1_R2_consolidated_matrix; researcher-approved as-is (APROVE); reconstructed from a pre-corruption read of R2_HUMAN_VALIDATION_relations.csv,NO
REL_C03_003,case_03,Regulation (EU) 2023/1115 — Deforestation-free products Regulation (EUDR),32023R1115,RESEARCHER_APPROVED,European Commission (regulator),,Member States and third countries or parts thereof (target),direct,classifying countries by deforestation risk; engaging in cooperation and dialogue with producer countries,a country's or territory's deforestation and forest-degradation risk profile,,,none_or_direct,Article 29(1)-(8); Article 30(1),[NOT_RECOVERED: source file corrupted after this field's capture -- see docs/methodology/PRODUCTION_CHANGELOG.md v1.2 integrity note],NOT_RECOVERED,[NOT_RECOVERED: source file corrupted after this field's capture -- see docs/methodology/PRODUCTION_CHANGELOG.md v1.2 integrity note],,medium,APPROVE,NOT_RECORDED,APPROVE,cases/R2_HUMAN_VALIDATION_relations.csv:REL_C03_003 (surviving decision cell),NOT_RECORDED,NOT_RECORDED,REL_C03_003,cases/R2_HUMAN_VALIDATION_relations.csv; cases/FINAL_DATASET_FOR_HUMAN_REVIEW.csv,reconstructed_from_session_and_surviving_decisions,v1.1_R2_consolidated_matrix; researcher-approved as-is (APROVE); reconstructed from a pre-corruption read of R2_HUMAN_VALIDATION_relations.csv,NO
REL_C03_004,case_03,Regulation (EU) 2023/1115 — Deforestation-free products Regulation (EUDR),32023R1115,RESEARCHER_APPROVED,Member State competent authorities (regulator),natural or legal persons submitting substantiated concerns (intermediary (information transmission)),operators (target); traders (target),intermediated,"assessing substantiated concerns and taking necessary steps including checks, hearings and interim measures",potential non-compliance of operators or traders,"submitting formally defined, evidence-based concerns that legally trigger a mandatory competent-authority assessment and feed the risk-based check-selection and interim-measures criteria",regulator-facing,information_transmission,Article 31(1)-(2),[NOT_RECOVERED: source file corrupted after this field's capture -- see docs/methodology/PRODUCTION_CHANGELOG.md v1.2 integrity note],NOT_RECOVERED,[NOT_RECOVERED: source file corrupted after this field's capture -- see docs/methodology/PRODUCTION_CHANGELOG.md v1.2 integrity note],distinction:YES; function:YES; regulatory_integration:YES; evidence:YES; counterfactual:YES,high,APPROVE,NOT_RECORDED,APPROVE,cases/R2_HUMAN_VALIDATION_relations.csv:REL_C03_004 (surviving decision cell),NOT_RECORDED,NOT_RECORDED,REL_C03_004,cases/R2_HUMAN_VALIDATION_relations.csv; cases/FINAL_DATASET_FOR_HUMAN_REVIEW.csv,reconstructed_from_session_and_surviving_decisions,v1.1_R2_consolidated_matrix; researcher-approved as-is (APROVE); reconstructed from a pre-corruption read of R2_HUMAN_VALIDATION_relations.csv,NO
REL_C03_005,case_03,Regulation (EU) 2023/1115 — Deforestation-free products Regulation (EUDR),32023R1115,UNCERTAIN,Member State competent authorities (regulator),certification or other third-party verified schemes (candidate intermediary (supplementary risk-assessment input)),operators (target),uncertain,conducting operator risk assessment,compliance evidence considered within an operator's own risk assessment,supplying complementary compliance evidence that operators may optionally use in their own risk assessment,,certification,Article 10(2)(n),[NOT_RECOVERED: source file corrupted after this field's capture -- see docs/methodology/PRODUCTION_CHANGELOG.md v1.2 integrity note],NOT_RECOVERED,[NOT_RECOVERED: source file corrupted after this field's capture -- see docs/methodology/PRODUCTION_CHANGELOG.md v1.2 integrity note],distinction:YES; function:YES; regulatory_integration:UNCLEAR; evidence:YES; counterfactual:UNCLEAR,medium,APPROVE,NOT_RECORDED,APPROVE,cases/R2_HUMAN_VALIDATION_relations.csv:REL_C03_005 (surviving decision cell),NOT_RECORDED,NOT_RECORDED,REL_C03_005,cases/R2_HUMAN_VALIDATION_relations.csv; cases/FINAL_DATASET_FOR_HUMAN_REVIEW.csv,reconstructed_from_session_and_surviving_decisions,v1.1_R2_consolidated_matrix; researcher-approved as-is (APROVE); reconstructed from a pre-corruption read of R2_HUMAN_VALIDATION_relations.csv,YES
REL_C03_006,case_03,Regulation (EU) 2023/1115 — Deforestation-free products Regulation (EUDR),32023R1115,RESEARCHER_APPROVED,Member State competent authorities (regulator),FLEGT licensing authorities/scheme (operating under Regulation (EC) No 2173/2005 Voluntary Partnership Agreements) (intermediary (certification)),operators and traders of FLEGT-licensed wood products (target),intermediated,"determining whether a relevant product satisfies the legality requirement of Article 3, point (b)",legality of wood products under the relevant legislation of the country of production,"issuing FLEGT licenses that are automatically and mandatorily deemed to satisfy the Article 3, point (b), legality requirement",bidirectional,certification,Article 10(3),[NOT_RECOVERED: source file corrupted after this field's capture -- see docs/methodology/PRODUCTION_CHANGELOG.md v1.2 integrity note],NOT_RECOVERED,[NOT_RECOVERED: source file corrupted after this field's capture -- see docs/methodology/PRODUCTION_CHANGELOG.md v1.2 integrity note],distinction:YES; function:YES; regulatory_integration:YES; evidence:YES; counterfactual:YES,high,APPROVE,NOT_RECORDED,APPROVE,cases/R2_HUMAN_VALIDATION_relations.csv:REL_C03_006 (surviving decision cell),NOT_RECORDED,NOT_RECORDED,REL_C03_006,cases/R2_HUMAN_VALIDATION_relations.csv; cases/FINAL_DATASET_FOR_HUMAN_REVIEW.csv,reconstructed_from_session_and_surviving_decisions,v1.1_R2_consolidated_matrix; researcher-approved as-is (APROVE); reconstructed from a pre-corruption read of R2_HUMAN_VALIDATION_relations.csv,NO
REL_C01_007,case_01,Regulation (EU) 2021/1119 — European Climate Law,32021R1119,RESEARCHER_MODIFIED,European Commission (regulator (preparing the Union 2040 climate target and indicative GHG budget)),European Scientific Advisory Board on Climate Change (Advisory Board) (intermediary (scientific opinion feeding the future target/budget)),Member States (target (eventual addressees of the climate-neutrality trajectory and targets shaped by this process)),intermediated,publishing the projected indicative Union greenhouse gas budget for 2030-2050; proposing the Union 2040 climate target,the indicative Union greenhouse gas budget; the proposed Union 2040 climate target,providing an opinion the Commission must take into account when preparing the indicative Union greenhouse gas budget and when proposing the Union 2040 climate target,regulator-facing,standard_setting,Article 4(4),"The projected indicative Union greenhouse gas budget shall be based on the best available science, take into account the advice of the Advisory Board as well as, where adopted, the relevant Union legislation implementing the Union 2030 climate target.",,,distinction:YES; function:YES; regulatory_integration:YES; evidence:YES; counterfactual:YES,medium,ALTERAR,Atua indiretamente no resultado sendo um ator intermediário em sentido mais amplo,ALTERAR,cases/R2_HUMAN_VALIDATION_uncertainties.csv:case_01-U01,Atua indiretamente no resultado sendo um ator intermediário em sentido mais amplo,NOT_RECORDED,case_01-U01,cases/R2_HUMAN_VALIDATION_uncertainties.csv; cases/FINAL_DATASET_FOR_HUMAN_REVIEW.csv,derived_from_intact_uncertainty_validation,promoted_from_uncertainty_log case_01-U01 (researcher decision: ALTERAR),NO
REL_C01_008,case_01,Regulation (EU) 2021/1119 — European Climate Law,32021R1119,RESEARCHER_MODIFIED,European Commission (regulator (adopts implementing acts on Member State reporting format)),Energy Union Committee (intermediary (comitology committee assisting the Commission's implementing-act adoption)),Member States (target (subject to the resulting reporting structure/format/process)),intermediated,"adopting implementing acts setting the structure, format, technical details and process for the information Member States must report","the structure, format, technical details and process for Member States' progress-reporting information under Article 17 of Regulation (EU) 2018/1999","assisting the Commission's adoption of implementing acts that set the structure, format, technical details and process for Member States' progress reporting",regulator-facing,delegated_implementation,"Article 13, point (b)","The Commission, assisted by the Energy Union Committee referred to in point (b) of Article 44(1), shall adopt implementing acts to set out the structure, format, technical details and process for the information referred to in paragraphs 1 and 2 of this Article, including a methodology for the reporting on the phasing out of energy subsidies, in particular for fossil fuels, pursuant to point (d) of Article 25.",,,distinction:YES; function:YES; regulatory_integration:YES; evidence:YES; counterfactual:YES,medium,ALTERAR,Há relação de intermediação,ALTERAR,cases/R2_HUMAN_VALIDATION_uncertainties.csv:case_01-U09,Há relação de intermediação,NOT_RECORDED,case_01-U09,cases/R2_HUMAN_VALIDATION_uncertainties.csv; cases/FINAL_DATASET_FOR_HUMAN_REVIEW.csv,derived_from_intact_uncertainty_validation,promoted_from_uncertainty_log case_01-U09 (researcher decision: ALTERAR),NO
REL_C02_009,case_02,Regulation (EU) 2023/956 — Carbon Border Adjustment Mechanism (CBAM),32023R0956,RESEARCHER_MODIFIED,European Commission (regulator (adopts implementing acts across the CBAM regime)),CBAM Committee (intermediary (comitology committee assisting the Commission's implementing-act adoption)),"Authorised CBAM declarants (target (subject to the resulting implementing acts, e.g. verification, calculation, accreditation, registry rules))",intermediated,adopting implementing acts under the examination procedure across multiple articles of this Regulation,"the substantive and procedural rules implementing declarants' embedded-emissions, verification, certificate and registry obligations","assisting the Commission's adoption, via the Article 29(2) examination procedure, of the implementing acts governing declarants' verification, calculation, accreditation and registry obligations across the Regulation",regulator-facing,delegated_implementation,Article 29(1)-(2),The Commission shall be assisted by the CBAM Committee. That committee shall be a committee within the meaning of Regulation (EU) No 182/2011.,,,distinction:YES; function:YES; regulatory_integration:YES; evidence:YES; counterfactual:YES,medium,ALTERAR,Há relação de intermediação,ALTERAR,cases/R2_HUMAN_VALIDATION_uncertainties.csv:case_02-U01,Há relação de intermediação,NOT_RECORDED,case_02-U01,cases/R2_HUMAN_VALIDATION_uncertainties.csv; cases/FINAL_DATASET_FOR_HUMAN_REVIEW.csv,derived_from_intact_uncertainty_validation,promoted_from_uncertainty_log case_02-U01 (researcher decision: ALTERAR),NO
REL_C02_010,case_02,Regulation (EU) 2023/956 — Carbon Border Adjustment Mechanism (CBAM),32023R0956,RESEARCHER_MODIFIED,"European Commission (regulator (adopts delegated acts under Articles 2(10), 2(11), 18(3), 20(6), 27(6)))",Experts designated by each Member State (intermediary (consulted opinion feeding delegated-act preparation)),Authorised CBAM declarants / operators affected by the resulting delegated acts (target),intermediated,"adopting delegated acts extending scope, refining calculation/verification rules, or addressing circumvention",the substantive content of the resulting delegated acts,"providing expert input the Commission must consult before adopting a delegated act, per the Inter-institutional Agreement of 13 April 2016 on Better Law-Making",regulator-facing,standard_setting,Article 28(5),"Before adopting a delegated act, the Commission shall consult experts designated by each Member State in accordance with the principles laid down in the Inter-institutional Agreement of 13 April 2016 on Better Law-Making.",,,distinction:YES; function:YES; regulatory_integration:YES; evidence:YES; counterfactual:UNCLEAR,medium,ALTERAR,Os peritos atuam como intermedários fazendo opinativo que pode influenciar o resultado,ALTERAR,cases/R2_HUMAN_VALIDATION_uncertainties.csv:case_02-U02,Os peritos atuam como intermedários fazendo opinativo que pode influenciar o resultado,NOT_RECORDED,case_02-U02,cases/R2_HUMAN_VALIDATION_uncertainties.csv; cases/FINAL_DATASET_FOR_HUMAN_REVIEW.csv,derived_from_intact_uncertainty_validation,promoted_from_uncertainty_log case_02-U02 (researcher decision: ALTERAR),NO
REL_C03_007,case_03,Regulation (EU) 2023/1115 — Deforestation-free products Regulation (EUDR),32023R1115,RESEARCHER_MODIFIED,European Commission (regulator (adopts implementing acts across the EUDR regime)),"Comitology committee, Article 36 (intermediary (comitology committee assisting the Commission's implementing-act adoption))",Operators (target); Traders (target),intermediated,adopting implementing acts under the examination procedure across multiple articles of this Regulation,customs registration systems; country/territory risk classification; the Article 33 information system's technical and data-exchange arrangements,"assisting the Commission's adoption, via the Article 36(2) examination procedure, of implementing acts governing customs registration, country risk classification, and the information system",regulator-facing,delegated_implementation,Article 36(1)-(2),The Commission shall be assisted by a committee. That committee shall be a committee within the meaning of Regulation (EU) No 182/2011,,,distinction:YES; function:YES; regulatory_integration:YES; evidence:YES; counterfactual:YES,medium,ALTERAR,O comitê é um ator intermediário,ALTERAR,cases/R2_HUMAN_VALIDATION_uncertainties.csv:case_03-U05,O comitê é um ator intermediário,NOT_RECORDED,case_03-U05,cases/R2_HUMAN_VALIDATION_uncertainties.csv; cases/FINAL_DATASET_FOR_HUMAN_REVIEW.csv,derived_from_intact_uncertainty_validation,promoted_from_uncertainty_log case_03-U05 (researcher decision: ALTERAR),NO
