actor_role_id,case_id,act_title,celex,actor_name_verbatim,actor_name_normalized,actor_type,governance_level,role,role_status,intermediation_orientation,primary_intermediary_function,mechanisms_observed,supporting_relation_ids,supporting_articles,operative_evidence_summary,roles_also_observed,human_decision_basis,human_decision,human_decision_source,human_rationale,decision_date,human_review_required,reviewer_notes,provenance,final_human_decision,final_human_role,final_human_mechanism,final_human_notes
AR_01_001,case_01,Regulation (EU) 2021/1119 — European Climate Law,32021R1119,Energy Union Committee,Energy Union Committee,EU comitology committee,EU,I,CONFIRMED,regulator-facing,"assisting the Commission's adoption of implementing acts that set the structure, format, technical details and process for Member States' progress reporting",delegated_implementation,REL_C01_008,"Article 13, point (b)","adopting implementing acts setting the structure, format, technical details and process for the information Member States must report",I,ALTERAR,ALTERAR,cases/R2_HUMAN_VALIDATION_uncertainties.csv:case_01-U09,Há relação de intermediação,NOT_RECORDED,NO,,Derived from relation IDs: REL_C01_008,,,,
AR_01_002,case_01,Regulation (EU) 2021/1119 — European Climate Law,32021R1119,European Commission,European Commission,EU institution,EU,R,CONFIRMED,,,,REL_C01_002; REL_C01_003; REL_C01_004; REL_C01_007; REL_C01_008,"Article 5(2); Article 5(4); Article 8(3)(b); Article 8(4); Article 10; Article 4(4); Article 13, point (b)","adopting a Union strategy on adaptation to climate change; requiring Member States to adopt consistent national adaptation strategies and plans | assessing collective progress and consistency of measures with the climate-neutrality and adaptation objectives; issuing recommendations to individual Member States | engaging with and monitoring the development of voluntary sectoral roadmaps | publishing the projected indicative Union greenhouse gas budget for 2030-2050; proposing the Union 2040 climate target | adopting implementing acts setting the structure, format, technical details and process for the information Member States must report",R,APPROVE; ALTERAR,APPROVE; ALTERAR,cases/R2_HUMAN_VALIDATION_relations.csv:REL_C01_002 (surviving decision cell) | cases/R2_HUMAN_VALIDATION_relations.csv:REL_C01_003 (surviving decision cell) | cases/R2_HUMAN_VALIDATION_relations.csv:REL_C01_004 (surviving decision cell) | cases/R2_HUMAN_VALIDATION_uncertainties.csv:case_01-U01 | cases/R2_HUMAN_VALIDATION_uncertainties.csv:case_01-U09,NOT_RECORDED | Atua indiretamente no resultado sendo um ator intermediário em sentido mais amplo | Há relação de intermediação,NOT_RECORDED,NO,,Derived from relation IDs: REL_C01_002; REL_C01_003; REL_C01_004; REL_C01_007; REL_C01_008,,,,
AR_01_003,case_01,Regulation (EU) 2021/1119 — European Climate Law,32021R1119,European Environment Agency (EEA),European Environment Agency (EEA),EU body,EU,I,CONFIRMED,regulator-facing,providing scientific and technical reports that the Commission must base its assessments on; assisting the Commission in preparing the assessments,reporting,REL_C01_003,Article 8(3)(b); Article 8(4),assessing collective progress and consistency of measures with the climate-neutrality and adaptation objectives; issuing recommendations to individual Member States,I,APPROVE,APPROVE,cases/R2_HUMAN_VALIDATION_relations.csv:REL_C01_003 (surviving decision cell),NOT_RECORDED,NOT_RECORDED,NO,,Derived from relation IDs: REL_C01_003,,,,
AR_01_004,case_01,Regulation (EU) 2021/1119 — European Climate Law,32021R1119,"European Parliament and Council (Union legislature, acting through this Regulation)","European Parliament and Council (Union legislature, acting through this Regulation)",NOT_CODED,NOT_CODED,R,CONFIRMED,,,,REL_C01_001,Article 2(2); Article 4(1),establishing a binding Union-wide climate-neutrality objective for 2050; setting a binding intermediate 2030 net emission-reduction target,R,APPROVE,APPROVE,cases/R2_HUMAN_VALIDATION_relations.csv:REL_C01_001 (surviving decision cell),NOT_RECORDED,NOT_RECORDED,NO,,Derived from relation IDs: REL_C01_001,,,,
AR_01_005,case_01,Regulation (EU) 2021/1119 — European Climate Law,32021R1119,European Scientific Advisory Board on Climate Change (Advisory Board),European Scientific Advisory Board on Climate Change (Advisory Board),EU body,EU,I,CONFIRMED,regulator-facing,providing scientific and technical reports that the Commission must base its assessments on; assisting the Commission in preparing the assessments; providing an opinion the Commission must take into account when preparing the indicative Union greenhouse gas budget and when proposing the Union 2040 climate target,reporting; standard_setting,REL_C01_003; REL_C01_007,Article 8(3)(b); Article 8(4); Article 4(4),assessing collective progress and consistency of measures with the climate-neutrality and adaptation objectives; issuing recommendations to individual Member States | publishing the projected indicative Union greenhouse gas budget for 2030-2050; proposing the Union 2040 climate target,I,APPROVE; ALTERAR,APPROVE; ALTERAR,cases/R2_HUMAN_VALIDATION_relations.csv:REL_C01_003 (surviving decision cell) | cases/R2_HUMAN_VALIDATION_uncertainties.csv:case_01-U01,NOT_RECORDED | Atua indiretamente no resultado sendo um ator intermediário em sentido mais amplo,NOT_RECORDED,NO,,Derived from relation IDs: REL_C01_003; REL_C01_007,,,,
AR_01_006,case_01,Regulation (EU) 2021/1119 — European Climate Law,32021R1119,Member States,Member States,governmental actor class,Member State,T,CONFIRMED,,,,REL_C01_001; REL_C01_002; REL_C01_003; REL_C01_007; REL_C01_008,"Article 2(2); Article 4(1); Article 5(2); Article 5(4); Article 8(3)(b); Article 8(4); Article 4(4); Article 13, point (b)","establishing a binding Union-wide climate-neutrality objective for 2050; setting a binding intermediate 2030 net emission-reduction target | adopting a Union strategy on adaptation to climate change; requiring Member States to adopt consistent national adaptation strategies and plans | assessing collective progress and consistency of measures with the climate-neutrality and adaptation objectives; issuing recommendations to individual Member States | publishing the projected indicative Union greenhouse gas budget for 2030-2050; proposing the Union 2040 climate target | adopting implementing acts setting the structure, format, technical details and process for the information Member States must report",T,APPROVE; ALTERAR,APPROVE; ALTERAR,cases/R2_HUMAN_VALIDATION_relations.csv:REL_C01_001 (surviving decision cell) | cases/R2_HUMAN_VALIDATION_relations.csv:REL_C01_002 (surviving decision cell) | cases/R2_HUMAN_VALIDATION_relations.csv:REL_C01_003 (surviving decision cell) | cases/R2_HUMAN_VALIDATION_uncertainties.csv:case_01-U01 | cases/R2_HUMAN_VALIDATION_uncertainties.csv:case_01-U09,NOT_RECORDED | Atua indiretamente no resultado sendo um ator intermediário em sentido mais amplo | Há relação de intermediação,NOT_RECORDED,NO,,Derived from relation IDs: REL_C01_001; REL_C01_002; REL_C01_003; REL_C01_007; REL_C01_008,,,,
AR_01_007,case_01,Regulation (EU) 2021/1119 — European Climate Law,32021R1119,relevant Union institutions,relevant Union institutions,NOT_CODED,NOT_CODED,T,CONFIRMED,,,,REL_C01_001,Article 2(2); Article 4(1),establishing a binding Union-wide climate-neutrality objective for 2050; setting a binding intermediate 2030 net emission-reduction target,T,APPROVE,APPROVE,cases/R2_HUMAN_VALIDATION_relations.csv:REL_C01_001 (surviving decision cell),NOT_RECORDED,NOT_RECORDED,NO,,Derived from relation IDs: REL_C01_001,,,,
AR_01_008,case_01,Regulation (EU) 2021/1119 — European Climate Law,32021R1119,sectors of the economy (undertakings choosing to prepare voluntary roadmaps),sectors of the economy (undertakings choosing to prepare voluntary roadmaps),regulated economic actor/class,NOT_CODED,T,UNCERTAIN,,,,REL_C01_004,Article 10,engaging with and monitoring the development of voluntary sectoral roadmaps,T,APPROVE,APPROVE,cases/R2_HUMAN_VALIDATION_relations.csv:REL_C01_004 (surviving decision cell),NOT_RECORDED,NOT_RECORDED,YES,,Derived from relation IDs: REL_C01_004,,,,
AR_02_009,case_02,Regulation (EU) 2023/956 — Carbon Border Adjustment Mechanism (CBAM),32023R0956,accredited verifiers,Accredited verifiers,conformity-assessment actor,NOT_CODED,I,CONFIRMED,bidirectional,independently verifying the declarant's declared embedded emissions against the Annex VI verification principles,verification,REL_C02_001,Article 6(2)(d); Article 8(1)-(3),reviewing and determining the correctness of the CBAM declaration's declared embedded emissions,I,APPROVE,APPROVE,cases/R2_HUMAN_VALIDATION_relations.csv:REL_C02_001 (surviving decision cell),NOT_RECORDED,NOT_RECORDED,NO,,Derived from relation IDs: REL_C02_001,,,,
AR_02_010,case_02,Regulation (EU) 2023/956 — Carbon Border Adjustment Mechanism (CBAM),32023R0956,Authorised CBAM declarants,Authorised CBAM declarants,regulated economic actor/class,NOT_CODED,T,CONFIRMED,,,,REL_C02_009,Article 29(1)-(2),adopting implementing acts under the examination procedure across multiple articles of this Regulation,T,ALTERAR,ALTERAR,cases/R2_HUMAN_VALIDATION_uncertainties.csv:case_02-U01,Há relação de intermediação,NOT_RECORDED,NO,,Derived from relation IDs: REL_C02_009,,,,
AR_02_011,case_02,Regulation (EU) 2023/956 — Carbon Border Adjustment Mechanism (CBAM),32023R0956,Authorised CBAM declarants / operators affected by the resulting delegated acts,Authorised CBAM declarants / operators affected by the resulting delegated acts,regulated economic actor/class,NOT_CODED,T,CONFIRMED,,,,REL_C02_010,Article 28(5),"adopting delegated acts extending scope, refining calculation/verification rules, or addressing circumvention",T,ALTERAR,ALTERAR,cases/R2_HUMAN_VALIDATION_uncertainties.csv:case_02-U02,Os peritos atuam como intermedários fazendo opinativo que pode influenciar o resultado,NOT_RECORDED,NO,,Derived from relation IDs: REL_C02_010,,,,
AR_02_012,case_02,Regulation (EU) 2023/956 — Carbon Border Adjustment Mechanism (CBAM),32023R0956,CBAM Committee,CBAM Committee,EU comitology committee,EU,I,CONFIRMED,regulator-facing,"assisting the Commission's adoption, via the Article 29(2) examination procedure, of the implementing acts governing declarants' verification, calculation, accreditation and registry obligations across the Regulation",delegated_implementation,REL_C02_009,Article 29(1)-(2),adopting implementing acts under the examination procedure across multiple articles of this Regulation,I,ALTERAR,ALTERAR,cases/R2_HUMAN_VALIDATION_uncertainties.csv:case_02-U01,Há relação de intermediação,NOT_RECORDED,NO,,Derived from relation IDs: REL_C02_009,,,,
AR_02_013,case_02,Regulation (EU) 2023/956 — Carbon Border Adjustment Mechanism (CBAM),32023R0956,customs authorities,Customs authorities,customs authority,Member State / EU border,I,CONFIRMED,bidirectional,preventing importation by non-authorised persons; communicating import data that feeds the Commission's risk analysis and review of CBAM declarations,information_transmission,REL_C02_003,Article 25(1)-(4); Article 33(1)-(3),reviewing CBAM declarations and conducting risk-based controls on compliance,I,APPROVE,APPROVE,cases/R2_HUMAN_VALIDATION_relations.csv:REL_C02_003 (surviving decision cell),NOT_RECORDED,NOT_RECORDED,NO,,Derived from relation IDs: REL_C02_003,,,,
AR_02_014,case_02,Regulation (EU) 2023/956 — Carbon Border Adjustment Mechanism (CBAM),32023R0956,European Commission,European Commission,EU institution,EU,R,CONFIRMED,,,,REL_C02_001; REL_C02_002; REL_C02_003; REL_C02_004; REL_C02_006; REL_C02_007; REL_C02_008; REL_C02_009; REL_C02_010,Article 6(2)(d); Article 8(1)-(3); Article 18(1)-(3); Article 25(1)-(4); Article 33(1)-(3); Article 4; Article 17; Article 19; Article 22; Article 10(1)-(8); Article 2(6)-(9); Article 27(4)-(5); Article 29(1)-(2); Article 28(5),"reviewing and determining the correctness of the CBAM declaration's declared embedded emissions | specifying and overseeing the conditions for granting, controlling and withdrawing accreditation of verifiers | reviewing CBAM declarations and conducting risk-based controls on compliance | authorising, registering, reviewing declarations, and managing certificate purchase/surrender/repurchase/cancellation | registering operators and installations and requiring them to determine and verify embedded emissions | assessing third countries' roadmaps and reports and granting or withdrawing electricity-market exemption from the CBAM | monitoring and investigating practices of circumvention | adopting implementing acts under the examination procedure across multiple articles of this Regulation | adopting delegated acts extending scope, refining calculation/verification rules, or addressing circumvention",R,APPROVE; ALTERAR,APPROVE; ALTERAR,cases/R2_HUMAN_VALIDATION_relations.csv:REL_C02_001 (surviving decision cell) | cases/R2_HUMAN_VALIDATION_relations.csv:REL_C02_002 (surviving decision cell) | cases/R2_HUMAN_VALIDATION_relations.csv:REL_C02_003 (surviving decision cell) | cases/R2_HUMAN_VALIDATION_relations.csv:REL_C02_004 (surviving decision cell) | cases/R2_HUMAN_VALIDATION_relations.csv:REL_C02_006 (surviving decision cell) | cases/R2_HUMAN_VALIDATION_relations.csv:REL_C02_007 (surviving decision cell) | cases/R2_HUMAN_VALIDATION_relations.csv:REL_C02_008 (surviving decision cell) | cases/R2_HUMAN_VALIDATION_uncertainties.csv:case_02-U01 | cases/R2_HUMAN_VALIDATION_uncertainties.csv:case_02-U02,NOT_RECORDED | Há relação de intermediação | Os peritos atuam como intermedários fazendo opinativo que pode influenciar o resultado,NOT_RECORDED,NO,,Derived from relation IDs: REL_C02_001; REL_C02_002; REL_C02_003; REL_C02_004; REL_C02_006; REL_C02_007; REL_C02_008; REL_C02_009; REL_C02_010,,,,
AR_02_015,case_02,Regulation (EU) 2023/956 — Carbon Border Adjustment Mechanism (CBAM),32023R0956,Experts designated by each Member State,Experts designated by each Member State,expert group,Member State-designated,I,CONFIRMED,regulator-facing,"providing expert input the Commission must consult before adopting a delegated act, per the Inter-institutional Agreement of 13 April 2016 on Better Law-Making",standard_setting,REL_C02_010,Article 28(5),"adopting delegated acts extending scope, refining calculation/verification rules, or addressing circumvention",I,ALTERAR,ALTERAR,cases/R2_HUMAN_VALIDATION_uncertainties.csv:case_02-U02,Os peritos atuam como intermedários fazendo opinativo que pode influenciar o resultado,NOT_RECORDED,NO,,Derived from relation IDs: REL_C02_010,,,,
AR_02_016,case_02,Regulation (EU) 2023/956 — Carbon Border Adjustment Mechanism (CBAM),32023R0956,Member State competent authorities,Member State competent authorities,competent authority,Member State,R,CONFIRMED,,,,REL_C02_001; REL_C02_003; REL_C02_004; REL_C02_005,Article 6(2)(d); Article 8(1)-(3); Article 25(1)-(4); Article 33(1)-(3); Article 4; Article 17; Article 19; Article 22; Article 26(1)-(6),"reviewing and determining the correctness of the CBAM declaration's declared embedded emissions | reviewing CBAM declarations and conducting risk-based controls on compliance | authorising, registering, reviewing declarations, and managing certificate purchase/surrender/repurchase/cancellation | imposing and securing payment of penalties for non-compliance",R,APPROVE,APPROVE,cases/R2_HUMAN_VALIDATION_relations.csv:REL_C02_001 (surviving decision cell) | cases/R2_HUMAN_VALIDATION_relations.csv:REL_C02_003 (surviving decision cell) | cases/R2_HUMAN_VALIDATION_relations.csv:REL_C02_004 (surviving decision cell) | cases/R2_HUMAN_VALIDATION_relations.csv:REL_C02_005 (surviving decision cell),NOT_RECORDED,NOT_RECORDED,NO,,Derived from relation IDs: REL_C02_001; REL_C02_003; REL_C02_004; REL_C02_005,,,,
AR_02_017,case_02,Regulation (EU) 2023/956 — Carbon Border Adjustment Mechanism (CBAM),32023R0956,national accreditation bodies,National accreditation bodies,accreditation body,Member State,I,CONFIRMED,target-facing,"accrediting persons as qualified verifiers, and exercising control, oversight and withdrawal of that accreditation",accreditation,REL_C02_002,Article 18(1)-(3),"specifying and overseeing the conditions for granting, controlling and withdrawing accreditation of verifiers",I,APPROVE,APPROVE,cases/R2_HUMAN_VALIDATION_relations.csv:REL_C02_002 (surviving decision cell),NOT_RECORDED,NOT_RECORDED,NO,,Derived from relation IDs: REL_C02_002,,,,
AR_02_018,case_02,Regulation (EU) 2023/956 — Carbon Border Adjustment Mechanism (CBAM),32023R0956,authorised CBAM declarants,authorised CBAM declarants,regulated economic actor/class,NOT_CODED,T,CONFIRMED,,,,REL_C02_001; REL_C02_004; REL_C02_005,Article 6(2)(d); Article 8(1)-(3); Article 4; Article 17; Article 19; Article 22; Article 26(1)-(6),"reviewing and determining the correctness of the CBAM declaration's declared embedded emissions | authorising, registering, reviewing declarations, and managing certificate purchase/surrender/repurchase/cancellation | imposing and securing payment of penalties for non-compliance",T,APPROVE,APPROVE,cases/R2_HUMAN_VALIDATION_relations.csv:REL_C02_001 (surviving decision cell) | cases/R2_HUMAN_VALIDATION_relations.csv:REL_C02_004 (surviving decision cell) | cases/R2_HUMAN_VALIDATION_relations.csv:REL_C02_005 (surviving decision cell),NOT_RECORDED,NOT_RECORDED,NO,,Derived from relation IDs: REL_C02_001; REL_C02_004; REL_C02_005,,,,
AR_02_019,case_02,Regulation (EU) 2023/956 — Carbon Border Adjustment Mechanism (CBAM),32023R0956,authorised CBAM declarants / importers,authorised CBAM declarants / importers,regulated economic actor/class,NOT_CODED,T,CONFIRMED,,,,REL_C02_003,Article 25(1)-(4); Article 33(1)-(3),reviewing CBAM declarations and conducting risk-based controls on compliance,T,APPROVE,APPROVE,cases/R2_HUMAN_VALIDATION_relations.csv:REL_C02_003 (surviving decision cell),NOT_RECORDED,NOT_RECORDED,NO,,Derived from relation IDs: REL_C02_003,,,,
AR_02_020,case_02,Regulation (EU) 2023/956 — Carbon Border Adjustment Mechanism (CBAM),32023R0956,operators of installations in third countries,operators of installations in third countries,regulated economic actor/class,NOT_CODED,T,CONFIRMED,,,,REL_C02_006,Article 10(1)-(8),registering operators and installations and requiring them to determine and verify embedded emissions,T,APPROVE,APPROVE,cases/R2_HUMAN_VALIDATION_relations.csv:REL_C02_006 (surviving decision cell),NOT_RECORDED,NOT_RECORDED,NO,,Derived from relation IDs: REL_C02_006,,,,
AR_02_021,case_02,Regulation (EU) 2023/956 — Carbon Border Adjustment Mechanism (CBAM),32023R0956,persons introducing goods without authorisation,persons introducing goods without authorisation,NOT_CODED,NOT_CODED,T,CONFIRMED,,,,REL_C02_005,Article 26(1)-(6),imposing and securing payment of penalties for non-compliance,T,APPROVE,APPROVE,cases/R2_HUMAN_VALIDATION_relations.csv:REL_C02_005 (surviving decision cell),NOT_RECORDED,NOT_RECORDED,NO,,Derived from relation IDs: REL_C02_005,,,,
AR_02_022,case_02,Regulation (EU) 2023/956 — Carbon Border Adjustment Mechanism (CBAM),32023R0956,"producers, exporters, importers or traders engaged in practices of circumvention","producers, exporters, importers or traders engaged in practices of circumvention",regulated economic actor/class,NOT_CODED,T,UNCERTAIN,,,,REL_C02_008,Article 27(4)-(5),monitoring and investigating practices of circumvention,T,APPROVE,APPROVE,cases/R2_HUMAN_VALIDATION_relations.csv:REL_C02_008 (surviving decision cell),NOT_RECORDED,NOT_RECORDED,YES,,Derived from relation IDs: REL_C02_008,,,,
AR_02_023,case_02,Regulation (EU) 2023/956 — Carbon Border Adjustment Mechanism (CBAM),32023R0956,third countries or territories seeking electricity-market exemption,third countries or territories seeking electricity-market exemption,NOT_CODED,NOT_CODED,T,CONFIRMED,,,,REL_C02_007,Article 2(6)-(9),assessing third countries' roadmaps and reports and granting or withdrawing electricity-market exemption from the CBAM,T,APPROVE,APPROVE,cases/R2_HUMAN_VALIDATION_relations.csv:REL_C02_007 (surviving decision cell),NOT_RECORDED,NOT_RECORDED,NO,,Derived from relation IDs: REL_C02_007,,,,
AR_02_024,case_02,Regulation (EU) 2023/956 — Carbon Border Adjustment Mechanism (CBAM),32023R0956,verifiers,verifiers,conformity-assessment actor,NOT_CODED,T,CONFIRMED,,,,REL_C02_002,Article 18(1)-(3),"specifying and overseeing the conditions for granting, controlling and withdrawing accreditation of verifiers",T,APPROVE,APPROVE,cases/R2_HUMAN_VALIDATION_relations.csv:REL_C02_002 (surviving decision cell),NOT_RECORDED,NOT_RECORDED,NO,,Derived from relation IDs: REL_C02_002,,,,
AR_03_025,case_03,Regulation (EU) 2023/1115 — Deforestation-free products Regulation (EUDR),32023R1115,"Comitology committee, Article 36","Comitology committee, Article 36",EU comitology committee,EU,I,CONFIRMED,regulator-facing,"assisting the Commission's adoption, via the Article 36(2) examination procedure, of implementing acts governing customs registration, country risk classification, and the information system",delegated_implementation,REL_C03_007,Article 36(1)-(2),adopting implementing acts under the examination procedure across multiple articles of this Regulation,I,ALTERAR,ALTERAR,cases/R2_HUMAN_VALIDATION_uncertainties.csv:case_03-U05,O comitê é um ator intermediário,NOT_RECORDED,NO,,Derived from relation IDs: REL_C03_007,,,,
AR_03_026,case_03,Regulation (EU) 2023/1115 — Deforestation-free products Regulation (EUDR),32023R1115,customs authorities,Customs authorities,customs authority,Member State / EU border,I,CONFIRMED,bidirectional,gatekeeping physical entry/exit of goods; transmitting risk-relevant customs data to competent authorities and the Commission,information_transmission,REL_C03_002,Article 26(3)-(9); Article 27,examining customs declarations and due-diligence-statement status; suspending or allowing release for free circulation or export,I,APPROVE,APPROVE,cases/R2_HUMAN_VALIDATION_relations.csv:REL_C03_002 (surviving decision cell),NOT_RECORDED,NOT_RECORDED,NO,,Derived from relation IDs: REL_C03_002,,,,
AR_03_027,case_03,Regulation (EU) 2023/1115 — Deforestation-free products Regulation (EUDR),32023R1115,European Commission,European Commission,EU institution,EU,R,CONFIRMED,,,,REL_C03_001; REL_C03_002; REL_C03_003; REL_C03_007,Article 3; Article 4(1)-(2); Article 16(1); Article 26(3)-(9); Article 27; Article 29(1)-(8); Article 30(1); Article 36(1)-(2),"prohibiting non-compliant placement/export; requiring due diligence, checks, corrective action and penalties | examining customs declarations and due-diligence-statement status; suspending or allowing release for free circulation or export | classifying countries by deforestation risk; engaging in cooperation and dialogue with producer countries | adopting implementing acts under the examination procedure across multiple articles of this Regulation",R,APPROVE; ALTERAR,APPROVE; ALTERAR,cases/R2_HUMAN_VALIDATION_relations.csv:REL_C03_001 (surviving decision cell) | cases/R2_HUMAN_VALIDATION_relations.csv:REL_C03_002 (surviving decision cell) | cases/R2_HUMAN_VALIDATION_relations.csv:REL_C03_003 (surviving decision cell) | cases/R2_HUMAN_VALIDATION_uncertainties.csv:case_03-U05,NOT_RECORDED | O comitê é um ator intermediário,NOT_RECORDED,NO,,Derived from relation IDs: REL_C03_001; REL_C03_002; REL_C03_003; REL_C03_007,,,,
AR_03_028,case_03,Regulation (EU) 2023/1115 — Deforestation-free products Regulation (EUDR),32023R1115,FLEGT licensing authorities/scheme (operating under Regulation (EC) No 2173/2005 Voluntary Partnership Agreements),FLEGT licensing authorities/scheme,licensing authority/scheme,NOT_CODED,I,CONFIRMED,bidirectional,"issuing FLEGT licenses that are automatically and mandatorily deemed to satisfy the Article 3, point (b), legality requirement",certification,REL_C03_006,Article 10(3),"determining whether a relevant product satisfies the legality requirement of Article 3, point (b)",I,APPROVE,APPROVE,cases/R2_HUMAN_VALIDATION_relations.csv:REL_C03_006 (surviving decision cell),NOT_RECORDED,NOT_RECORDED,NO,,Derived from relation IDs: REL_C03_006,,,,
AR_03_029,case_03,Regulation (EU) 2023/1115 — Deforestation-free products Regulation (EUDR),32023R1115,Member State competent authorities,Member State competent authorities,competent authority,Member State,R,CONFIRMED,,,,REL_C03_001; REL_C03_002; REL_C03_004; REL_C03_005; REL_C03_006,Article 3; Article 4(1)-(2); Article 16(1); Article 26(3)-(9); Article 27; Article 31(1)-(2); Article 10(2)(n); Article 10(3),"prohibiting non-compliant placement/export; requiring due diligence, checks, corrective action and penalties | examining customs declarations and due-diligence-statement status; suspending or allowing release for free circulation or export | assessing substantiated concerns and taking necessary steps including checks, hearings and interim measures | conducting operator risk assessment | determining whether a relevant product satisfies the legality requirement of Article 3, point (b)",R,APPROVE,APPROVE,cases/R2_HUMAN_VALIDATION_relations.csv:REL_C03_001 (surviving decision cell) | cases/R2_HUMAN_VALIDATION_relations.csv:REL_C03_002 (surviving decision cell) | cases/R2_HUMAN_VALIDATION_relations.csv:REL_C03_004 (surviving decision cell) | cases/R2_HUMAN_VALIDATION_relations.csv:REL_C03_005 (surviving decision cell) | cases/R2_HUMAN_VALIDATION_relations.csv:REL_C03_006 (surviving decision cell),NOT_RECORDED,NOT_RECORDED,NO,,Derived from relation IDs: REL_C03_001; REL_C03_002; REL_C03_004; REL_C03_005; REL_C03_006,,,,
AR_03_030,case_03,Regulation (EU) 2023/1115 — Deforestation-free products Regulation (EUDR),32023R1115,Member States and third countries or parts thereof,Member States and third countries or parts thereof,NOT_CODED,NOT_CODED,T,CONFIRMED,,,,REL_C03_003,Article 29(1)-(8); Article 30(1),classifying countries by deforestation risk; engaging in cooperation and dialogue with producer countries,T,APPROVE,APPROVE,cases/R2_HUMAN_VALIDATION_relations.csv:REL_C03_003 (surviving decision cell),NOT_RECORDED,NOT_RECORDED,NO,,Derived from relation IDs: REL_C03_003,,,,
AR_03_031,case_03,Regulation (EU) 2023/1115 — Deforestation-free products Regulation (EUDR),32023R1115,Operators,Operators,regulated economic actor/class,NOT_CODED,T,CONFIRMED,,,,REL_C03_007,Article 36(1)-(2),adopting implementing acts under the examination procedure across multiple articles of this Regulation,T,ALTERAR,ALTERAR,cases/R2_HUMAN_VALIDATION_uncertainties.csv:case_03-U05,O comitê é um ator intermediário,NOT_RECORDED,NO,,Derived from relation IDs: REL_C03_007,,,,
AR_03_032,case_03,Regulation (EU) 2023/1115 — Deforestation-free products Regulation (EUDR),32023R1115,Traders,Traders,regulated economic actor/class,NOT_CODED,T,CONFIRMED,,,,REL_C03_007,Article 36(1)-(2),adopting implementing acts under the examination procedure across multiple articles of this Regulation,T,ALTERAR,ALTERAR,cases/R2_HUMAN_VALIDATION_uncertainties.csv:case_03-U05,O comitê é um ator intermediário,NOT_RECORDED,NO,,Derived from relation IDs: REL_C03_007,,,,
AR_03_033,case_03,Regulation (EU) 2023/1115 — Deforestation-free products Regulation (EUDR),32023R1115,natural or legal persons submitting substantiated concerns,natural or legal persons submitting substantiated concerns,person/organisation class,NOT_CODED,I,CONFIRMED,regulator-facing,"submitting formally defined, evidence-based concerns that legally trigger a mandatory competent-authority assessment and feed the risk-based check-selection and interim-measures criteria",information_transmission,REL_C03_004,Article 31(1)-(2),"assessing substantiated concerns and taking necessary steps including checks, hearings and interim measures",I,APPROVE,APPROVE,cases/R2_HUMAN_VALIDATION_relations.csv:REL_C03_004 (surviving decision cell),NOT_RECORDED,NOT_RECORDED,NO,,Derived from relation IDs: REL_C03_004,,,,
AR_03_034,case_03,Regulation (EU) 2023/1115 — Deforestation-free products Regulation (EUDR),32023R1115,operators,operators,regulated economic actor/class,NOT_CODED,T,CONFIRMED,,,,REL_C03_001; REL_C03_002; REL_C03_004; REL_C03_005,Article 3; Article 4(1)-(2); Article 16(1); Article 26(3)-(9); Article 27; Article 31(1)-(2); Article 10(2)(n),"prohibiting non-compliant placement/export; requiring due diligence, checks, corrective action and penalties | examining customs declarations and due-diligence-statement status; suspending or allowing release for free circulation or export | assessing substantiated concerns and taking necessary steps including checks, hearings and interim measures | conducting operator risk assessment",T,APPROVE,APPROVE,cases/R2_HUMAN_VALIDATION_relations.csv:REL_C03_001 (surviving decision cell) | cases/R2_HUMAN_VALIDATION_relations.csv:REL_C03_002 (surviving decision cell) | cases/R2_HUMAN_VALIDATION_relations.csv:REL_C03_004 (surviving decision cell) | cases/R2_HUMAN_VALIDATION_relations.csv:REL_C03_005 (surviving decision cell),NOT_RECORDED,NOT_RECORDED,NO,,Derived from relation IDs: REL_C03_001; REL_C03_002; REL_C03_004; REL_C03_005,,,,
AR_03_035,case_03,Regulation (EU) 2023/1115 — Deforestation-free products Regulation (EUDR),32023R1115,operators and traders of FLEGT-licensed wood products,operators and traders of FLEGT-licensed wood products,licensing authority/scheme,NOT_CODED,T,CONFIRMED,,,,REL_C03_006,Article 10(3),"determining whether a relevant product satisfies the legality requirement of Article 3, point (b)",T,APPROVE,APPROVE,cases/R2_HUMAN_VALIDATION_relations.csv:REL_C03_006 (surviving decision cell),NOT_RECORDED,NOT_RECORDED,NO,,Derived from relation IDs: REL_C03_006,,,,
AR_03_036,case_03,Regulation (EU) 2023/1115 — Deforestation-free products Regulation (EUDR),32023R1115,traders,traders,regulated economic actor/class,NOT_CODED,T,CONFIRMED,,,,REL_C03_002; REL_C03_004,Article 26(3)-(9); Article 27; Article 31(1)-(2),"examining customs declarations and due-diligence-statement status; suspending or allowing release for free circulation or export | assessing substantiated concerns and taking necessary steps including checks, hearings and interim measures",T,APPROVE,APPROVE,cases/R2_HUMAN_VALIDATION_relations.csv:REL_C03_002 (surviving decision cell) | cases/R2_HUMAN_VALIDATION_relations.csv:REL_C03_004 (surviving decision cell),NOT_RECORDED,NOT_RECORDED,NO,,Derived from relation IDs: REL_C03_002; REL_C03_004,,,,
AR_03_037,case_03,Regulation (EU) 2023/1115 — Deforestation-free products Regulation (EUDR),32023R1115,traders (including non-SME traders treated as operators),traders (including non-SME traders treated as operators),regulated economic actor/class,NOT_CODED,T,CONFIRMED,,,,REL_C03_001,Article 3; Article 4(1)-(2); Article 16(1),"prohibiting non-compliant placement/export; requiring due diligence, checks, corrective action and penalties",T,APPROVE,APPROVE,cases/R2_HUMAN_VALIDATION_relations.csv:REL_C03_001 (surviving decision cell),NOT_RECORDED,NOT_RECORDED,NO,,Derived from relation IDs: REL_C03_001,,,,
