intermediary_mechanism_id,actor_role_id,case_id,actor_name_normalized,mechanism,function_description,intermediation_orientation,regulator_actor_or_class,target_actor_or_class,supporting_relation_ids,supporting_articles,operative_evidence_quote_or_summary,institutionalization_basis,human_status,human_review_required,provenance,human_decision,human_decision_source,human_rationale,decision_date,final_human_decision,final_human_role,final_human_mechanism,final_human_notes
IM_01_001,AR_01_001,case_01,Energy Union Committee,delegated_implementation,"assisting the Commission's adoption of implementing acts that set the structure, format, technical details and process for Member States' progress reporting",regulator-facing,European Commission (regulator (adopts implementing acts on Member State reporting format)),Member States (target (subject to the resulting reporting structure/format/process)),REL_C01_008,"Article 13, point (b)","The Commission, assisted by the Energy Union Committee referred to in point (b) of Article 44(1), shall adopt implementing acts to set out the structure, format, technical details and process for the information referred to in paragraphs 1 and 2 of this Article, including a methodology for the reporting on the phasing out of energy subsidies, in particular for fossil fuels, pursuant to point (d) of Article 25.",distinction:YES; function:YES; regulatory_integration:YES; evidence:YES; counterfactual:YES,RESEARCHER_APPROVED,NO,Derived from REL_C01_008,ALTERAR,cases/R2_HUMAN_VALIDATION_uncertainties.csv:case_01-U09,Há relação de intermediação,NOT_RECORDED,,,,
IM_01_002,AR_01_003,case_01,European Environment Agency (EEA),reporting,providing scientific and technical reports that the Commission must base its assessments on; assisting the Commission in preparing the assessments,regulator-facing,European Commission (regulator),Member States (target),REL_C01_003,Article 8(3)(b); Article 8(4),assessing collective progress and consistency of measures with the climate-neutrality and adaptation objectives; issuing recommendations to individual Member States,distinction:YES; function:YES; regulatory_integration:YES; evidence:YES; counterfactual:YES,RESEARCHER_APPROVED,NO,Derived from REL_C01_003,APPROVE,cases/R2_HUMAN_VALIDATION_relations.csv:REL_C01_003 (surviving decision cell),NOT_RECORDED,NOT_RECORDED,,,,
IM_01_003,AR_01_005,case_01,European Scientific Advisory Board on Climate Change (Advisory Board),reporting,providing scientific and technical reports that the Commission must base its assessments on; assisting the Commission in preparing the assessments,regulator-facing,European Commission (regulator),Member States (target),REL_C01_003,Article 8(3)(b); Article 8(4),assessing collective progress and consistency of measures with the climate-neutrality and adaptation objectives; issuing recommendations to individual Member States,distinction:YES; function:YES; regulatory_integration:YES; evidence:YES; counterfactual:YES,RESEARCHER_APPROVED,NO,Derived from REL_C01_003,APPROVE,cases/R2_HUMAN_VALIDATION_relations.csv:REL_C01_003 (surviving decision cell),NOT_RECORDED,NOT_RECORDED,,,,
IM_01_004,AR_01_005,case_01,European Scientific Advisory Board on Climate Change (Advisory Board),standard_setting,providing an opinion the Commission must take into account when preparing the indicative Union greenhouse gas budget and when proposing the Union 2040 climate target,regulator-facing,European Commission (regulator (preparing the Union 2040 climate target and indicative GHG budget)),Member States (target (eventual addressees of the climate-neutrality trajectory and targets shaped by this process)),REL_C01_007,Article 4(4),"The projected indicative Union greenhouse gas budget shall be based on the best available science, take into account the advice of the Advisory Board as well as, where adopted, the relevant Union legislation implementing the Union 2030 climate target.",distinction:YES; function:YES; regulatory_integration:YES; evidence:YES; counterfactual:YES,RESEARCHER_APPROVED,NO,Derived from REL_C01_007,ALTERAR,cases/R2_HUMAN_VALIDATION_uncertainties.csv:case_01-U01,Atua indiretamente no resultado sendo um ator intermediário em sentido mais amplo,NOT_RECORDED,,,,
IM_02_005,AR_02_009,case_02,Accredited verifiers,verification,independently verifying the declarant's declared embedded emissions against the Annex VI verification principles,bidirectional,European Commission (regulator (oversight of declaration review)); Member State competent authorities (regulator (compliance determination)),authorised CBAM declarants (target),REL_C02_001,Article 6(2)(d); Article 8(1)-(3),reviewing and determining the correctness of the CBAM declaration's declared embedded emissions,distinction:YES; function:YES; regulatory_integration:YES; evidence:YES; counterfactual:YES,RESEARCHER_APPROVED,NO,Derived from REL_C02_001,APPROVE,cases/R2_HUMAN_VALIDATION_relations.csv:REL_C02_001 (surviving decision cell),NOT_RECORDED,NOT_RECORDED,,,,
IM_02_006,AR_02_012,case_02,CBAM Committee,delegated_implementation,"assisting the Commission's adoption, via the Article 29(2) examination procedure, of the implementing acts governing declarants' verification, calculation, accreditation and registry obligations across the Regulation",regulator-facing,European Commission (regulator (adopts implementing acts across the CBAM regime)),"Authorised CBAM declarants (target (subject to the resulting implementing acts, e.g. verification, calculation, accreditation, registry rules))",REL_C02_009,Article 29(1)-(2),The Commission shall be assisted by the CBAM Committee. That committee shall be a committee within the meaning of Regulation (EU) No 182/2011.,distinction:YES; function:YES; regulatory_integration:YES; evidence:YES; counterfactual:YES,RESEARCHER_APPROVED,NO,Derived from REL_C02_009,ALTERAR,cases/R2_HUMAN_VALIDATION_uncertainties.csv:case_02-U01,Há relação de intermediação,NOT_RECORDED,,,,
IM_02_007,AR_02_013,case_02,Customs authorities,information_transmission,preventing importation by non-authorised persons; communicating import data that feeds the Commission's risk analysis and review of CBAM declarations,bidirectional,European Commission (regulator); Member State competent authorities (regulator),authorised CBAM declarants / importers (target),REL_C02_003,Article 25(1)-(4); Article 33(1)-(3),reviewing CBAM declarations and conducting risk-based controls on compliance,distinction:YES; function:YES; regulatory_integration:YES; evidence:YES; counterfactual:YES,RESEARCHER_APPROVED,NO,Derived from REL_C02_003,APPROVE,cases/R2_HUMAN_VALIDATION_relations.csv:REL_C02_003 (surviving decision cell),NOT_RECORDED,NOT_RECORDED,,,,
IM_02_008,AR_02_015,case_02,Experts designated by each Member State,standard_setting,"providing expert input the Commission must consult before adopting a delegated act, per the Inter-institutional Agreement of 13 April 2016 on Better Law-Making",regulator-facing,"European Commission (regulator (adopts delegated acts under Articles 2(10), 2(11), 18(3), 20(6), 27(6)))",Authorised CBAM declarants / operators affected by the resulting delegated acts (target),REL_C02_010,Article 28(5),"Before adopting a delegated act, the Commission shall consult experts designated by each Member State in accordance with the principles laid down in the Inter-institutional Agreement of 13 April 2016 on Better Law-Making.",distinction:YES; function:YES; regulatory_integration:YES; evidence:YES; counterfactual:UNCLEAR,RESEARCHER_APPROVED,NO,Derived from REL_C02_010,ALTERAR,cases/R2_HUMAN_VALIDATION_uncertainties.csv:case_02-U02,Os peritos atuam como intermedários fazendo opinativo que pode influenciar o resultado,NOT_RECORDED,,,,
IM_02_009,AR_02_017,case_02,National accreditation bodies,accreditation,"accrediting persons as qualified verifiers, and exercising control, oversight and withdrawal of that accreditation",target-facing,European Commission (regulator (sets and oversees accreditation conditions by delegated act)),verifiers (target (of the accreditation function)),REL_C02_002,Article 18(1)-(3),"specifying and overseeing the conditions for granting, controlling and withdrawing accreditation of verifiers",distinction:YES; function:YES; regulatory_integration:YES; evidence:YES; counterfactual:YES,RESEARCHER_APPROVED,NO,Derived from REL_C02_002,APPROVE,cases/R2_HUMAN_VALIDATION_relations.csv:REL_C02_002 (surviving decision cell),NOT_RECORDED,NOT_RECORDED,,,,
IM_03_010,AR_03_025,case_03,"Comitology committee, Article 36",delegated_implementation,"assisting the Commission's adoption, via the Article 36(2) examination procedure, of implementing acts governing customs registration, country risk classification, and the information system",regulator-facing,European Commission (regulator (adopts implementing acts across the EUDR regime)),Operators (target); Traders (target),REL_C03_007,Article 36(1)-(2),The Commission shall be assisted by a committee. That committee shall be a committee within the meaning of Regulation (EU) No 182/2011,distinction:YES; function:YES; regulatory_integration:YES; evidence:YES; counterfactual:YES,RESEARCHER_APPROVED,NO,Derived from REL_C03_007,ALTERAR,cases/R2_HUMAN_VALIDATION_uncertainties.csv:case_03-U05,O comitê é um ator intermediário,NOT_RECORDED,,,,
IM_03_011,AR_03_026,case_03,Customs authorities,information_transmission,gatekeeping physical entry/exit of goods; transmitting risk-relevant customs data to competent authorities and the Commission,bidirectional,Member State competent authorities (regulator); European Commission (regulator),operators (target); traders (target),REL_C03_002,Article 26(3)-(9); Article 27,examining customs declarations and due-diligence-statement status; suspending or allowing release for free circulation or export,distinction:YES; function:YES; regulatory_integration:YES; evidence:YES; counterfactual:YES,RESEARCHER_APPROVED,NO,Derived from REL_C03_002,APPROVE,cases/R2_HUMAN_VALIDATION_relations.csv:REL_C03_002 (surviving decision cell),NOT_RECORDED,NOT_RECORDED,,,,
IM_03_012,AR_03_028,case_03,FLEGT licensing authorities/scheme,certification,"issuing FLEGT licenses that are automatically and mandatorily deemed to satisfy the Article 3, point (b), legality requirement",bidirectional,Member State competent authorities (regulator),operators and traders of FLEGT-licensed wood products (target),REL_C03_006,Article 10(3),"determining whether a relevant product satisfies the legality requirement of Article 3, point (b)",distinction:YES; function:YES; regulatory_integration:YES; evidence:YES; counterfactual:YES,RESEARCHER_APPROVED,NO,Derived from REL_C03_006,APPROVE,cases/R2_HUMAN_VALIDATION_relations.csv:REL_C03_006 (surviving decision cell),NOT_RECORDED,NOT_RECORDED,,,,
IM_03_013,AR_03_033,case_03,natural or legal persons submitting substantiated concerns,information_transmission,"submitting formally defined, evidence-based concerns that legally trigger a mandatory competent-authority assessment and feed the risk-based check-selection and interim-measures criteria",regulator-facing,Member State competent authorities (regulator),operators (target); traders (target),REL_C03_004,Article 31(1)-(2),"assessing substantiated concerns and taking necessary steps including checks, hearings and interim measures",distinction:YES; function:YES; regulatory_integration:YES; evidence:YES; counterfactual:YES,RESEARCHER_APPROVED,NO,Derived from REL_C03_004,APPROVE,cases/R2_HUMAN_VALIDATION_relations.csv:REL_C03_004 (surviving decision cell),NOT_RECORDED,NOT_RECORDED,,,,
