r3_layer,authoritative_r3_material,r3_historical_role,r4_integration_target,treatment,status
source acquisition,01_sources/R3_SOURCE_REGISTER.csv and five original PDFs,official-source provenance and version boundary,R4.1 official corpus register and provenance,compare acquisition discipline only; do not merge legal corpora,INTEGRATED_AS_METHOD_ONLY
corpus reconstruction,02_corpus/R3_CORPUS_REGISTER.csv plus corpus manifests and validation audit,validated searchable legal-text reconstruction,R4.1 structural index and QC,retain as historical precedent; R4 sources remain separately frozen,INTEGRATED_AS_METHOD_ONLY
whole-instrument profile,03_instrument_profiles/INSTRUMENT_PROFILE.csv and instrument memos,law-level objective object scope authority and orientation,possible future R4 instrument context,do not import R3 labels or counts into R4 coding,REFERENCE_ONLY
actor register,04_actor_register/ACTOR_REGISTER.csv and alias log,law-scoped actor universe before role adjudication,future R4 actor layer,do not carry actor IDs aliases or classifications as R4 ground truth,REFERENCE_ONLY
actor-provision mapping,04_actor_register/ACTOR_PROVISION_MAP.csv,actor-to-provision/action evidence architecture,future R4 evidence mapping,retain structure and evidence discipline; reacquire and recode R4 evidence,REFERENCE_ONLY
LAW x INTERMEDIARY,05_law_intermediary/LAW_INTERMEDIARY_REGISTER.csv and relation links,principal human-facing comparative unit,possible R4 comparative unit,retain unit distinction but do not import seven-unit membership,REFERENCE_ONLY
regulatory relations,06_relations/RELATIONS_ADJUDICATED.csv and INTERMEDIATION_TEST_MATRIX.csv,three-condition RIT adjudication and negative baseline,future R4 relation adjudication,methodological reference only; no R3 relation is an R4 result,REFERENCE_ONLY
negative and zero cases,06_relations/NEGATIVE_BOUNDARY_CASES.csv and 32015D1814 zero profile,analytical absence and boundary evidence,R4 QA and reporting safeguards,preserve distinction between absence uncertainty and non-RIT,INTEGRATED_AS_METHOD_ONLY
mechanism events,07_mechanisms/MECHANISM_EVENTS_RESEARCHER_ADJUDICATED.csv and traces,elementary transformation coding with provenance,future R4 mechanism layer,do not transplant ten-code ontology or event labels,REFERENCE_ONLY
mechanism ontology,07_mechanisms/R3_MECHANISM_CODEBOOK_RESEARCHER_ADJUDICATED.md,provisional R3-specific researcher-adjudicated vocabulary,R4 ontology governance,record as historical comparator; no universal or David-attributed taxonomy,REFERENCE_ONLY
mechanism configurations,08_configuration/RELATION_MECHANISM_CONFIGURATIONS.csv and edges,within-relation organization and one supported sequence,future R4 configuration layer,do not infer configurations from R4 structural indexes,REFERENCE_ONLY
research-question architecture,09_research_questions and 10_dataset/DAVID_DATASET_PROPOSAL_V1,linked units, evidence and decision provenance,R4 research-design documentation,adapt only where explicitly authorized; preserve separate R4 source population,INTEGRATED_AS_METHOD_ONLY
audits and decisions,12_audits plus R3-D08 decision log,phase gates corrections stopping points and researcher adjudications,R4 audit and decision provenance,retain historical sequence without rewriting,INTEGRATED_AS_PROVENANCE
capacity and RIA firewall,Phase 10 architecture and David package audits,explicit non-coding of capacities and RIA,R4 scope controls,Knowing Assuring Steering and RIA remain non-coded,INTEGRATED_AS_FIREWALL
