"RELATIVE_PATH","FILE_NAME","SIZE_BYTES","SHA256","CATEGORY","AUTHORITATIVE_STATUS"
"PACKAGE_NOTE.txt","PACKAGE_NOTE.txt","980","6AF975FC40E157A80AB3E7943A93547D4BBD94E7EA74D0260E0FFB073012EAB2","PACKAGE_DOCUMENTATION","AUTHORITATIVE_FINAL"
"00_START_HERE/R4_COMPLETE_WORK_NOTE.md","R4_COMPLETE_WORK_NOTE.md","21052","F8920122EB20B4B18CBE184ADA9CD4236273E4AA4D94EF80A02EBC325210D46C","PACKAGE_DOCUMENTATION","AUTHORITATIVE_FINAL"
"00_START_HERE/R4_FILE_GUIDE.md","R4_FILE_GUIDE.md","131541","BB3B4156A4C7302454BB66E3D63B668548581201E4E05A981C7BC20E0F5A2063","PACKAGE_DOCUMENTATION","AUTHORITATIVE_FINAL"
"00_START_HERE/R4_PACKAGE_MANIFEST.csv","R4_PACKAGE_MANIFEST.csv","41108","54F5CED771AED7AC78BEA46FD12CD17B2B3B8C005E2D948577DF611703F80B28","PACKAGE_DOCUMENTATION","AUTHORITATIVE_FINAL"
"00_START_HERE/R4_TRACEABILITY_MAP.csv","R4_TRACEABILITY_MAP.csv","88426","983272B5D45283B899C177000B67C73F8FE443DF97BA4246992CF9BA911B3179","PACKAGE_DOCUMENTATION","AUTHORITATIVE_FINAL"
"00_START_HERE/README_R4_FOR_DAVID.md","README_R4_FOR_DAVID.md","7992","6B104D744EB6AF0B47B5326364AB94A85A579E4EED0F940CEF6F0082B6DD2FC9","PACKAGE_DOCUMENTATION","AUTHORITATIVE_FINAL"
"01_FINAL_R4_DATASET/R4_DIGITAL_VALIDATION_SUMMARY_FOR_DAVID.csv","R4_DIGITAL_VALIDATION_SUMMARY_FOR_DAVID.csv","4787","14E0350D0685391795BF0908E2CA3C68C6B9866DF5E8BA47FB37FADE7D735C07","FINAL OUTPUT","AUTHORITATIVE_FINAL"
"01_FINAL_R4_DATASET/R4_Digital_Validation_Dashboard.xlsx","R4_Digital_Validation_Dashboard.xlsx","23458","E774241D671B3CACA236EEB3C9BF9237831D7073E03103E5815B4CDE67AD98C3","FINAL OUTPUT","AUTHORITATIVE_FINAL"
"01_FINAL_R4_DATASET/README_FINAL_DATASET.md","README_FINAL_DATASET.md","3189","CAF1994D82150916267EE7A321B44B4CD42CB75E6A15AB933C4723E50F85790F","PACKAGE_DOCUMENTATION","AUTHORITATIVE_FINAL"
"02_EXECUTIVE_REPORTS/R4_DIGITAL_VALIDATION_MEMO.pdf","R4_DIGITAL_VALIDATION_MEMO.pdf","189304","616702A32AFFBFB1D4C828DC4FD2CC536E3307562E69227BADC52F222B29EAF9","FINAL OUTPUT","AUTHORITATIVE_FINAL"
"02_EXECUTIVE_REPORTS/R4_DIGITAL_VALIDATION_MEMO_FOR_DAVID.md","R4_DIGITAL_VALIDATION_MEMO_FOR_DAVID.md","18604","E7E20DBE15A2F90BF79BCEBF9E7A4FD673A0C09FE23E7904B21CB82E8AB35CFE","FINAL OUTPUT","AUTHORITATIVE_FINAL"
"02_EXECUTIVE_REPORTS/R4_EMAIL_TO_DAVID_DRAFT.md","R4_EMAIL_TO_DAVID_DRAFT.md","4387","DDC31C4BBBBD7FB798E08915DC32D0B58F64A51EE8A121C630F923A9D6E9BC9B","FINAL OUTPUT","AUTHORITATIVE_FINAL"
"02_EXECUTIVE_REPORTS/README_EXECUTIVE_REPORTS.md","README_EXECUTIVE_REPORTS.md","1609","8A99188D46AB3920649D638E859CA477A9C3A4145919DA65308B85746DFC1194","PACKAGE_DOCUMENTATION","AUTHORITATIVE_FINAL"
"03_SOURCE_DATA_AND_CORPUS/R4_1_METHOD_NOTE.md","R4_1_METHOD_NOTE.md","2007","F940285E4B1751CED49C1BF53DA1B6E24C842FC158C62BF8AB7F2FED74AD60F7","HUMAN EVIDENCE","SUPPORTING_EVIDENCE"
"03_SOURCE_DATA_AND_CORPUS/R4_ARTICLE_INDEX.csv","R4_ARTICLE_INDEX.csv","42895","DCF4ED4D95194D8CE302AAD721555C74DA4710BFE8FA88E438708379B89C21D6","SOURCE DATA","SUPPORTING_EVIDENCE"
"03_SOURCE_DATA_AND_CORPUS/R4_DIGITAL_CORPUS_REGISTER.csv","R4_DIGITAL_CORPUS_REGISTER.csv","3612","8E835E19AC95E9CDB755F607D91A145EC16428B633AC935DC687667925F074E1","SOURCE DATA","AUTHORITATIVE_SOURCE"
"03_SOURCE_DATA_AND_CORPUS/R4_LEGAL_CORPUS_VALIDATION_REPORT.md","R4_LEGAL_CORPUS_VALIDATION_REPORT.md","3780","E8D26EC07BF76D88EBC65F52D58D2747245D4E94075B97150B8E754ACC2E0933","QA","SUPPORTING_EVIDENCE"
"03_SOURCE_DATA_AND_CORPUS/R4_LEGAL_STRUCTURE_INDEX.csv","R4_LEGAL_STRUCTURE_INDEX.csv","169820","042D4D722947DA0F1F885D98701F4142F5B57E4C57DB6B03614E14FA57AF0DF0","SOURCE DATA","AUTHORITATIVE_SOURCE"
"03_SOURCE_DATA_AND_CORPUS/R4_LEGAL_STRUCTURE_QC.csv","R4_LEGAL_STRUCTURE_QC.csv","907","8ACD2DC081110B268B46A11BEE7E924083BB0B05AD101F6139F1CA426D4D15FD","QA","SUPPORTING_EVIDENCE"
"03_SOURCE_DATA_AND_CORPUS/R4_LEGAL_TEXT_PROVENANCE.csv","R4_LEGAL_TEXT_PROVENANCE.csv","2611","25A4A3143825E593288335887D89AB24F774F8E5B4B179B3990DE5579E971C1E","PROVENANCE","AUTHORITATIVE_SOURCE"
"03_SOURCE_DATA_AND_CORPUS/R4_STRUCTURAL_EXTRACTION.csv","R4_STRUCTURAL_EXTRACTION.csv","1991025","45F1C05CC9D856CB71384FCEB50EB109A0E1144CABCD7F6EAD0DC5297942C8F6","SOURCE DATA","AUTHORITATIVE_SOURCE"
"03_SOURCE_DATA_AND_CORPUS/README_SOURCE_DATA.md","README_SOURCE_DATA.md","1749","7075066940349A9D342E057FE6A0CCF27D39784F27766653B90740386A2E19AA","PACKAGE_DOCUMENTATION","AUTHORITATIVE_FINAL"
"03_SOURCE_DATA_AND_CORPUS/source_metadata/D1_GDPR_metadata.json","D1_GDPR_metadata.json","1551","02962D37D31C37DE36200CE8197D438FDEB80FAA8B70687019DE82FCFB69CA4B","PROVENANCE","AUTHORITATIVE_SOURCE"
"03_SOURCE_DATA_AND_CORPUS/source_metadata/D1_GDPR_structural_validation.json","D1_GDPR_structural_validation.json","568","7A41ACB5E60E0E107E581C0DF9F309DAD7812F02F7A5927F9E3E470609A00065","QA","SUPPORTING_EVIDENCE"
"03_SOURCE_DATA_AND_CORPUS/source_metadata/D2_DSA_metadata.json","D2_DSA_metadata.json","1547","9BDB32133CF7626FE745ED859491B2443362C9404210213FD537BC1524E822B9","PROVENANCE","AUTHORITATIVE_SOURCE"
"03_SOURCE_DATA_AND_CORPUS/source_metadata/D2_DSA_structural_validation.json","D2_DSA_structural_validation.json","566","9880E66AF5D13868F41FCFC637701F3D31D141A95FBD7839FEA091C692E2C62C","QA","SUPPORTING_EVIDENCE"
"03_SOURCE_DATA_AND_CORPUS/source_metadata/D3_AI_ACT_metadata.json","D3_AI_ACT_metadata.json","1563","CE0C73256AB41396C69396FDB31818EAE6D870966D03A401F49F888DC585D15E","PROVENANCE","AUTHORITATIVE_SOURCE"
"03_SOURCE_DATA_AND_CORPUS/source_metadata/D3_AI_ACT_structural_validation.json","D3_AI_ACT_structural_validation.json","573","7739B9C20833F8FB128B06D0C552D99BAF1A1A56EBEB3C89E1F01050C58BC2E8","QA","SUPPORTING_EVIDENCE"
"04_R4_2_STRUCTURAL_EXTRACTION/R4_2_AI_EXTRACTION_RUN_SUMMARY.csv","R4_2_AI_EXTRACTION_RUN_SUMMARY.csv","1469","5973697549F2FD314B9368AC315FB8A50C2ACD345B7B1EB2CC03DDC6E101F442","MODEL OUTPUT","SUPPORTING_EVIDENCE"
"04_R4_2_STRUCTURAL_EXTRACTION/R4_2_HUMAN_QA_SAMPLE.csv","R4_2_HUMAN_QA_SAMPLE.csv","11436","2580BC6553BBC7059448735DAB944CC45C83A1345BD0046112242E417A3421C1","MODEL OUTPUT","SUPPORTING_EVIDENCE"
"04_R4_2_STRUCTURAL_EXTRACTION/R4_2_METHOD_NOTE.md","R4_2_METHOD_NOTE.md","5503","5C74462C8CD31C58D31B807FB7C21A545F02C18F27D1359CD8EC2604B4589BA6","HUMAN EVIDENCE","SUPPORTING_EVIDENCE"
"04_R4_2_STRUCTURAL_EXTRACTION/R4_2_SOURCE_COVERAGE_REPORT.csv","R4_2_SOURCE_COVERAGE_REPORT.csv","556","B50222817C11692A348BA23851B61E437E3DBF5F040BCA9705A20A56454EADD5","MODEL OUTPUT","SUPPORTING_EVIDENCE"
"04_R4_2_STRUCTURAL_EXTRACTION/R4_CROSS_REFERENCE_REGISTER.csv","R4_CROSS_REFERENCE_REGISTER.csv","228613","16CE7E65DBFDAC9299A2CA99ACB3DA5E17A25EBA40D4737CF2D75A672749267F","MODEL OUTPUT","SUPPORTING_EVIDENCE"
"04_R4_2_STRUCTURAL_EXTRACTION/R4_DIGITAL_ACTOR_CANDIDATE_REGISTER.csv","R4_DIGITAL_ACTOR_CANDIDATE_REGISTER.csv","144162","E20E765FA1AB04992423D246539E776550A17C53369750CC9029203331F6A0AD","MODEL OUTPUT","SUPPORTING_EVIDENCE"
"04_R4_2_STRUCTURAL_EXTRACTION/R4_LEGAL_ACTION_REGISTER.csv","R4_LEGAL_ACTION_REGISTER.csv","442178","E42557FD8503C3EC760201A4B98264C88CBC762BCA040BEEF3AC2CB7AA7A5256","MODEL OUTPUT","SUPPORTING_EVIDENCE"
"04_R4_2_STRUCTURAL_EXTRACTION/R4_LEGAL_DEFINITION_REGISTER.csv","R4_LEGAL_DEFINITION_REGISTER.csv","23689","9D653F051E156717A7EF5ECA7123C2B46D3EBF2023F81879F660848F3CDF137E","MODEL OUTPUT","SUPPORTING_EVIDENCE"
"04_R4_2_STRUCTURAL_EXTRACTION/R4_STRUCTURAL_AMBIGUITY_LOG.csv","R4_STRUCTURAL_AMBIGUITY_LOG.csv","660957","D01DBB7CC10152F44738167719DC1A2956DF3AD86113EFF135050E728C69E2AE","MODEL OUTPUT","SUPPORTING_EVIDENCE"
"04_R4_2_STRUCTURAL_EXTRACTION/README_R4_2_EXTRACTION.md","README_R4_2_EXTRACTION.md","1498","62B20EC63BC1E29F37A39D419DC83F105EE574AAB8256BA0CBA899D4230DC5FA","PACKAGE_DOCUMENTATION","AUTHORITATIVE_FINAL"
"05_QA_AND_HUMAN_ADJUDICATION/R4_2B_AMBIGUITY_TYPOLOGY.csv","R4_2B_AMBIGUITY_TYPOLOGY.csv","234940","D1D16C7A069E305CEB7EA3A35FF1715C51E72B5D8D184121FCBDF0C107FAEF1B","QA","SUPPORTING_EVIDENCE"
"05_QA_AND_HUMAN_ADJUDICATION/R4_2B_CONFIDENCE_CALIBRATION.csv","R4_2B_CONFIDENCE_CALIBRATION.csv","618","CF58AEE89C667FBD7F1B4A19C6784EDDEFA03689A25E44DDA3186C041C8BBEA7","QA","SUPPORTING_EVIDENCE"
"05_QA_AND_HUMAN_ADJUDICATION/R4_2B_EXTRACTION_CORRECTION_REGISTER.csv","R4_2B_EXTRACTION_CORRECTION_REGISTER.csv","138","6F8A5D44D4F2105742332671A6BFEB3D073031AC12E0D81E8F0EC7383C81D9C9","QA","SUPPORTING_EVIDENCE"
"05_QA_AND_HUMAN_ADJUDICATION/R4_2B_HUMAN_CALIBRATION_SEED_V1.csv","R4_2B_HUMAN_CALIBRATION_SEED_V1.csv","3420","8A47955D8D03F4B49FDAADF094DB8A2F6329F53C8F53EF287EFF5C6B71259C6F","HUMAN EVIDENCE","SUPPORTING_EVIDENCE"
"05_QA_AND_HUMAN_ADJUDICATION/R4_2B_HUMAN_DECISION_REGISTER.csv","R4_2B_HUMAN_DECISION_REGISTER.csv","3102","9C028475875BA32D330562029312AB42435E6C052A0CCAEB9D260556050F9C99","HUMAN EVIDENCE","SUPPORTING_EVIDENCE"
"05_QA_AND_HUMAN_ADJUDICATION/R4_2B_HUMAN_QA_SAMPLE.csv","R4_2B_HUMAN_QA_SAMPLE.csv","104247","C80E20BA6EC382014CD4B5E07281E3C430E0B8D9E509F6462A25275CCE910709","QA","SUPPORTING_EVIDENCE"
"05_QA_AND_HUMAN_ADJUDICATION/R4_2B_HUMAN_REVIEW_SOURCE_MANIFEST.csv","R4_2B_HUMAN_REVIEW_SOURCE_MANIFEST.csv","542","A7C6B6BBA7EE9E3A2D445C31B4267688E37AC250B30B8BF8DB6E4810025E1E5A","PROVENANCE","SUPPORTING_EVIDENCE"
"05_QA_AND_HUMAN_ADJUDICATION/R4_2B_LUNA_EXTRACTION_FREEZE_MANIFEST.csv","R4_2B_LUNA_EXTRACTION_FREEZE_MANIFEST.csv","1551","D2B2B06938E1567FFB287DCBB51C821C30E64436BBC0DC2BB99F1630CB003724","FREEZE/INTEGRITY","SUPPORTING_EVIDENCE"
"05_QA_AND_HUMAN_ADJUDICATION/R4_2B_QA_METRICS.csv","R4_2B_QA_METRICS.csv","4280","3EF03AF0F6AB340AC50A8802AC14AB948BB2C0AD5F6BBA398BDB0FBC676A904E","QA","SUPPORTING_EVIDENCE"
"05_QA_AND_HUMAN_ADJUDICATION/R4_2B_QA_REPORT.md","R4_2B_QA_REPORT.md","6841","335F3D0DECCAF5ED967BCDEBD56D2A27BEA45580DBEDDDF674335F39E3041B42","QA","SUPPORTING_EVIDENCE"
"05_QA_AND_HUMAN_ADJUDICATION/R4_2B_SYSTEMATIC_ERROR_AUDIT.csv","R4_2B_SYSTEMATIC_ERROR_AUDIT.csv","2349","C1EC0373B8D316304A5227BDBB4BC38A978E70365CFC80246D288526C309CABB","QA","SUPPORTING_EVIDENCE"
"05_QA_AND_HUMAN_ADJUDICATION/R4_2B_SYSTEMATIC_ERROR_AUDIT_UPDATED.csv","R4_2B_SYSTEMATIC_ERROR_AUDIT_UPDATED.csv","2349","C1EC0373B8D316304A5227BDBB4BC38A978E70365CFC80246D288526C309CABB","QA","SUPPORTING_EVIDENCE"
"05_QA_AND_HUMAN_ADJUDICATION/R4_2C_HISTORICAL_OUTPUT_PRESERVATION_MANIFEST.csv","R4_2C_HISTORICAL_OUTPUT_PRESERVATION_MANIFEST.csv","2166","E827E281F1A8E76F79FDF80FA035C1BE075BB1C8B4E3F517565ED916307FE6B2","FREEZE/INTEGRITY","SUPPORTING_EVIDENCE"
"05_QA_AND_HUMAN_ADJUDICATION/R4_2C_LUNA_SELFREVIEW_TERRA_COMPARISON.csv","R4_2C_LUNA_SELFREVIEW_TERRA_COMPARISON.csv","28607","E6C0C668E6AEAD6ED77711DB650B9E92D66661BC87E53A70C000AE05DBEC5CC0","MODEL OUTPUT","SUPPORTING_EVIDENCE"
"05_QA_AND_HUMAN_ADJUDICATION/R4_2C_LUNA_TERRA_QA_COMPARISON.csv","R4_2C_LUNA_TERRA_QA_COMPARISON.csv","15229","F6B81B2C81A388D3DF33FD11CB442D49FDCA3FCE35A9910381AD3F1D6216BB97","MODEL OUTPUT","SUPPORTING_EVIDENCE"
"05_QA_AND_HUMAN_ADJUDICATION/R4_2C_MODEL_PROVENANCE_CORRECTION.md","R4_2C_MODEL_PROVENANCE_CORRECTION.md","1198","F9C1B88B358D2E9BD1F0DB028A8087BE2658C95FFA6575854C6D825DC2869CAD","PROVENANCE","SUPPORTING_EVIDENCE"
"05_QA_AND_HUMAN_ADJUDICATION/R4_2C_OUTPUT_RECLASSIFICATION.csv","R4_2C_OUTPUT_RECLASSIFICATION.csv","1940","5FEF5B05B343255636E6F3F50F5634C162C14329C5813FD144C041DD0145B682","PROVENANCE","SUPPORTING_EVIDENCE"
"05_QA_AND_HUMAN_ADJUDICATION/R4_2C_R_PATTERN_CONFIRMATION.csv","R4_2C_R_PATTERN_CONFIRMATION.csv","381","F0F94FA31992D1ED6C07D93C7B35A836CD594B12142F3B474C0D0210CB65D2A4","MODEL OUTPUT","SUPPORTING_EVIDENCE"
"05_QA_AND_HUMAN_ADJUDICATION/R4_2C_R_TRUE_TERRA_CALIBRATION_REPORT.md","R4_2C_R_TRUE_TERRA_CALIBRATION_REPORT.md","3065","6A6B999E03CAD63192296FB9BA775C9B35F44035D562AB121527BCBAD59CFA1C","QA","SUPPORTING_EVIDENCE"
"05_QA_AND_HUMAN_ADJUDICATION/R4_2C_TARGETED_HUMAN_REVIEW_QUEUE.csv","R4_2C_TARGETED_HUMAN_REVIEW_QUEUE.csv","21139","889CE2ED2A368A3EE64A83163D0590603460F31F1B67158751234D1A85681BC8","HUMAN EVIDENCE","SUPPORTING_EVIDENCE"
"05_QA_AND_HUMAN_ADJUDICATION/R4_2C_TARGETED_HUMAN_REVIEW_QUEUE_V2.csv","R4_2C_TARGETED_HUMAN_REVIEW_QUEUE_V2.csv","23019","39704D7394618D1BB7082E0A79AE8FC463D519207520484F392A1375644A0756","HUMAN EVIDENCE","SUPPORTING_EVIDENCE"
"05_QA_AND_HUMAN_ADJUDICATION/R4_2C_TERRA_BLIND_INPUT_V2.csv","R4_2C_TERRA_BLIND_INPUT_V2.csv","286598","86B8BF725A86FF4DF003952101B14171C735388B0CFCB119E2B289603AA90631","MODEL OUTPUT","SUPPORTING_EVIDENCE"
"05_QA_AND_HUMAN_ADJUDICATION/R4_2C_TERRA_CALIBRATED_REVIEW.csv","R4_2C_TERRA_CALIBRATED_REVIEW.csv","40432","5104298A07DDC1C1BBB5A4E5344CBCAEAA3F4A175A36F23A63D74706309ACFFC","MODEL OUTPUT","SUPPORTING_EVIDENCE"
"05_QA_AND_HUMAN_ADJUDICATION/R4_2C_TERRA_CALIBRATION_AND_CLOSURE_REPORT.md","R4_2C_TERRA_CALIBRATION_AND_CLOSURE_REPORT.md","4864","6FEDFECE33F0639F88C1BAB9A263932480878EE1A5B07AAD8E654DB6EE27AA30","QA","SUPPORTING_EVIDENCE"
"05_QA_AND_HUMAN_ADJUDICATION/R4_2C_TERRA_INDEPENDENT_CALIBRATED_REVIEW_V2.csv","R4_2C_TERRA_INDEPENDENT_CALIBRATED_REVIEW_V2.csv","37355","D4D1C2B6ADA3EAB99DBAE6147F3B1E9BA1EF1C9C0AF04B62F447117DFB9813B7","MODEL OUTPUT","SUPPORTING_EVIDENCE"
"05_QA_AND_HUMAN_ADJUDICATION/R4_2C_TERRA_INDEPENDENT_REVIEW_V2_FREEZE_MANIFEST.csv","R4_2C_TERRA_INDEPENDENT_REVIEW_V2_FREEZE_MANIFEST.csv","557","152CA6F2311E9C9CBB9300F019497F959AFC05391724C0859E69740DF2F3D78A","FREEZE/INTEGRITY","SUPPORTING_EVIDENCE"
"05_QA_AND_HUMAN_ADJUDICATION/R4_2_FINAL_CHECKPOINT.md","R4_2_FINAL_CHECKPOINT.md","748","36DD092DD9864DC14F2EE6520BF951CF589E673F039916BF6EFAEDDE581D5263","HUMAN EVIDENCE","SUPPORTING_EVIDENCE"
"05_QA_AND_HUMAN_ADJUDICATION/R4_STRUCTURAL_EXTRACTION_QA_CALIBRATED.csv","R4_STRUCTURAL_EXTRACTION_QA_CALIBRATED.csv","2094497","164FA4F31DE5910B662601F22018A786210BD4DFE6E2620D173DE19FEAE89453","QA","SUPPORTING_EVIDENCE"
"05_QA_AND_HUMAN_ADJUDICATION/README_QA_HUMAN.md","README_QA_HUMAN.md","2583","82DD8775E35F6E2289DA91F8D4DC43F3A797D5246749A595938B308B09722D74","PACKAGE_DOCUMENTATION","AUTHORITATIVE_FINAL"
"05_QA_AND_HUMAN_ADJUDICATION/human_review_interface/R4_2B_HUMAN_REVIEW_PANEL.html","R4_2B_HUMAN_REVIEW_PANEL.html","590200","A630408C55EABEF4AD9AFDFF78B9D36B805E3AF5015FED851B1022A70C229FC0","HUMAN EVIDENCE","SUPPORTING_EVIDENCE"
"05_QA_AND_HUMAN_ADJUDICATION/human_review_interface/R4_2B_HUMAN_REVIEW_WORKING.csv","R4_2B_HUMAN_REVIEW_WORKING.csv","511429","788B8C8309663F1ED8564076364DC8C9044CC100108ED0091AE781E634C4C5A9","HUMAN EVIDENCE","SUPPORTING_EVIDENCE"
"05_QA_AND_HUMAN_ADJUDICATION/human_review_interface/README_HUMAN_REVIEW.md","README_HUMAN_REVIEW.md","1390","3F2C1C9DB5BBEA769E9103B1D25CCA76AB3B0445AF42CD3AED7EC5CD25CDAC70","HUMAN EVIDENCE","SUPPORTING_EVIDENCE"
"05_QA_AND_HUMAN_ADJUDICATION/r4_2c_working_copies/R4_2C_LUNA_TERRA_QA_COMPARISON.csv","R4_2C_LUNA_TERRA_QA_COMPARISON.csv","15429","7B3A4A8AE3694F05C7F5F8C5E5EFF57B44EA688FD74505C0C8663ED72F62C125","MODEL OUTPUT","SUPPORTING_EVIDENCE"
"05_QA_AND_HUMAN_ADJUDICATION/r4_2c_working_copies/R4_2C_TARGETED_HUMAN_REVIEW_QUEUE.csv","R4_2C_TARGETED_HUMAN_REVIEW_QUEUE.csv","21959","8EC4ED618F68E55C2AE4EF5EC87BD598F5382187EB6BEF00AD2C72A0DE1F7031","MODEL OUTPUT","SUPPORTING_EVIDENCE"
"05_QA_AND_HUMAN_ADJUDICATION/r4_2c_working_copies/R4_2C_TERRA_CALIBRATED_REVIEW.csv","R4_2C_TERRA_CALIBRATED_REVIEW.csv","41509","0370B2991CF298DFFD4134C68EBCEF072A84C4C2EA6AD6568B6D978F9E711893","MODEL OUTPUT","SUPPORTING_EVIDENCE"
"05_QA_AND_HUMAN_ADJUDICATION/r4_2c_working_copies/R4_2C_TERRA_CALIBRATION_AND_CLOSURE_REPORT.md","R4_2C_TERRA_CALIBRATION_AND_CLOSURE_REPORT.md","4827","A228F4726B238501C60CF902135B3E37F9E94D38791754F47AB1677348542781","MODEL OUTPUT","SUPPORTING_EVIDENCE"
"05_QA_AND_HUMAN_ADJUDICATION/r4_2c_working_copies/R4_2_FINAL_CHECKPOINT.md","R4_2_FINAL_CHECKPOINT.md","726","EB227EA5ECD08176F83C307E5C1B5D220E087E58932F5CF54F900603A1F5F161","MODEL OUTPUT","SUPPORTING_EVIDENCE"
"05_QA_AND_HUMAN_ADJUDICATION/r4_2c_working_copies/R4_STRUCTURAL_EXTRACTION_QA_CALIBRATED.csv","R4_STRUCTURAL_EXTRACTION_QA_CALIBRATED.csv","2095286","B72AA1E4214F94F6F77F258300D951C0596FDE0962D2A563EF568CAAC0597EAD","MODEL OUTPUT","SUPPORTING_EVIDENCE"
"05_QA_AND_HUMAN_ADJUDICATION/R4_2D_human_diagnostic/R4_2D_CROSS_MODEL_DIAGNOSTIC_SAMPLE.csv","R4_2D_CROSS_MODEL_DIAGNOSTIC_SAMPLE.csv","68322","A3503D8B8F1879071C401946A867B8EAA6A6323FCD89A715FF5B02A18130B718","QA","SUPPORTING_EVIDENCE"
"05_QA_AND_HUMAN_ADJUDICATION/R4_2D_human_diagnostic/R4_2D_HUMAN_DIAGNOSTIC_COMPLETED.csv","R4_2D_HUMAN_DIAGNOSTIC_COMPLETED.csv","82482","CB5178FEE6A3C7739C434DA56FCF2970DFD355E4CD64D086B8EFA6CA5B48883E","HUMAN EVIDENCE","SUPPORTING_EVIDENCE"
"05_QA_AND_HUMAN_ADJUDICATION/R4_2D_human_diagnostic/R4_2D_HUMAN_DIAGNOSTIC_PANEL.html","R4_2D_HUMAN_DIAGNOSTIC_PANEL.html","87335","458B9E1588510FC49CCA1E3A88CA89545609563BFFF053F819527AAFC211A715","HUMAN EVIDENCE","SUPPORTING_EVIDENCE"
"05_QA_AND_HUMAN_ADJUDICATION/R4_2D_human_diagnostic/R4_2D_HUMAN_DIAGNOSTIC_REPORT.md","R4_2D_HUMAN_DIAGNOSTIC_REPORT.md","4935","50EEFB95087550E5ADA620B23C7DC783FDC4E4867C10B153932BFDBBAF9B921B","HUMAN EVIDENCE","SUPPORTING_EVIDENCE"
"05_QA_AND_HUMAN_ADJUDICATION/R4_2D_human_diagnostic/R4_2D_HUMAN_DIAGNOSTIC_RULE_CANDIDATES.md","R4_2D_HUMAN_DIAGNOSTIC_RULE_CANDIDATES.md","3196","FDCB6FBBF4963870FEC6159DB32F2E785B93178530E6583B700F810C10F12D59","HUMAN EVIDENCE","SUPPORTING_EVIDENCE"
"05_QA_AND_HUMAN_ADJUDICATION/R4_2D_human_diagnostic/R4_2D_HUMAN_DIAGNOSTIC_SUMMARY.csv","R4_2D_HUMAN_DIAGNOSTIC_SUMMARY.csv","2917","8521F696D6B7D6FC3A954A7F25BE5F228D2E88B32612FB3A5F308E9F0D08370C","HUMAN EVIDENCE","SUPPORTING_EVIDENCE"
"05_QA_AND_HUMAN_ADJUDICATION/R4_2D_human_diagnostic/README_R4_2D_HUMAN_DIAGNOSTIC.md","README_R4_2D_HUMAN_DIAGNOSTIC.md","1078","0E20B712ADAE67006DF8837BE8DD9180AB90BFC11046397A27FB0195EA3CCE83","HUMAN EVIDENCE","SUPPORTING_EVIDENCE"
"06_REPAIR_TRIAGE_AND_COMPRESSION/README_REPAIR_TRIAGE.md","README_REPAIR_TRIAGE.md","2065","02F630851D93CEDF3BC521F85F0BCF1BD25A10058A4EE4E80F83F850436AF8A6","PACKAGE_DOCUMENTATION","AUTHORITATIVE_FINAL"
"06_REPAIR_TRIAGE_AND_COMPRESSION/R4_2E_A_triage/R4_2E_A_ACTOR_ACTION_REPAIR_AUDIT.csv","R4_2E_A_ACTOR_ACTION_REPAIR_AUDIT.csv","309663","B65AB09D6ABEE0845B2CAACD611A0C022EE87130E72A958DE383319847442626","MODEL OUTPUT","SUPPORTING_EVIDENCE"
"06_REPAIR_TRIAGE_AND_COMPRESSION/R4_2E_A_triage/R4_2E_A_COUNTERPART_RECIPIENT_BURDEN_AUDIT.csv","R4_2E_A_COUNTERPART_RECIPIENT_BURDEN_AUDIT.csv","291810","808BDB8FA69655E01FFCEF34296CD50204EB475FF83135DFFAB2BA022EFDD255","MODEL OUTPUT","SUPPORTING_EVIDENCE"
"06_REPAIR_TRIAGE_AND_COMPRESSION/R4_2E_A_triage/R4_2E_A_HUMAN_CASE_RULE_REDISCOVERY.csv","R4_2E_A_HUMAN_CASE_RULE_REDISCOVERY.csv","4938","3056073F3E72DBCFB885EDEC5FDE086CD41E2CDF486374DBA412E54EE1594F33","MODEL OUTPUT","SUPPORTING_EVIDENCE"
"06_REPAIR_TRIAGE_AND_COMPRESSION/R4_2E_A_triage/R4_2E_A_METHOD_REPORT.md","R4_2E_A_METHOD_REPORT.md","6946","B3679193F5A7479D4B3712334DBACA2F6E1F55720A3D8E156900BEC6810B882F","QA","SUPPORTING_EVIDENCE"
"06_REPAIR_TRIAGE_AND_COMPRESSION/R4_2E_A_triage/R4_2E_A_NEW_RULE_CANDIDATES.csv","R4_2E_A_NEW_RULE_CANDIDATES.csv","150","30C9EA66BB78CD144184DA83ED6AA1C50F8167BD5F79AC3E3A2DC3A7EB9546A0","MODEL OUTPUT","SUPPORTING_EVIDENCE"
"06_REPAIR_TRIAGE_AND_COMPRESSION/R4_2E_A_triage/R4_2E_A_REPAIR_CANDIDATE_REGISTER.csv","R4_2E_A_REPAIR_CANDIDATE_REGISTER.csv","1471395","A317A82B70DF009FE9EF2C56399F6FBACA70F30BA60BAE46F5E4D6431030F03D","MODEL OUTPUT","SUPPORTING_EVIDENCE"
"06_REPAIR_TRIAGE_AND_COMPRESSION/R4_2E_A_triage/R4_2E_A_REPAIR_CANDIDATE_SUMMARY.csv","R4_2E_A_REPAIR_CANDIDATE_SUMMARY.csv","9865","6198C9CC2123E87D138EF3B79B0F8A7C9111A32851D2DCFE10B44C1D8E1AE600","MODEL OUTPUT","SUPPORTING_EVIDENCE"
"06_REPAIR_TRIAGE_AND_COMPRESSION/R4_2E_B0_compression/R4_2E_B0_COMPRESSION_SUMMARY.csv","R4_2E_B0_COMPRESSION_SUMMARY.csv","5281","48BA8FACF0050B6C94018A26CA3BE4977E94A1E2F7596078766C2AD658916F90","MODEL OUTPUT","SUPPORTING_EVIDENCE"
"06_REPAIR_TRIAGE_AND_COMPRESSION/R4_2E_B0_compression/R4_2E_B0_FREEZE_RECORD.md","R4_2E_B0_FREEZE_RECORD.md","4374","45A8A6B755B244EAAD6F17468D68C57E086FE459FC2F7D7FAB858CD12293C0EF","QA","SUPPORTING_EVIDENCE"
"06_REPAIR_TRIAGE_AND_COMPRESSION/R4_2E_B0_compression/R4_2E_B0_HEURISTIC_BLIND_SPOTS.md","R4_2E_B0_HEURISTIC_BLIND_SPOTS.md","2571","E83C3F0012EDE2C97216912D547EFD5DF6FD31A0590B327CB5AC042633D30D82","QA","SUPPORTING_EVIDENCE"
"06_REPAIR_TRIAGE_AND_COMPRESSION/R4_2E_B0_compression/R4_2E_B0_METHOD_REPORT.md","R4_2E_B0_METHOD_REPORT.md","6159","0AB433E60864CC610C28C9F40FC06C89DB280325F11E5D8B55A973B88C987531","QA","SUPPORTING_EVIDENCE"
"06_REPAIR_TRIAGE_AND_COMPRESSION/R4_2E_B0_compression/R4_2E_B0_MODEL_REPRESENTATIVE_SAMPLE.csv","R4_2E_B0_MODEL_REPRESENTATIVE_SAMPLE.csv","130916","D70567AD3FBA838775D4DB541F15A53207B7AD81C5B54E2DD23C985C569F8D39","MODEL OUTPUT","SUPPORTING_EVIDENCE"
"06_REPAIR_TRIAGE_AND_COMPRESSION/R4_2E_B0_compression/R4_2E_B0_NEW_DETECTION_RULE_CANDIDATES.csv","R4_2E_B0_NEW_DETECTION_RULE_CANDIDATES.csv","442","3D51E4E6326B5574FD5697F6DA55BA38E4987C5B05F1E6BD0B2D4180EBBE8454","MODEL OUTPUT","SUPPORTING_EVIDENCE"
"06_REPAIR_TRIAGE_AND_COMPRESSION/R4_2E_B0_compression/R4_2E_B0_OBJECT_TRIGGER_TYPOLOGY.csv","R4_2E_B0_OBJECT_TRIGGER_TYPOLOGY.csv","306935","7B1E046F1865F0F9917DEF500B29354B034ABB864C936306BFE931F96A1685BC","MODEL OUTPUT","SUPPORTING_EVIDENCE"
"06_REPAIR_TRIAGE_AND_COMPRESSION/R4_2E_B0_compression/R4_2E_B0_RELATIONAL_FIELD_STRATEGY.md","R4_2E_B0_RELATIONAL_FIELD_STRATEGY.md","1283","CB042F1CF600A82BDB42B4A3E0E77CE48E05B8738C4CF4A55488A1C15FD9CE04","QA","SUPPORTING_EVIDENCE"
"06_REPAIR_TRIAGE_AND_COMPRESSION/R4_2E_B0_compression/R4_2E_B0_REPAIR_FAMILY_REGISTER.csv","R4_2E_B0_REPAIR_FAMILY_REGISTER.csv","113592","E2DA618AF06B213572F3A7FBE68F203BF554825BE931319EFBDCFADEC6443991","MODEL OUTPUT","SUPPORTING_EVIDENCE"
"06_REPAIR_TRIAGE_AND_COMPRESSION/R4_2E_B0_compression/R4_2E_B0_REPAIR_SIGNATURE_REGISTER.csv","R4_2E_B0_REPAIR_SIGNATURE_REGISTER.csv","968166","CCA536A7A5D8F270FC8234195540B8D6B25212940F85F9BD5498A228A104DA84","MODEL OUTPUT","SUPPORTING_EVIDENCE"
"07_ADVANCED_VALIDATION_B1/README_ADVANCED_VALIDATION.md","README_ADVANCED_VALIDATION.md","2550","64F43E4C9DB224C2094604CE785C9F491FC66FE247A588FFC1DD20B1DDDF91CC","PACKAGE_DOCUMENTATION","AUTHORITATIVE_FINAL"
"07_ADVANCED_VALIDATION_B1/batch_outputs/R4_2E_B1_ADVANCED_VALIDATION.csv","R4_2E_B1_ADVANCED_VALIDATION.csv","34980","1D03CD4514CF08D80963985470DDF4B509AA30049C69F2C58C302FC03415D4EC","MODEL OUTPUT","AUTHORITATIVE_SOURCE"
"07_ADVANCED_VALIDATION_B1/batch_outputs/R4_2E_B1_ADVANCED_VALIDATION_B1_02.csv","R4_2E_B1_ADVANCED_VALIDATION_B1_02.csv","29710","CDC843471CDD0A20D5838936D3F106740CDE203B42F3BCCCE4D1C04CED9F7D3C","MODEL OUTPUT","AUTHORITATIVE_SOURCE"
"07_ADVANCED_VALIDATION_B1/batch_outputs/R4_2E_B1_ADVANCED_VALIDATION_B1_03.csv","R4_2E_B1_ADVANCED_VALIDATION_B1_03.csv","35152","FA82AAC4924FA82C1BC0BF8F181D734C73F61A3E1B9B24C1F35CDE552F6E497F","MODEL OUTPUT","AUTHORITATIVE_SOURCE"
"07_ADVANCED_VALIDATION_B1/batch_outputs/R4_2E_B1_ADVANCED_VALIDATION_B1_04.csv","R4_2E_B1_ADVANCED_VALIDATION_B1_04.csv","44125","253D80E305A21444343B5A5893AC5A4871FB415E561BA802E957CE94435A5BD1","MODEL OUTPUT","AUTHORITATIVE_SOURCE"
"07_ADVANCED_VALIDATION_B1/combined_reports/R4_2E_B1_BATCH_RUN_LOG.csv","R4_2E_B1_BATCH_RUN_LOG.csv","2098","D108968B95EA4336C26D65EFF9111F92665874C1056E10596B17CA9FE462E4BF","MODEL OUTPUT","SUPPORTING_EVIDENCE"
"07_ADVANCED_VALIDATION_B1/combined_reports/R4_2E_B1_FAMILY_TEMPLATE_VALIDATION.csv","R4_2E_B1_FAMILY_TEMPLATE_VALIDATION.csv","10896","76D3B177E602471F03E402B9131968C694D02DA97F94AAFB5119B5DC67E6D067","MODEL OUTPUT","SUPPORTING_EVIDENCE"
"07_ADVANCED_VALIDATION_B1/combined_reports/R4_2E_B1_FINAL_SUMMARY.csv","R4_2E_B1_FINAL_SUMMARY.csv","2813","9409C101CFB41FB14B910DB363FDC5704F2DD2F60798271314909B218DB0C609","MODEL OUTPUT","SUPPORTING_EVIDENCE"
"07_ADVANCED_VALIDATION_B1/combined_reports/R4_2E_B1_HANDOFF_STATE.md","R4_2E_B1_HANDOFF_STATE.md","9106","3B41C4FDFCD3821841B4BA01DF9B76E2BB06972CDAB7681716B1BB4AAEF5E06E","FREEZE/INTEGRITY","SUPPORTING_EVIDENCE"
"07_ADVANCED_VALIDATION_B1/combined_reports/R4_2E_B1_INDIVIDUAL_CASE_DECISIONS.csv","R4_2E_B1_INDIVIDUAL_CASE_DECISIONS.csv","7343","E28A912A6CC596E092E149122DFCD6DB34F56397DD52CF2E3986FA0BF081982A","MODEL OUTPUT","SUPPORTING_EVIDENCE"
"07_ADVANCED_VALIDATION_B1/combined_reports/R4_2E_B1_METHOD_REPORT.md","R4_2E_B1_METHOD_REPORT.md","18497","9F96852E280A521E7BA0924B04CEA0711FF888EBA9BB6F10D215EC9DB3EC965D","FREEZE/INTEGRITY","SUPPORTING_EVIDENCE"
"07_ADVANCED_VALIDATION_B1/combined_reports/R4_2E_B1_NEW_STRUCTURAL_DIAGNOSTIC_CANDIDATES.csv","R4_2E_B1_NEW_STRUCTURAL_DIAGNOSTIC_CANDIDATES.csv","4692","EFF916943BEC3268863F6F8674134158B7FE703E9C3324D1ADAD0E4B58AAB7FE","MODEL OUTPUT","SUPPORTING_EVIDENCE"
"07_ADVANCED_VALIDATION_B1/combined_reports/R4_2E_B1_RELATIONAL_FIELD_DIFFERENTIATION.csv","R4_2E_B1_RELATIONAL_FIELD_DIFFERENTIATION.csv","6658","27D860B0C750A102C60DC6441C5699FF118246B18F737EF29C7D295393D6F5AF","MODEL OUTPUT","SUPPORTING_EVIDENCE"
"07_ADVANCED_VALIDATION_B1/design/R4_2E_B1_BATCH_ALLOCATION_FREEZE.md","R4_2E_B1_BATCH_ALLOCATION_FREEZE.md","1040","303C9C1C7585077F4AF2653D0B9997483434AC14AC613E7916461873A3FE0E94","FREEZE/INTEGRITY","SUPPORTING_EVIDENCE"
"07_ADVANCED_VALIDATION_B1/design/R4_2E_B1_BATCH_MANIFEST.csv","R4_2E_B1_BATCH_MANIFEST.csv","28679","4B559AAC1147F84049E0C23DD1DAC6089B051AEB44CCA616C3AFBB9CE0312D62","MODEL OUTPUT","SUPPORTING_EVIDENCE"
"07_ADVANCED_VALIDATION_B1/design/R4_2E_B1_BLIND_SUBSTANTIVE_REVIEW_INPUT.csv","R4_2E_B1_BLIND_SUBSTANTIVE_REVIEW_INPUT.csv","169712","78A48046C0A54E69EFA98C930AB665B69E80DC4019EE9D0707235ADEE4EF3E82","MODEL OUTPUT","SUPPORTING_EVIDENCE"
"07_ADVANCED_VALIDATION_B1/diagnostic_controls/R4_2E_B1_CONTROL_DIAGNOSTIC_CONSOLIDATED.csv","R4_2E_B1_CONTROL_DIAGNOSTIC_CONSOLIDATED.csv","2750","E24191FE56C154245FE26FE6617157A021E0479EE22A5D60A3B04228558A363C","MODEL OUTPUT","SUPPORTING_EVIDENCE"
"07_ADVANCED_VALIDATION_B1/diagnostic_controls/R4_2E_B1_NO_REPAIR_CONTROL_RESULTS.csv","R4_2E_B1_NO_REPAIR_CONTROL_RESULTS.csv","849","B4040C50186CD65F9A59498DD0C3024B2B98EE9B19B327E25C9BFB3BB825F28F","MODEL OUTPUT","SUPPORTING_EVIDENCE"
"07_ADVANCED_VALIDATION_B1/diagnostic_controls/R4_2E_B1_NO_REPAIR_CONTROL_RESULTS_B1_02.csv","R4_2E_B1_NO_REPAIR_CONTROL_RESULTS_B1_02.csv","545","1C03A1E8F4D2CF51ED27CCDC0DB18DF784085290602FF9C172D1BD5FE8D8D487","MODEL OUTPUT","SUPPORTING_EVIDENCE"
"07_ADVANCED_VALIDATION_B1/diagnostic_controls/R4_2E_B1_NO_REPAIR_CONTROL_RESULTS_B1_03.csv","R4_2E_B1_NO_REPAIR_CONTROL_RESULTS_B1_03.csv","771","8DBEA6968A834B7B07543146BDEF7D776E688D9B80E3E64F745977577EED3439","MODEL OUTPUT","SUPPORTING_EVIDENCE"
"07_ADVANCED_VALIDATION_B1/diagnostic_controls/R4_2E_B1_NO_REPAIR_CONTROL_RESULTS_B1_04.csv","R4_2E_B1_NO_REPAIR_CONTROL_RESULTS_B1_04.csv","1106","E0494AA69C004A36EC4586CB6BE312737236A89BD747925C0A28DA32D4EF1D02","MODEL OUTPUT","SUPPORTING_EVIDENCE"
"07_ADVANCED_VALIDATION_B1/diagnostic_controls/R4_2E_B1_NO_REPAIR_CONTROL_SAMPLE.csv","R4_2E_B1_NO_REPAIR_CONTROL_SAMPLE.csv","5145","6338C9AD2A4F3DA34A12D43B313DA091245E10B72B4CA7F47B8DD7C990DCD970","MODEL OUTPUT","SUPPORTING_EVIDENCE"
"07_ADVANCED_VALIDATION_B1/freeze_records/R4_2E_B1_BATCH_01_FREEZE_RECORD.md","R4_2E_B1_BATCH_01_FREEZE_RECORD.md","2831","E46EE3C29BEBD35BC07D73B6424844ADA10E320CC91DB9A86FD7B8E65701685E","FREEZE/INTEGRITY","SUPPORTING_EVIDENCE"
"07_ADVANCED_VALIDATION_B1/freeze_records/R4_2E_B1_BATCH_02_FREEZE_RECORD.md","R4_2E_B1_BATCH_02_FREEZE_RECORD.md","919","0E8763D333DF822FDEBF89F3897D5FC33CA7486C3AC6EE2D00A579D8D60677A8","FREEZE/INTEGRITY","SUPPORTING_EVIDENCE"
"07_ADVANCED_VALIDATION_B1/freeze_records/R4_2E_B1_BATCH_03_FREEZE_RECORD.md","R4_2E_B1_BATCH_03_FREEZE_RECORD.md","1006","AF5FC39EB78DFDAB4DF01FD0ADD6BA91B52EABF11FC8A9E429F469DA3371A2F8","FREEZE/INTEGRITY","SUPPORTING_EVIDENCE"
"07_ADVANCED_VALIDATION_B1/freeze_records/R4_2E_B1_BATCH_04_FREEZE_RECORD.md","R4_2E_B1_BATCH_04_FREEZE_RECORD.md","6583","283A43EDD3493E3DA1C2BA2B76737261BB03246F0EEF5CD5C4DCCFCE9C0254BD","FREEZE/INTEGRITY","SUPPORTING_EVIDENCE"
"08_ACTION_SENSITIVITY_AUDIT/R4_2E_B1_ACTION_SENSITIVITY_AUDIT.csv","R4_2E_B1_ACTION_SENSITIVITY_AUDIT.csv","101776","74CABE78A77DC47728C17FAAC7BCA24C54E26FB492DD74ED0B39681A73CC6604","MODEL OUTPUT","AUTHORITATIVE_SOURCE"
"08_ACTION_SENSITIVITY_AUDIT/R4_2E_B1_ACTION_SENSITIVITY_SUMMARY.csv","R4_2E_B1_ACTION_SENSITIVITY_SUMMARY.csv","1753","2A4FD88714F6360A73B1B24211B0C41D74394A3BA927C031984B4F0D5F02B1C4","MODEL OUTPUT","AUTHORITATIVE_SOURCE"
"08_ACTION_SENSITIVITY_AUDIT/R4_VARIABLE_REDUNDANCY_AUDIT.csv","R4_VARIABLE_REDUNDANCY_AUDIT.csv","3044","7B3A69D2EF570BE545DDE1A40EB135C65B842909A088D217F0966C9D80814623","MODEL OUTPUT","AUTHORITATIVE_SOURCE"
"08_ACTION_SENSITIVITY_AUDIT/README_ACTION_SENSITIVITY.md","README_ACTION_SENSITIVITY.md","2195","5872417E9DA028DCC48664F27EFBA4C26EBDE02B3FAD2CC3C6FAEBC78E9B08F6","PACKAGE_DOCUMENTATION","AUTHORITATIVE_FINAL"
"09_MODEL_PROVENANCE/R4_AI_EXECUTION_LOG.csv","R4_AI_EXECUTION_LOG.csv","21256","EE8104890DCA4A140CE4BDAF6529EA4B4E8DAF8DE32DB0058254BD8AF5FD5789","PROVENANCE","SUPPORTING_EVIDENCE"
"09_MODEL_PROVENANCE/R4_GIT_SYNC_LOG.md","R4_GIT_SYNC_LOG.md","2544","C77FDB4D976465F16380EDA8557BCED440069CCF2DFE3CD26C68112C76302DCE","PROVENANCE","SUPPORTING_EVIDENCE"
"09_MODEL_PROVENANCE/R4_MODEL_ESCALATION_LOG.csv","R4_MODEL_ESCALATION_LOG.csv","1382","1780DDF60915AC75488D099BFEA35FECC87111D91466945E6D44C9F0AE8F53A3","PROVENANCE","SUPPORTING_EVIDENCE"
"09_MODEL_PROVENANCE/R4_SESSION_CHECKPOINT_2026-09-26.md","R4_SESSION_CHECKPOINT_2026-09-26.md","1472","32FB4E52EDA3106E8BBE88C7C9AB8F1AEC26D47C1727793834217E30B61DA6E8","PROVENANCE","SUPPORTING_EVIDENCE"
"09_MODEL_PROVENANCE/README_MODEL_PROVENANCE.md","README_MODEL_PROVENANCE.md","2475","A81FD785DCDAC2E0442A8C7A947B87CCF419AD69218B2E4F08B071DC0517AD23","PACKAGE_DOCUMENTATION","AUTHORITATIVE_FINAL"
"10_FREEZE_AND_INTEGRITY/R4_BASELINE_FREEZE_RECORD.md","R4_BASELINE_FREEZE_RECORD.md","3292","884590B0DECCB6759165D630302304439F098F6286CFB23F6E6FECC992956DE4","FREEZE/INTEGRITY","AUTHORITATIVE_FINAL"
"10_FREEZE_AND_INTEGRITY/R4_DIGITAL_STRUCTURAL_VALIDATION_FREEZE_RECORD.md","R4_DIGITAL_STRUCTURAL_VALIDATION_FREEZE_RECORD.md","12270","B661EB5E12FDFF297BBBB28EC87AD333DF311F75D95B5CF0536C5B36C6217C38","FREEZE/INTEGRITY","AUTHORITATIVE_FINAL"
"10_FREEZE_AND_INTEGRITY/R4_DIGITAL_STRUCTURAL_VALIDATION_MANIFEST.csv","R4_DIGITAL_STRUCTURAL_VALIDATION_MANIFEST.csv","5636","91215E9000FF7A5739AE0599F3ABC3F798BA3DA808AE3FAD2147A423618F389B","FREEZE/INTEGRITY","AUTHORITATIVE_FINAL"
"10_FREEZE_AND_INTEGRITY/R4_PRE_R4_2_CHECKPOINT.md","R4_PRE_R4_2_CHECKPOINT.md","4143","64D87FD7F009BB2D2DD7909F2BD4313B2342F78E0446725CA6CEECAD294F8674","FREEZE/INTEGRITY","AUTHORITATIVE_FINAL"
"10_FREEZE_AND_INTEGRITY/README_INTEGRITY.md","README_INTEGRITY.md","2281","D2EAE1873592CC5E7E550CB65E097C0E807B0AA443CA1B596D58F39D79E72435","PACKAGE_DOCUMENTATION","AUTHORITATIVE_FINAL"
"10_FREEZE_AND_INTEGRITY/superseded_preserved/R4_2E_B1_ACTION_SENSITIVITY_AUDIT_v1_PROVENANCE_SUPERSEDED.csv","R4_2E_B1_ACTION_SENSITIVITY_AUDIT_v1_PROVENANCE_SUPERSEDED.csv","82757","9F00B47BF7217E38697F48E36ABB3AC5B0ADD442AF0E5CE8F0653BBDB5D2184B","SUPPORTING ARCHIVE","SUPERSEDED_PRESERVED"
"10_FREEZE_AND_INTEGRITY/superseded_preserved/R4_2E_B1_ADVANCED_VALIDATION_B1_01_v1_SCHEMA_DEFECT.csv","R4_2E_B1_ADVANCED_VALIDATION_B1_01_v1_SCHEMA_DEFECT.csv","32880","5CD40A975BCF642DE4941BA8F7FC28877BFB6BC4F2309CFC0EA9C94AEA66F4E0","SUPPORTING ARCHIVE","SUPERSEDED_PRESERVED"
"10_FREEZE_AND_INTEGRITY/superseded_preserved/R4_2E_B1_ADVANCED_VALIDATION_B1_04_v1_PROVENANCE_SUPERSEDED.csv","R4_2E_B1_ADVANCED_VALIDATION_B1_04_v1_PROVENANCE_SUPERSEDED.csv","40870","8651E54BB033FC5F2AD5C2594F2B355FFCA6189777FF436E11C73574545E2D22","SUPPORTING ARCHIVE","SUPERSEDED_PRESERVED"
"10_FREEZE_AND_INTEGRITY/superseded_preserved/R4_2E_B1_FAMILY_TEMPLATE_VALIDATION_B1_01_v1_SCHEMA_DEFECT.csv","R4_2E_B1_FAMILY_TEMPLATE_VALIDATION_B1_01_v1_SCHEMA_DEFECT.csv","9512","41506C5F0E20D60A46620BF2D71227633EB8539AFC11BD23552C84D56BFBBA5E","SUPPORTING ARCHIVE","SUPERSEDED_PRESERVED"
"10_FREEZE_AND_INTEGRITY/superseded_preserved/R4_2E_B1_INDIVIDUAL_CASE_DECISIONS_B1_01_v1_SCHEMA_DEFECT.csv","R4_2E_B1_INDIVIDUAL_CASE_DECISIONS_B1_01_v1_SCHEMA_DEFECT.csv","7111","C2AB830975EB354C7BC30B6F871DBDCBDB1271FF29B0C84AA19D187C5A75C4CD","SUPPORTING ARCHIVE","SUPERSEDED_PRESERVED"
"11_REPRODUCIBILITY/README_REPRODUCIBILITY.md","README_REPRODUCIBILITY.md","4270","3D23886FF20FE3D0019CF6FB630B03F041E111E3468E2EBEF58453775BEA9244","PACKAGE_DOCUMENTATION","AUTHORITATIVE_FINAL"
"11_REPRODUCIBILITY/apply_r4_claude_provenance_correction.py","apply_r4_claude_provenance_correction.py","4611","CD750E7F51DD6F3A9F98140104CE9E79B52C7FD6443EEE87158DD21D74103432","REPRODUCIBILITY","REPRODUCIBILITY_SUPPORT"
"11_REPRODUCIBILITY/build_envio_r4_docs.py","build_envio_r4_docs.py","31429","43087D6014D25728949D7B5F57530F005E45DFD865098CDFE80FA13F62833DAF","REPRODUCIBILITY","REPRODUCIBILITY_SUPPORT"
"11_REPRODUCIBILITY/build_envio_r4_manifest.py","build_envio_r4_manifest.py","4219","0C736752AC1530A64BA10E3EF13414EB103E564B48B22F508DA7CA251D0201EB","REPRODUCIBILITY","REPRODUCIBILITY_SUPPORT"
"11_REPRODUCIBILITY/build_envio_r4_to_david_package.py","build_envio_r4_to_david_package.py","32043","E2E3816FEF67D572791ED4096CA457FF205B4BA3B8AA6601F7DFF22248744A68","REPRODUCIBILITY","REPRODUCIBILITY_SUPPORT"
"11_REPRODUCIBILITY/build_r4_1_structural_corpus.ps1","build_r4_1_structural_corpus.ps1","14549","43BFABF886AAB76F84F0EC48277AD37FEF7F24FA003B459B17DFA0BF9D9C8A1B","REPRODUCIBILITY","REPRODUCIBILITY_SUPPORT"
"11_REPRODUCIBILITY/build_r4_2_history_inventory.ps1","build_r4_2_history_inventory.ps1","4166","CFEF3D86CC09D7071007755209CE5E9E5DE2374967F5961A82F2E89FD91DD3E4","REPRODUCIBILITY","REPRODUCIBILITY_SUPPORT"
"11_REPRODUCIBILITY/build_r4_2_structural_extraction.ps1","build_r4_2_structural_extraction.ps1","24211","DB8A815FBD7D5B4A9BE6B1EB81B2CDA375B38C5E72F72CDCB3D3021AF67F8D9C","REPRODUCIBILITY","REPRODUCIBILITY_SUPPORT"
"11_REPRODUCIBILITY/build_r4_2b_human_review_interface.ps1","build_r4_2b_human_review_interface.ps1","20979","560519369493F275AA76E84F99EFFBB1EF43315EFB944883CFC519D0A18BCB17","REPRODUCIBILITY","REPRODUCIBILITY_SUPPORT"
"11_REPRODUCIBILITY/build_r4_2b_qa_package.ps1","build_r4_2b_qa_package.ps1","16721","28F0151A8143E5D2BB18C827B54324962E13CCC9EB4F27F188B95F0031518163","REPRODUCIBILITY","REPRODUCIBILITY_SUPPORT"
"11_REPRODUCIBILITY/build_r4_2c_calibrated_qa.ps1","build_r4_2c_calibrated_qa.ps1","39506","3AF41C024222EBDC01E23B8E96E4815189043A43D60B3041CEA81CF8BD1FE1F5","REPRODUCIBILITY","REPRODUCIBILITY_SUPPORT"
"11_REPRODUCIBILITY/build_r4_2cr_true_terra_review.ps1","build_r4_2cr_true_terra_review.ps1","34777","933430725CCDB6124D53756AF0EA01A85E0E9E56BF475DE0F6C29FD7FDA2CBC5","REPRODUCIBILITY","REPRODUCIBILITY_SUPPORT"
"11_REPRODUCIBILITY/build_r4_2d_human_diagnostic_completed.ps1","build_r4_2d_human_diagnostic_completed.ps1","25055","C574DB2A6A555A9A475A42BF92FF9A7BE2BD3AAF0C863E6B808A83D1BD5363C6","REPRODUCIBILITY","REPRODUCIBILITY_SUPPORT"
"11_REPRODUCIBILITY/build_r4_2d_human_diagnostic_panel.ps1","build_r4_2d_human_diagnostic_panel.ps1","20878","BF73DD6C08B3362E6A2AE0E49D89FA30B1F24765D7120993EDF593074CBEC03F","REPRODUCIBILITY","REPRODUCIBILITY_SUPPORT"
"11_REPRODUCIBILITY/build_r4_2e_a_repair_candidate_identification.ps1","build_r4_2e_a_repair_candidate_identification.ps1","35314","523B6E6F0978776A4CB2AB6461FBC59BE76295A6EB205D58114C1E65F15FEDC9","REPRODUCIBILITY","REPRODUCIBILITY_SUPPORT"
"11_REPRODUCIBILITY/build_r4_2e_b0_repair_strategy_compression.ps1","build_r4_2e_b0_repair_strategy_compression.ps1","34360","3BC10B98BEBD2DACD1535641A86D3922D0223E9A497DA23BE835853EC334F64D","REPRODUCIBILITY","REPRODUCIBILITY_SUPPORT"
"11_REPRODUCIBILITY/build_r4_2e_b1_batch01_validation.ps1","build_r4_2e_b1_batch01_validation.ps1","18869","55D16EDCA30287108CBC62CAC5B14182B50275946A9AE4ABA85F616F20793FEC","REPRODUCIBILITY","REPRODUCIBILITY_SUPPORT"
"11_REPRODUCIBILITY/build_r4_2e_b1_batch02_validation.ps1","build_r4_2e_b1_batch02_validation.ps1","11001","70DF7E904E07453E1D6E6C98F657E847C2423BC64F75114827101E3D9EAC3936","REPRODUCIBILITY","REPRODUCIBILITY_SUPPORT"
"11_REPRODUCIBILITY/build_r4_2e_b1_batch03_control_results.ps1","build_r4_2e_b1_batch03_control_results.ps1","1880","B356DC16D1DCD485C9F965B65A76C01820A6E5292B85979CD8F1059F697AEF07","REPRODUCIBILITY","REPRODUCIBILITY_SUPPORT"
"11_REPRODUCIBILITY/build_r4_2e_b1_batch03_validation.ps1","build_r4_2e_b1_batch03_validation.ps1","21441","07EA4620116E40BB2D685F16F545721A62ADB7BCFFFEE382343153B301BC6B4F","REPRODUCIBILITY","REPRODUCIBILITY_SUPPORT"
"11_REPRODUCIBILITY/build_r4_2e_b1_batch04_control_results.py","build_r4_2e_b1_batch04_control_results.py","3597","C3DBD58C2DCD066D2194EA6F11530BDDBA3DC7427300ECB485EF78937770326B","REPRODUCIBILITY","REPRODUCIBILITY_SUPPORT"
"11_REPRODUCIBILITY/build_r4_2e_b1_batch04_validation.py","build_r4_2e_b1_batch04_validation.py","35677","057F1ABA934A48755E25E5B3CA86F6BDAD4D84873236C75E37C5DFA43B6EC2D3","REPRODUCIBILITY","REPRODUCIBILITY_SUPPORT"
"11_REPRODUCIBILITY/build_r4_2e_b1_batch_allocation.ps1","build_r4_2e_b1_batch_allocation.ps1","11221","37C07E288088A3FC94BDAF6F30B423DCAB6C010222F426DF9C3FFEC0BBD2029E","REPRODUCIBILITY","REPRODUCIBILITY_SUPPORT"
"11_REPRODUCIBILITY/build_r4_2e_b1_final_consolidation.py","build_r4_2e_b1_final_consolidation.py","9802","F819C8D4257CE0AA5874E23874B7A7DB709A51CF97C16C15F3F4D2D8C9B4BE1E","REPRODUCIBILITY","REPRODUCIBILITY_SUPPORT"
"11_REPRODUCIBILITY/build_r4_2e_b1_new_diagnostic_candidates.py","build_r4_2e_b1_new_diagnostic_candidates.py","8564","2C247B066F2B506CBC39FEAB728C83C38A5FB4752120F42792ED32A7F97908B1","REPRODUCIBILITY","REPRODUCIBILITY_SUPPORT"
"11_REPRODUCIBILITY/build_r4_2e_b1s_action_sensitivity_audit.py","build_r4_2e_b1s_action_sensitivity_audit.py","15716","A7E89AEDC376120F18CFF86B469C288F45D59317B28EFB822309B40112168035","REPRODUCIBILITY","REPRODUCIBILITY_SUPPORT"
"11_REPRODUCIBILITY/build_r4_david_summary.py","build_r4_david_summary.py","6115","58C0BDFAEFF8B8998DAF1C882046FF6AA747ED27806817650FC62D72ED2EA533","REPRODUCIBILITY","REPRODUCIBILITY_SUPPORT"
"11_REPRODUCIBILITY/build_r4_final_manifest.py","build_r4_final_manifest.py","4750","E347393980155BC8D2517549782C3EAA43EE55009C22F45B7E2A950654ACAA74","REPRODUCIBILITY","REPRODUCIBILITY_SUPPORT"
"11_REPRODUCIBILITY/build_r4_variable_redundancy_audit.py","build_r4_variable_redundancy_audit.py","7509","143916128AAB9BD678638A3135A5D2FCC1B22BD04066B1B2C4EEA06F2C8BE914","REPRODUCIBILITY","REPRODUCIBILITY_SUPPORT"
"11_REPRODUCIBILITY/close_r4_2e_b1_batch01.ps1","close_r4_2e_b1_batch01.ps1","5542","594977C6807E0A3E054F2E04B19B5935FBBFD8ED3D42B991D83C12CF96D22066","REPRODUCIBILITY","REPRODUCIBILITY_SUPPORT"
"12_ARCHIVE_SUPPORT/PROTOCOLO_USO_IA_R1_R3_PRE_R4_v1_1.docx","PROTOCOLO_USO_IA_R1_R3_PRE_R4_v1_1.docx","50773","89CE912545063B41EA37532D32E93F800D6AEAE8BA0A4FE7BC0EA860B289163B","SUPPORTING ARCHIVE","SUPPORTING_EVIDENCE"
"12_ARCHIVE_SUPPORT/R4_INITIAL_METHOD_NOTE.md","R4_INITIAL_METHOD_NOTE.md","7767","5A34F25DF7405D39A547E64D1B8C30F149FB91E52610150E155F7371CEED267F","SUPPORTING ARCHIVE","SUPPORTING_EVIDENCE"
"12_ARCHIVE_SUPPORT/R4_INITIAL_SETUP_PROMPT_VERBATIM.txt","R4_INITIAL_SETUP_PROMPT_VERBATIM.txt","24522","4C152338D6C24EC44F14707931B8BC05338A3A54DE6D0CC7FCF0168E5C4762D0","SUPPORTING ARCHIVE","SUPPORTING_EVIDENCE"
"12_ARCHIVE_SUPPORT/R4_PREEXISTING_R4_2_CHANGE_AUDIT.csv","R4_PREEXISTING_R4_2_CHANGE_AUDIT.csv","60584","ABD7829480768C4187F5C3BFACBED37EB26442A4ED5561311D4A272395EB1BE2","SUPPORTING ARCHIVE","SUPPORTING_EVIDENCE"
"12_ARCHIVE_SUPPORT/R4_R3_BASELINE_MANIFEST.md","R4_R3_BASELINE_MANIFEST.md","10314","AE38446DA88A5898EC790FCE654FDB7123DDEFFAFB7A31C725D7014148D2E65C","SUPPORTING ARCHIVE","SUPPORTING_EVIDENCE"
"12_ARCHIVE_SUPPORT/R4_R3_HISTORICAL_INTEGRATION_REPORT.md","R4_R3_HISTORICAL_INTEGRATION_REPORT.md","11292","140E3C940558D3761DCF497EE5A24473D611CE71A50F717632D1E9DBEFA30FBC","SUPPORTING ARCHIVE","SUPPORTING_EVIDENCE"
"12_ARCHIVE_SUPPORT/R4_R3_HISTORY_ARCHIVE_METADATA.json","R4_R3_HISTORY_ARCHIVE_METADATA.json","811","0500CDA9A90E7E5D222493AED11B8566218A71DCF734A15D2A7393B7CB1C1EAB","SUPPORTING ARCHIVE","SUPPORTING_EVIDENCE"
"12_ARCHIVE_SUPPORT/R4_R3_HISTORY_FILE_INVENTORY.csv","R4_R3_HISTORY_FILE_INVENTORY.csv","59196","FC09257ED182F3281697498D47ABE0F47110DFE22C90B6B25AA60993ED5CA5FC","SUPPORTING ARCHIVE","SUPPORTING_EVIDENCE"
"12_ARCHIVE_SUPPORT/R4_R3_RECONCILIATION.csv","R4_R3_RECONCILIATION.csv","2230","9F4B54A625D63ECBE15AC23E132D33A76005096AE9306B340125D2827D262EEF","SUPPORTING ARCHIVE","SUPPORTING_EVIDENCE"
"12_ARCHIVE_SUPPORT/R4_R3_TO_R4_INTEGRATION_MAP.csv","R4_R3_TO_R4_INTEGRATION_MAP.csv","3514","7EDE327CB491CB11C72B7559F975C17B2C0176D4891E8A5C6A5EB6C372900155","SUPPORTING ARCHIVE","SUPPORTING_EVIDENCE"
"12_ARCHIVE_SUPPORT/R4_WORKSPACE_STRUCTURE.md","R4_WORKSPACE_STRUCTURE.md","1551","95F85BF4887C7A2C4400D1ABACCC4A6C6F51838EFE61A89A1FE44B6952E1FB59","SUPPORTING ARCHIVE","SUPPORTING_EVIDENCE"
"12_ARCHIVE_SUPPORT/README_ARCHIVE_SUPPORT.md","README_ARCHIVE_SUPPORT.md","1819","520D114E9CE39CBC6C334890AD4D681A093E1E570541C26617ACEE7E0DDE3ABE","PACKAGE_DOCUMENTATION","AUTHORITATIVE_FINAL"
